employee_id,attrition_date,reason,rejoin_eligibility
39374,2021-10-16 05:48:27,Personal,0
3551,2020-11-10 22:50:17,Performance,0
20487,2022-01-02 21:00:37,Performance,0
15179,2020-09-02 18:48:23,Better Offer,0
8865,2024-06-06 14:46:07,Better Offer,0
15271,2022-03-15 07:21:26,Relocation,0
11144,2020-02-27 18:43:25,Relocation,0
15845,2021-05-15 09:55:48,Personal,0
22196,2020-05-02 07:18:41,Better Offer,1
16593,2020-10-21 14:31:39,Performance,1
24451,2022-06-26 06:38:03,Higher Studies,1
22410,2020-04-29 03:42:42,Better Offer,1
20309,2023-12-18 21:19:37,Relocation,0
33629,2025-10-13 10:56:09,Better Offer,0
4272,2021-07-14 18:13:30,Better Offer,0
19826,2020-04-24 08:03:06,Better Offer,0
41877,2022-09-02 16:20:33,Relocation,0
29127,2024-05-28 03:59:56,Higher Studies,0
28364,2024-01-08 12:09:29,Better Offer,0
25192,2021-03-24 23:29:15,Performance,0
19064,2021-09-19 18:13:20,Better Offer,0
36114,2020-09-12 14:21:05,Personal,0
38058,2024-08-27 05:27:31,Better Offer,0
28003,2020-05-29 19:55:18,Performance,0
16357,2022-05-16 23:35:51,Performance,0
726,2021-05-05 10:25:40,Personal,1
33606,2025-01-23 03:22:37,Better Offer,0
42150,2023-06-02 13:39:15,Better Offer,0
35133,2021-09-12 21:11:54,Better Offer,0
7408,2020-10-05 09:58:08,Personal,0
35871,2025-10-06 13:31:00,Performance,1
26764,2024-09-06 13:02:41,Performance,0
7841,2025-04-25 19:57:20,Health,0
17676,2023-06-11 05:07:43,Personal,1
15366,2025-10-29 08:53:37,Performance,1
29417,2021-11-23 19:52:45,Personal,1
11005,2020-01-19 01:25:48,Better Offer,1
15299,2020-10-18 15:37:38,Personal,0
6742,2021-10-20 04:10:12,Performance,0
21547,2020-06-30 14:20:31,Performance,0
2403,2023-05-08 16:49:22,Performance,1
27486,2023-12-30 04:54:16,Health,0
27380,2022-09-04 00:01:55,Personal,0
6215,2022-07-27 15:46:45,Performance,0
31002,2021-06-05 07:23:13,Relocation,0
10551,2022-03-24 07:42:20,Performance,1
32185,2019-09-19 01:43:22,Higher Studies,0
9605,2022-05-28 00:32:27,Health,1
40475,2024-02-01 00:33:31,Better Offer,1
23976,2023-04-10 18:01:23,Higher Studies,0
29011,2022-12-20 00:15:48,Better Offer,0
21023,2020-07-17 10:17:39,Health,0
17162,2024-12-01 00:51:10,Performance,0
2503,2023-03-06 04:35:19,Relocation,1
12967,2022-10-02 03:07:58,Better Offer,0
2601,2024-05-04 20:28:28,Better Offer,0
12784,2022-12-21 18:46:13,Better Offer,1
13191,2020-07-19 22:23:15,Higher Studies,0
28083,2024-12-25 13:25:31,Higher Studies,0
15657,2021-10-21 23:19:23,Better Offer,0
21408,2020-02-20 22:15:28,Better Offer,1
11766,2025-07-28 10:02:19,Better Offer,1
15808,2020-12-26 22:28:01,Performance,1
3264,2025-04-01 08:48:24,Better Offer,0
22870,2021-08-30 00:02:45,Better Offer,0
7392,2023-07-26 21:04:41,Health,1
21052,2021-12-25 02:02:56,Personal,1
6914,2024-02-21 02:11:32,Performance,0
15028,2024-06-14 09:38:21,Performance,0
21923,2025-01-25 21:15:55,Performance,0
2096,2024-04-05 14:58:38,Better Offer,0
34279,2020-03-18 09:23:56,Health,0
25489,2024-05-24 10:57:16,Better Offer,0
27677,2022-03-08 00:17:46,Better Offer,0
16868,2021-07-06 19:31:44,Personal,1
29307,2025-05-01 10:44:13,Better Offer,0
20945,2020-07-30 13:44:52,Better Offer,0
37534,2025-02-26 20:15:12,Better Offer,1
11118,2019-08-31 20:32:41,Personal,0
37165,2022-10-27 00:17:21,Higher Studies,0
25375,2022-08-17 00:56:22,Better Offer,0
28671,2021-08-12 05:28:18,Relocation,1
23562,2021-02-26 21:04:26,Better Offer,0
3164,2021-03-20 11:27:24,Better Offer,1
19208,2024-07-25 17:51:45,Higher Studies,1
7887,2020-01-10 05:56:40,Better Offer,0
14960,2024-01-22 19:19:22,Health,0
903,2022-05-12 04:17:57,Personal,0
15527,2019-07-25 02:33:06,Personal,0
1809,2021-04-26 04:10:46,Better Offer,0
31622,2025-03-10 19:46:37,Better Offer,0
16075,2022-09-03 07:24:29,Better Offer,0
29383,2020-07-27 02:53:06,Health,0
41902,2021-02-13 01:44:31,Performance,0
38960,2022-12-09 21:53:35,Performance,1
33418,2021-11-24 09:30:03,Higher Studies,0
19747,2025-07-31 14:11:15,Better Offer,0
8177,2022-04-10 14:52:09,Performance,0
29982,2024-07-13 05:29:18,Performance,0
43023,2023-05-24 00:47:18,Higher Studies,0
10047,2023-08-09 02:36:42,Better Offer,1
18863,2024-01-31 02:16:10,Better Offer,0
36137,2025-09-02 21:33:47,Performance,0
22411,2024-11-04 13:37:34,Higher Studies,0
20358,2024-01-15 08:59:24,Performance,0
8857,2023-06-13 23:30:12,Health,1
37323,2022-04-18 03:59:48,Better Offer,1
37774,2024-04-06 11:30:18,Performance,0
16102,2020-08-30 09:18:08,Better Offer,0
37000,2020-10-30 22:18:41,Better Offer,0
31051,2020-05-04 17:16:04,Performance,0
25521,2019-11-12 00:36:24,Higher Studies,0
3850,2024-09-25 04:33:46,Better Offer,0
36091,2024-09-30 01:02:07,Performance,0
32706,2023-08-09 00:57:19,Performance,0
2072,2024-12-27 21:55:30,Better Offer,1
13966,2024-04-18 07:48:59,Better Offer,0
8221,2022-09-02 05:12:20,Better Offer,0
5699,2024-08-14 15:28:19,Better Offer,0
6012,2024-05-10 15:03:08,Better Offer,0
19973,2025-02-21 05:26:37,Relocation,0
27220,2020-06-04 16:28:51,Better Offer,0
31783,2024-12-24 18:11:11,Personal,0
11251,2021-06-18 06:00:50,Better Offer,0
39917,2020-03-23 09:11:39,Better Offer,1
16344,2023-11-23 01:03:01,Better Offer,1
25512,2020-12-27 02:56:49,Better Offer,0
11039,2021-02-26 16:08:47,Relocation,0
23757,2021-11-25 07:47:29,Personal,0
17610,2022-08-16 19:15:59,Performance,0
30774,2025-08-26 20:31:12,Better Offer,0
11216,2022-11-14 03:41:38,Health,0
34240,2019-08-12 08:14:54,Better Offer,0
2129,2022-08-02 03:50:02,Better Offer,0
18686,2020-11-18 04:11:18,Better Offer,0
10711,2021-09-07 11:33:31,Better Offer,0
619,2020-09-05 16:56:20,Performance,0
33926,2022-03-25 04:03:27,Better Offer,0
20628,2021-07-05 03:29:49,Health,0
15368,2020-05-05 08:04:21,Performance,0
10038,2024-02-14 13:27:27,Better Offer,0
33822,2022-02-08 07:16:50,Better Offer,0
38648,2023-04-27 18:05:34,Better Offer,1
25570,2022-02-19 16:34:35,Personal,1
38241,2022-11-07 10:04:01,Performance,0
25080,2019-08-29 19:06:41,Better Offer,0
23880,2021-12-18 14:48:05,Relocation,0
19456,2024-04-01 03:26:45,Personal,1
3707,2024-02-16 03:38:48,Performance,0
32475,2020-01-06 07:46:28,Performance,0
13967,2022-05-17 08:31:30,Personal,0
16448,2020-10-28 04:13:08,Better Offer,0
27738,2023-05-04 23:09:29,Performance,0
26661,2020-06-02 09:19:20,Personal,0
26256,2025-01-18 15:44:18,Personal,0
16287,2021-05-16 10:19:11,Better Offer,0
35099,2020-05-06 04:10:23,Better Offer,0
25515,2019-10-21 11:45:20,Personal,0
35268,2020-06-19 07:45:22,Personal,0
13188,2023-04-30 15:29:21,Better Offer,0
19190,2023-08-29 07:01:50,Better Offer,0
24298,2025-07-09 18:25:18,Personal,0
259,2021-02-18 05:27:26,Better Offer,0
2360,2022-05-19 15:04:26,Personal,0
26744,2023-09-12 19:00:52,Performance,0
8441,2021-09-20 12:36:12,Performance,0
15263,2021-07-18 02:06:57,Better Offer,0
39987,2024-08-04 23:39:21,Performance,1
16412,2024-11-12 20:00:34,Relocation,0
31670,2023-10-17 07:56:35,Health,0
40296,2023-04-14 11:03:52,Higher Studies,0
26482,2020-01-06 07:47:27,Better Offer,1
12406,2019-12-14 06:52:11,Relocation,0
34454,2024-06-25 10:46:41,Higher Studies,0
18341,2020-05-13 05:47:35,Better Offer,0
15350,2024-12-05 12:12:13,Relocation,0
7435,2024-01-01 19:45:21,Performance,1
4937,2025-03-10 23:28:05,Better Offer,0
1357,2021-06-10 03:37:15,Higher Studies,0
20929,2024-12-20 12:33:13,Personal,0
2504,2025-01-06 02:08:18,Better Offer,1
32113,2019-10-27 07:29:49,Performance,0
1208,2024-12-28 09:03:01,Better Offer,0
36526,2023-01-11 16:06:01,Better Offer,0
17804,2025-06-08 15:54:02,Better Offer,1
19684,2023-04-25 21:23:09,Better Offer,1
17914,2023-01-05 01:28:05,Better Offer,0
29674,2024-06-30 00:09:51,Personal,0
16096,2023-06-23 14:20:59,Personal,0
26972,2022-11-20 13:24:20,Relocation,1
13799,2023-08-04 20:04:06,Better Offer,0
1151,2020-07-14 11:51:11,Relocation,0
18477,2020-07-19 13:22:56,Performance,0
32978,2021-04-15 08:48:20,Relocation,0
39174,2022-09-26 03:36:35,Better Offer,1
36679,2021-04-29 00:25:08,Better Offer,0
13491,2023-07-28 09:08:09,Better Offer,1
8833,2022-06-27 23:52:47,Better Offer,1
15532,2019-09-23 09:38:09,Relocation,1
31360,2024-01-30 17:09:07,Better Offer,0
21125,2024-06-02 21:07:17,Relocation,0
18604,2022-02-24 00:40:52,Better Offer,0
14810,2024-11-22 17:35:18,Better Offer,0
1951,2021-11-16 18:12:50,Personal,0
34399,2025-05-05 12:53:18,Better Offer,0
12172,2022-12-09 14:19:34,Higher Studies,0
10299,2023-01-11 15:55:53,Performance,1
41253,2021-02-13 17:07:58,Relocation,1
30088,2022-03-28 05:45:54,Better Offer,0
35574,2022-01-27 01:06:29,Health,0
28091,2023-10-26 08:58:12,Better Offer,0
26295,2021-11-19 20:30:51,Better Offer,0
42397,2020-06-20 16:11:08,Relocation,0
31402,2021-11-29 17:03:28,Better Offer,0
21470,2022-10-26 05:46:29,Better Offer,0
35900,2020-12-02 00:19:44,Personal,0
26220,2022-04-14 03:52:39,Better Offer,1
2822,2025-04-03 17:20:15,Higher Studies,1
31313,2019-10-15 17:27:57,Performance,0
32487,2025-09-21 14:53:22,Better Offer,0
25068,2020-08-25 19:31:43,Better Offer,0
34337,2022-09-30 09:00:18,Performance,1
21014,2021-03-12 18:57:08,Relocation,1
69,2023-06-17 09:23:49,Better Offer,0
11183,2020-05-29 20:44:30,Personal,1
13715,2022-11-01 13:13:53,Higher Studies,1
13691,2019-11-15 04:43:24,Personal,0
36908,2023-09-21 20:39:01,Personal,0
18212,2022-09-05 10:30:51,Better Offer,0
753,2025-07-06 19:46:54,Better Offer,0
33363,2020-07-08 18:22:53,Better Offer,0
19393,2021-03-11 09:40:29,Better Offer,0
41923,2022-01-15 22:17:46,Performance,0
23935,2022-06-03 07:57:24,Personal,0
6779,2025-10-15 14:43:54,Performance,1
41951,2022-05-12 06:18:33,Better Offer,0
28652,2021-03-21 09:03:38,Better Offer,0
10121,2025-01-13 15:34:21,Relocation,0
6622,2020-02-14 03:50:49,Better Offer,0
12996,2023-09-24 21:21:50,Better Offer,1
34338,2022-02-16 23:41:30,Better Offer,0
23367,2025-09-21 02:11:06,Higher Studies,0
25091,2023-10-16 20:31:27,Health,0
19943,2025-08-20 12:21:05,Personal,1
35968,2019-10-18 21:41:41,Better Offer,0
2642,2020-02-29 22:31:24,Better Offer,1
21721,2024-05-11 17:55:55,Higher Studies,0
5417,2020-06-11 13:06:47,Better Offer,1
14367,2021-03-18 13:46:50,Better Offer,0
26966,2021-11-19 05:36:19,Relocation,0
31085,2020-05-29 16:59:15,Performance,0
41023,2021-05-16 15:07:25,Better Offer,1
29605,2021-10-17 20:59:44,Better Offer,0
11142,2025-01-30 16:05:02,Performance,0
13672,2020-06-09 12:36:29,Better Offer,0
17616,2020-03-27 04:02:12,Performance,0
39992,2022-12-18 08:32:58,Personal,0
9259,2023-10-08 18:00:41,Better Offer,0
12147,2025-06-15 00:42:50,Performance,0
42639,2021-01-27 22:16:54,Better Offer,0
16576,2024-11-28 03:14:58,Performance,0
17167,2025-04-28 21:51:53,Higher Studies,0
41648,2025-08-09 19:45:28,Relocation,0
26579,2021-02-05 17:45:50,Better Offer,0
9976,2023-12-31 20:02:21,Better Offer,0
42690,2023-01-14 01:55:16,Personal,0
35,2020-07-20 04:02:58,Performance,1
15031,2023-06-26 11:10:18,Better Offer,0
22319,2024-05-15 00:22:49,Health,1
33044,2023-04-20 09:11:09,Performance,0
21030,2024-09-23 02:53:54,Better Offer,0
5413,2022-11-21 09:32:47,Better Offer,1
20423,2020-05-03 23:02:14,Higher Studies,1
41556,2022-12-04 14:00:39,Health,1
2814,2021-04-22 08:16:35,Better Offer,0
22495,2021-08-22 14:27:10,Relocation,1
33431,2021-07-08 15:25:22,Performance,0
17405,2024-10-22 20:37:23,Better Offer,0
12327,2020-11-15 23:01:32,Better Offer,0
19682,2024-11-04 10:39:46,Better Offer,1
446,2020-06-05 01:22:22,Personal,0
21877,2020-04-21 12:31:07,Performance,0
14275,2023-05-18 11:11:07,Performance,0
43113,2021-08-25 21:23:39,Better Offer,0
13448,2024-01-19 02:42:29,Personal,0
34844,2023-06-11 07:54:58,Personal,0
14361,2019-07-31 09:52:14,Better Offer,1
35852,2021-11-09 15:20:29,Better Offer,0
25433,2024-06-04 13:23:43,Personal,0
812,2024-10-27 02:03:45,Relocation,0
42602,2020-12-25 19:21:32,Performance,0
9347,2023-08-03 18:37:37,Better Offer,1
30003,2022-08-31 17:44:44,Personal,0
28237,2021-10-15 06:34:01,Better Offer,1
25715,2020-11-30 20:56:48,Performance,0
14159,2023-09-16 10:16:52,Better Offer,0
21302,2023-04-13 02:50:32,Better Offer,1
9596,2024-08-20 18:04:27,Higher Studies,0
5516,2022-05-05 13:10:52,Better Offer,1
39268,2025-09-25 06:25:36,Higher Studies,0
5463,2019-11-04 00:24:33,Better Offer,0
17838,2024-01-22 03:40:08,Personal,0
40723,2020-02-11 14:01:25,Performance,1
22067,2020-05-24 07:41:04,Better Offer,0
36971,2021-05-10 07:06:31,Relocation,0
42655,2024-06-17 14:43:12,Relocation,0
26356,2022-05-07 17:08:18,Performance,0
21359,2022-07-10 08:18:26,Relocation,0
22743,2023-04-24 13:37:35,Better Offer,0
28537,2019-10-26 20:53:17,Personal,0
10490,2019-08-06 02:55:55,Better Offer,0
6410,2019-08-13 01:25:27,Relocation,0
28228,2024-10-14 22:46:55,Better Offer,1
14245,2025-07-03 16:54:30,Personal,0
26811,2023-06-17 13:56:37,Better Offer,1
42893,2019-09-28 09:15:08,Relocation,1
7849,2020-08-07 16:41:46,Performance,0
6399,2022-05-06 03:53:01,Performance,0
8142,2024-01-19 10:03:24,Better Offer,1
6318,2021-07-14 14:03:38,Higher Studies,0
31342,2025-05-14 19:57:14,Better Offer,1
38366,2019-07-24 12:17:43,Performance,0
14584,2025-03-12 19:19:17,Better Offer,1
8997,2022-04-07 06:41:20,Higher Studies,1
29248,2025-05-15 07:41:36,Better Offer,1
38915,2019-12-03 00:56:41,Better Offer,0
12375,2019-12-29 11:08:33,Higher Studies,0
11052,2023-01-04 06:56:21,Better Offer,0
31925,2024-04-02 22:55:11,Better Offer,1
41655,2025-05-13 12:31:45,Performance,1
2564,2020-03-10 09:14:37,Personal,1
27347,2024-03-07 12:34:57,Better Offer,0
42186,2020-11-14 00:45:40,Better Offer,1
30204,2024-06-12 09:28:21,Better Offer,0
30891,2019-10-16 12:15:04,Health,0
24257,2020-10-15 09:22:59,Personal,0
41820,2019-08-16 11:12:34,Performance,0
1582,2022-05-22 14:25:13,Better Offer,0
12621,2025-10-26 23:29:47,Health,0
6457,2020-10-13 23:42:24,Performance,0
28710,2019-11-21 20:42:07,Better Offer,0
1630,2023-10-05 18:53:38,Better Offer,0
7868,2023-03-31 05:58:40,Health,1
17903,2020-05-06 10:27:10,Better Offer,0
20875,2025-01-29 07:03:23,Performance,0
9195,2025-01-10 05:00:12,Health,0
16902,2024-11-29 16:18:40,Performance,1
20067,2024-01-13 06:56:37,Better Offer,0
9753,2020-09-03 09:46:10,Better Offer,0
3464,2022-10-18 00:11:25,Better Offer,1
28567,2025-10-12 14:01:23,Better Offer,1
26530,2021-01-10 10:26:07,Better Offer,1
36869,2025-01-24 09:00:12,Better Offer,0
8751,2023-08-18 19:51:01,Relocation,0
14767,2021-06-24 20:20:38,Relocation,0
37717,2021-11-04 12:00:12,Higher Studies,0
4817,2023-03-28 22:01:14,Relocation,0
33098,2021-12-21 16:50:22,Personal,0
4107,2021-10-09 18:58:09,Health,0
20519,2022-04-19 01:45:46,Health,1
5064,2019-07-13 13:13:32,Higher Studies,0
2733,2022-03-07 14:58:14,Higher Studies,0
18632,2020-12-15 14:19:14,Better Offer,0
27878,2022-02-06 16:25:42,Better Offer,1
17076,2025-05-01 15:21:23,Better Offer,0
11369,2024-10-10 04:43:17,Better Offer,1
20609,2024-03-19 03:15:56,Better Offer,1
7238,2020-08-30 21:13:23,Personal,0
39645,2019-12-04 21:56:13,Better Offer,0
14491,2021-05-09 11:26:33,Performance,0
12781,2020-03-13 19:41:54,Relocation,0
6664,2020-12-11 11:48:22,Better Offer,0
13825,2025-03-15 14:32:40,Better Offer,0
9895,2025-01-03 13:24:37,Better Offer,0
12255,2022-10-15 02:02:05,Health,0
39110,2021-01-24 06:04:44,Performance,1
24136,2022-11-27 11:11:02,Better Offer,1
1597,2024-05-23 07:27:28,Better Offer,0
33284,2024-10-27 04:20:45,Personal,1
36621,2020-04-24 03:16:36,Personal,0
28679,2024-03-12 21:50:35,Personal,0
27080,2022-01-09 14:31:38,Personal,0
28180,2024-04-23 03:38:49,Better Offer,0
1866,2021-11-08 04:27:28,Relocation,0
1245,2020-01-30 23:40:09,Higher Studies,0
23621,2024-09-05 07:23:52,Better Offer,0
22759,2022-04-10 10:31:39,Personal,0
15325,2020-08-30 01:19:35,Health,0
24495,2025-10-23 03:59:57,Better Offer,0
37168,2019-09-06 21:24:13,Higher Studies,0
25960,2021-10-13 17:32:27,Better Offer,0
36799,2024-08-04 23:36:49,Better Offer,1
43094,2019-12-01 19:47:36,Relocation,1
36577,2021-09-04 05:00:53,Higher Studies,1
1366,2021-01-06 02:22:35,Relocation,0
34258,2023-08-02 06:24:14,Relocation,0
40453,2025-02-18 04:49:46,Better Offer,0
27865,2025-02-07 22:16:12,Better Offer,0
31954,2019-07-20 05:09:49,Better Offer,0
20819,2024-10-22 20:01:59,Performance,0
3258,2019-11-09 13:08:56,Better Offer,0
14749,2023-09-02 23:39:35,Performance,1
253,2024-05-26 09:14:34,Personal,0
36227,2022-03-29 05:41:20,Relocation,1
32459,2024-07-10 22:16:55,Performance,0
16913,2025-10-20 17:01:04,Higher Studies,0
27547,2024-11-29 21:45:42,Better Offer,1
8199,2022-07-09 12:08:26,Higher Studies,0
19721,2021-07-02 22:00:54,Health,0
10322,2025-07-10 11:57:47,Relocation,0
25280,2021-08-08 12:33:29,Performance,0
12620,2023-07-15 13:17:19,Better Offer,1
22168,2020-04-15 10:11:50,Better Offer,1
18359,2021-12-10 15:40:07,Better Offer,0
32000,2022-05-27 04:53:45,Better Offer,0
26172,2022-02-08 17:28:44,Personal,1
18346,2021-12-26 09:02:57,Performance,0
6767,2024-05-22 09:50:12,Better Offer,1
3308,2021-04-24 21:18:22,Higher Studies,1
12895,2023-12-26 11:03:20,Performance,0
11771,2021-09-27 12:12:20,Relocation,1
1625,2021-12-04 18:00:42,Better Offer,1
28861,2021-12-15 02:34:27,Better Offer,0
25310,2023-10-05 05:02:35,Personal,0
17337,2021-07-28 07:14:57,Better Offer,0
22237,2022-04-08 00:31:34,Better Offer,1
6186,2024-12-09 16:46:17,Higher Studies,0
36106,2023-08-05 19:14:50,Higher Studies,0
35695,2025-10-24 06:47:19,Better Offer,1
21371,2024-03-04 10:29:09,Better Offer,0
4948,2022-06-24 14:50:41,Health,1
22264,2025-08-08 07:34:12,Better Offer,0
11731,2025-10-30 22:07:54,Better Offer,0
6051,2020-03-30 08:07:18,Better Offer,1
31610,2025-09-26 13:22:26,Performance,1
18755,2020-01-10 07:11:56,Relocation,0
30574,2022-05-30 00:53:29,Better Offer,1
22631,2020-01-12 21:03:27,Better Offer,1
41677,2019-11-27 22:34:21,Better Offer,0
23985,2023-04-03 01:43:38,Higher Studies,0
21089,2025-09-22 05:04:50,Relocation,0
40556,2021-11-14 03:15:38,Better Offer,0
37412,2020-03-19 16:46:12,Better Offer,1
33031,2023-07-22 05:57:09,Better Offer,0
3216,2022-01-22 09:44:22,Relocation,0
29357,2022-04-18 20:19:01,Better Offer,0
25593,2024-10-07 04:54:32,Better Offer,0
5394,2024-11-09 02:46:00,Better Offer,0
11291,2022-09-19 20:40:41,Better Offer,0
24552,2021-01-04 15:56:28,Higher Studies,0
27697,2020-03-09 01:10:04,Higher Studies,0
30410,2024-10-12 21:54:08,Performance,1
137,2023-03-03 18:37:04,Better Offer,0
5468,2025-03-05 15:14:40,Better Offer,0
3253,2019-07-10 15:03:34,Performance,1
1069,2024-08-01 12:28:08,Better Offer,0
40001,2021-11-17 16:48:34,Higher Studies,0
25663,2023-10-09 13:44:39,Health,0
7218,2024-11-26 18:12:11,Better Offer,0
35275,2020-10-11 16:19:50,Better Offer,1
17455,2021-08-24 13:30:15,Better Offer,0
6961,2020-06-02 01:33:10,Health,1
40367,2019-11-15 08:13:06,Better Offer,0
21195,2020-08-15 14:41:24,Health,1
10488,2021-11-12 13:10:11,Better Offer,1
4634,2021-01-31 16:36:20,Better Offer,0
37492,2024-04-08 00:03:56,Better Offer,0
19300,2022-08-08 22:24:04,Better Offer,0
19665,2024-03-01 07:43:37,Higher Studies,0
11108,2023-09-21 05:45:28,Better Offer,0
30968,2021-11-03 01:23:54,Personal,1
38925,2021-04-22 08:28:38,Personal,0
78,2020-03-15 17:57:04,Relocation,0
23215,2024-09-17 23:25:03,Performance,1
34651,2021-03-25 16:54:06,Relocation,0
20331,2024-02-02 16:38:52,Better Offer,1
27819,2021-11-04 17:23:20,Performance,0
1657,2020-09-05 00:34:46,Better Offer,0
12722,2022-01-29 22:47:10,Better Offer,0
29073,2022-07-08 21:43:27,Better Offer,0
38513,2023-08-26 17:17:09,Relocation,0
14471,2025-05-28 06:30:27,Health,0
8075,2024-02-23 04:33:20,Better Offer,0
17615,2022-12-13 07:49:48,Health,1
30763,2020-09-04 17:55:41,Better Offer,0
40443,2024-06-22 14:24:28,Health,0
28846,2020-09-12 10:40:23,Performance,1
27990,2024-11-18 07:00:48,Better Offer,1
24437,2022-02-08 03:15:14,Personal,0
2946,2023-06-04 19:48:18,Personal,0
13694,2022-12-23 10:57:36,Performance,0
23854,2022-11-13 06:26:11,Better Offer,0
22615,2023-03-25 15:33:18,Better Offer,1
15726,2023-08-15 18:34:13,Better Offer,0
5284,2023-07-17 04:46:40,Better Offer,0
6952,2020-07-21 10:32:03,Relocation,1
20246,2025-09-12 16:26:51,Better Offer,1
7366,2019-08-31 06:49:54,Relocation,1
2432,2025-03-17 10:33:18,Better Offer,1
5906,2023-04-18 20:42:04,Higher Studies,0
41392,2023-02-07 23:24:15,Better Offer,0
29094,2022-04-13 20:14:28,Personal,0
10293,2020-03-14 20:02:05,Better Offer,1
42536,2023-11-22 13:53:15,Higher Studies,1
36849,2025-02-23 16:34:05,Performance,0
132,2020-10-02 22:01:38,Personal,0
40124,2025-05-07 01:41:40,Relocation,0
2509,2023-09-22 05:30:06,Better Offer,0
41498,2024-08-03 05:05:01,Better Offer,0
42795,2024-09-18 07:03:25,Better Offer,0
30070,2021-05-04 07:14:53,Better Offer,1
36166,2024-02-14 18:27:14,Personal,0
25446,2022-07-15 15:49:28,Better Offer,0
9856,2021-10-07 05:32:46,Personal,0
12446,2025-08-05 12:28:44,Relocation,1
33930,2020-12-08 17:48:09,Personal,0
34790,2024-10-09 20:22:08,Health,0
312,2019-08-27 08:45:10,Better Offer,1
20260,2022-11-10 20:25:24,Better Offer,0
7450,2024-06-27 12:35:33,Performance,0
27802,2024-06-11 19:46:35,Personal,1
6852,2023-09-28 17:35:02,Better Offer,0
5472,2024-05-07 13:55:48,Better Offer,0
4749,2020-02-14 14:44:46,Better Offer,0
33544,2024-01-14 19:48:39,Better Offer,0
29100,2023-07-26 18:54:03,Personal,0
10124,2021-01-23 13:00:49,Better Offer,0
35731,2021-06-15 05:25:54,Higher Studies,0
20064,2020-09-18 05:42:04,Performance,0
29335,2020-10-10 23:11:04,Personal,0
3392,2022-08-17 16:46:51,Better Offer,0
40755,2025-09-19 11:04:42,Relocation,1
39335,2021-11-16 15:04:14,Better Offer,0
42429,2025-03-03 04:03:39,Better Offer,0
21594,2019-12-07 06:24:39,Performance,0
22789,2024-09-07 13:50:47,Better Offer,0
16532,2025-04-01 13:09:06,Relocation,1
28012,2023-04-26 10:24:45,Better Offer,0
12400,2023-02-05 04:24:52,Better Offer,1
5577,2025-01-11 09:17:49,Relocation,0
14567,2022-07-22 03:16:02,Better Offer,1
30863,2020-09-20 14:29:34,Health,1
11009,2020-11-04 17:30:11,Better Offer,0
6048,2024-01-20 02:48:59,Better Offer,0
31546,2020-04-27 02:58:34,Better Offer,0
13588,2021-02-15 15:40:17,Higher Studies,0
29049,2025-08-31 22:16:28,Performance,0
17237,2019-11-19 22:23:41,Performance,0
39033,2025-09-12 04:53:26,Better Offer,0
32590,2021-02-26 06:01:39,Better Offer,0
9318,2020-10-13 14:42:02,Performance,0
5073,2021-08-20 04:47:27,Better Offer,0
40408,2024-04-18 02:04:45,Better Offer,0
11719,2021-06-22 10:57:28,Performance,0
3687,2019-09-15 16:06:12,Better Offer,0
16257,2024-04-23 06:44:31,Health,0
42099,2019-07-24 01:09:48,Higher Studies,0
19449,2022-01-09 12:29:05,Relocation,0
18296,2023-04-15 13:37:12,Performance,1
3357,2023-01-28 06:30:51,Personal,0
11373,2022-08-26 17:01:57,Personal,1
24156,2025-01-29 04:53:54,Better Offer,0
25101,2023-01-21 16:49:15,Better Offer,1
700,2023-05-03 12:05:47,Better Offer,0
22377,2019-12-06 07:47:30,Relocation,0
10971,2022-03-17 14:01:14,Personal,0
25077,2020-06-14 05:49:30,Performance,0
28694,2022-03-01 01:52:58,Personal,0
26340,2019-08-03 02:31:50,Better Offer,0
42727,2024-03-22 15:36:56,Personal,0
17400,2024-05-21 12:41:54,Personal,1
34452,2021-03-14 07:57:30,Personal,0
25448,2024-06-10 05:58:14,Relocation,0
8742,2020-11-14 03:53:40,Health,0
18649,2023-03-15 22:18:16,Personal,0
1689,2021-10-18 00:34:53,Relocation,0
35173,2022-06-15 18:20:31,Higher Studies,0
31807,2022-07-11 22:43:54,Performance,0
26083,2020-09-17 03:24:30,Higher Studies,0
40596,2024-09-09 23:41:43,Higher Studies,0
38897,2020-08-07 14:33:41,Relocation,0
6162,2022-12-13 20:11:57,Relocation,0
1528,2020-03-24 06:02:03,Health,0
14725,2023-09-15 06:31:20,Health,0
40771,2019-10-19 08:18:47,Better Offer,0
896,2022-10-27 11:08:46,Better Offer,0
8662,2025-10-25 12:15:14,Performance,0
10584,2022-11-27 15:15:32,Better Offer,0
12005,2022-11-16 20:29:11,Better Offer,0
24030,2019-07-31 10:40:28,Personal,1
22271,2024-04-07 06:41:44,Personal,0
38609,2025-06-09 14:21:04,Better Offer,1
39565,2024-07-05 01:20:47,Better Offer,0
31372,2021-08-30 01:04:54,Better Offer,0
38371,2024-04-30 03:24:21,Better Offer,0
29133,2020-06-17 03:03:58,Better Offer,0
16039,2021-12-07 14:22:06,Better Offer,1
1457,2019-11-27 01:55:04,Better Offer,0
12711,2021-11-18 11:09:24,Higher Studies,1
21706,2025-08-25 05:57:50,Relocation,0
5025,2022-02-13 01:16:27,Better Offer,1
21672,2023-01-27 18:42:46,Relocation,1
41726,2021-05-22 01:52:58,Personal,0
41812,2021-06-09 00:11:38,Higher Studies,0
40117,2020-08-26 19:49:47,Better Offer,0
1749,2024-09-12 14:38:54,Better Offer,0
35638,2019-12-27 22:14:23,Better Offer,0
25143,2022-05-13 22:46:41,Better Offer,0
76,2022-11-30 21:47:15,Health,0
16611,2022-03-18 19:08:47,Higher Studies,0
31496,2021-08-17 03:24:30,Better Offer,0
20398,2019-10-31 20:39:43,Relocation,0
11743,2019-12-04 05:38:29,Health,0
21494,2022-04-28 08:11:31,Better Offer,0
41358,2022-12-28 20:17:37,Higher Studies,1
33789,2025-05-10 04:24:05,Better Offer,0
18139,2020-10-27 04:12:43,Better Offer,0
1615,2020-05-08 08:36:45,Personal,0
21555,2025-09-05 06:43:38,Better Offer,0
7480,2023-05-20 01:39:48,Better Offer,0
3984,2021-04-01 07:06:28,Better Offer,0
6991,2019-12-07 15:40:54,Performance,0
36857,2020-01-31 06:57:26,Personal,0
37335,2022-06-10 13:09:07,Personal,1
4640,2023-09-21 13:21:44,Better Offer,0
24406,2025-06-28 21:08:42,Higher Studies,0
37432,2019-10-01 12:05:54,Better Offer,0
36016,2022-04-15 06:59:20,Better Offer,1
35587,2022-09-30 23:42:40,Performance,0
39037,2021-05-25 08:18:41,Higher Studies,1
27137,2021-03-26 13:30:09,Better Offer,0
27571,2024-05-31 16:00:38,Better Offer,1
34214,2020-11-25 21:59:28,Better Offer,0
9371,2021-08-28 22:15:31,Performance,0
11675,2020-11-24 09:30:27,Better Offer,0
2660,2024-02-19 03:38:05,Higher Studies,1
12070,2020-12-28 11:23:14,Better Offer,0
10285,2025-02-15 07:15:59,Performance,0
28844,2025-02-05 22:56:01,Performance,0
24239,2019-10-31 18:57:47,Higher Studies,0
32194,2019-07-02 06:31:34,Relocation,0
42200,2023-06-01 13:19:17,Better Offer,0
13883,2024-08-09 10:12:43,Personal,0
10142,2020-05-03 11:03:08,Personal,0
23202,2025-07-11 00:35:15,Better Offer,0
31614,2023-06-18 01:42:45,Performance,0
34612,2021-08-07 02:57:03,Performance,0
36788,2020-08-05 03:39:28,Better Offer,0
24456,2024-10-29 13:09:31,Better Offer,0
34888,2025-08-31 16:27:38,Relocation,0
5251,2020-07-07 01:47:46,Better Offer,0
38095,2022-02-20 23:24:51,Better Offer,0
11165,2022-08-16 21:27:32,Personal,1
19324,2020-01-29 21:32:03,Better Offer,0
38986,2022-06-09 00:56:17,Higher Studies,0
3938,2025-02-01 18:05:45,Better Offer,0
4785,2021-03-21 12:26:18,Relocation,0
40541,2021-08-08 06:41:38,Better Offer,1
3208,2021-02-07 12:55:15,Personal,1
39656,2022-04-09 05:53:01,Higher Studies,0
10535,2021-11-12 17:32:11,Performance,0
27622,2022-08-03 01:51:26,Better Offer,0
24620,2025-10-27 16:53:22,Performance,0
42907,2021-07-20 07:21:39,Performance,0
9442,2020-01-07 10:08:01,Relocation,0
26245,2022-08-19 20:19:52,Performance,0
27502,2019-12-13 03:22:23,Better Offer,0
33450,2024-06-03 17:05:04,Personal,0
3440,2024-04-09 23:50:30,Better Offer,0
9047,2020-07-20 04:35:30,Better Offer,0
21054,2023-05-03 21:46:13,Performance,0
31285,2023-11-23 19:01:03,Personal,1
10057,2023-03-18 14:02:33,Performance,1
25387,2023-11-12 18:37:19,Performance,1
28942,2020-10-12 21:46:51,Performance,0
884,2019-12-10 22:19:13,Relocation,0
28717,2023-11-30 07:09:27,Relocation,1
29075,2022-03-02 04:12:45,Better Offer,0
3497,2019-07-19 12:57:36,Better Offer,1
25339,2021-11-29 09:52:46,Better Offer,0
20912,2024-08-02 00:09:19,Performance,0
7110,2024-11-18 07:39:58,Better Offer,0
39307,2021-05-10 18:36:25,Health,0
43007,2022-05-14 05:19:11,Health,0
14871,2023-12-30 06:10:30,Better Offer,0
25152,2023-09-16 08:52:56,Better Offer,0
20951,2023-10-31 13:01:02,Better Offer,0
28840,2019-07-26 16:24:48,Better Offer,1
24744,2021-08-29 07:06:59,Health,0
2928,2022-06-01 04:40:22,Health,0
25646,2021-06-18 10:00:11,Performance,0
25588,2020-06-07 04:00:12,Relocation,0
30255,2021-12-02 23:56:45,Better Offer,0
12126,2022-06-16 18:05:30,Personal,0
5290,2024-02-29 10:06:27,Better Offer,0
33568,2024-06-17 04:37:07,Better Offer,0
8982,2024-12-21 05:11:49,Higher Studies,0
43058,2023-02-15 03:21:04,Better Offer,0
41200,2020-02-03 22:21:45,Better Offer,0
11886,2020-12-05 04:17:24,Better Offer,1
30875,2023-05-23 15:28:23,Higher Studies,0
42951,2023-07-25 09:32:25,Better Offer,0
19405,2023-06-23 16:03:42,Better Offer,0
37241,2025-03-06 14:04:39,Better Offer,0
41191,2019-08-12 11:38:19,Better Offer,0
12357,2024-07-11 00:18:49,Better Offer,0
8968,2024-08-22 19:15:16,Better Offer,0
7729,2024-12-27 05:40:37,Better Offer,0
1699,2022-03-17 07:28:00,Higher Studies,0
27540,2023-01-21 17:39:17,Performance,0
5622,2020-08-17 04:26:12,Better Offer,0
10546,2019-12-09 15:47:27,Better Offer,0
17195,2025-03-25 16:43:10,Better Offer,0
9206,2024-01-21 13:59:44,Higher Studies,0
16436,2021-07-15 18:06:21,Better Offer,0
38778,2022-08-09 15:00:16,Better Offer,0
10595,2023-12-26 01:30:07,Performance,0
10954,2024-06-24 13:27:11,Better Offer,0
28143,2024-01-11 08:41:25,Performance,1
10245,2019-12-17 17:46:36,Better Offer,1
22608,2024-08-21 08:53:51,Better Offer,0
21913,2024-11-12 10:19:51,Better Offer,0
3296,2021-09-10 03:44:44,Performance,0
33593,2024-08-14 20:36:03,Higher Studies,0
36763,2025-09-03 17:21:16,Better Offer,0
26986,2019-09-27 22:53:41,Relocation,0
4503,2023-03-09 04:52:06,Performance,1
16309,2019-08-16 18:19:47,Health,0
10540,2019-09-20 18:31:03,Better Offer,0
38806,2024-10-24 14:58:03,Health,0
12431,2023-05-27 21:56:27,Better Offer,0
42122,2019-08-21 19:42:13,Personal,0
5874,2024-09-16 20:27:29,Better Offer,0
32967,2020-02-14 06:46:24,Better Offer,1
18957,2025-02-18 05:52:23,Performance,0
15678,2020-01-03 23:04:50,Better Offer,0
14838,2024-09-24 01:37:37,Better Offer,0
38559,2019-11-14 08:46:22,Higher Studies,1
17120,2025-04-18 18:32:41,Better Offer,0
1003,2020-01-04 07:15:38,Health,1
24822,2025-01-24 03:29:30,Relocation,0
1076,2023-02-01 10:41:28,Better Offer,0
3836,2025-02-08 14:39:24,Personal,0
36336,2025-07-08 18:29:02,Performance,0
32742,2024-11-28 14:05:09,Better Offer,0
7375,2025-10-13 11:21:19,Better Offer,1
22936,2024-01-01 10:57:54,Performance,0
26163,2023-05-02 07:52:03,Better Offer,0
22638,2023-12-01 10:59:15,Health,0
38538,2020-02-14 17:11:52,Relocation,0
23130,2023-02-26 13:04:38,Relocation,0
22244,2023-02-07 17:16:58,Personal,0
26431,2021-11-17 11:25:14,Personal,0
9512,2024-04-20 22:52:24,Health,0
2629,2019-07-19 06:49:49,Better Offer,0
1737,2023-09-06 01:21:39,Personal,0
34638,2022-06-07 14:45:36,Better Offer,0
21441,2019-07-24 00:17:25,Better Offer,1
42117,2021-10-12 12:02:39,Health,0
28865,2023-04-29 17:36:44,Better Offer,1
37349,2022-10-10 08:04:01,Better Offer,1
21998,2022-02-18 14:54:04,Better Offer,0
14895,2020-10-19 02:58:11,Better Offer,0
13833,2021-05-29 10:15:08,Better Offer,0
36190,2025-09-25 05:42:09,Better Offer,0
31623,2022-04-06 11:29:04,Personal,0
38369,2023-02-27 17:01:33,Relocation,0
36153,2023-11-26 20:33:51,Better Offer,0
25815,2020-02-05 21:03:46,Higher Studies,1
1227,2021-06-01 19:01:48,Better Offer,1
31950,2022-03-31 03:14:47,Better Offer,0
26563,2022-12-05 17:33:59,Personal,0
21541,2021-02-15 23:52:38,Better Offer,1
38055,2022-03-03 03:05:58,Performance,0
13139,2021-11-12 09:30:49,Better Offer,0
37846,2023-06-30 23:55:12,Better Offer,0
8392,2025-04-29 08:17:01,Personal,0
22184,2022-06-18 09:55:20,Health,0
30566,2019-10-04 04:33:14,Better Offer,0
18496,2023-06-22 19:02:59,Better Offer,0
14887,2025-03-16 08:38:12,Relocation,0
8134,2020-05-22 18:56:58,Higher Studies,0
36921,2025-01-01 13:58:04,Personal,0
22742,2021-08-31 18:49:31,Better Offer,0
8514,2022-08-15 09:24:50,Personal,0
21210,2021-05-01 02:34:20,Better Offer,0
36303,2023-01-26 21:01:50,Relocation,1
8302,2019-11-15 19:11:48,Personal,0
29072,2023-10-24 09:45:46,Better Offer,1
20712,2020-02-24 19:11:36,Performance,1
1511,2020-04-02 16:39:32,Better Offer,1
10065,2020-04-13 00:58:01,Higher Studies,0
3759,2023-12-02 20:52:52,Better Offer,0
8769,2023-10-23 00:00:10,Better Offer,0
29828,2019-08-03 00:10:44,Performance,0
13671,2022-09-27 01:11:00,Health,0
26388,2022-04-28 17:10:14,Relocation,0
14049,2020-04-30 09:09:13,Higher Studies,0
34215,2023-11-14 17:21:11,Better Offer,1
12100,2023-03-14 02:59:57,Health,0
34990,2021-11-22 15:38:45,Better Offer,0
42879,2023-05-18 01:02:47,Performance,1
25018,2024-05-08 16:40:48,Performance,0
5368,2023-10-03 06:53:30,Higher Studies,0
33164,2021-06-06 12:02:30,Better Offer,0
4532,2023-04-11 01:45:55,Better Offer,1
14624,2020-01-19 04:53:36,Better Offer,1
254,2024-02-08 18:29:01,Higher Studies,0
12806,2024-08-15 23:34:35,Performance,1
19686,2021-02-18 04:13:34,Better Offer,0
39833,2024-01-31 22:56:22,Relocation,1
18026,2023-09-21 01:21:17,Higher Studies,1
34602,2024-09-29 17:26:40,Better Offer,0
41526,2022-08-03 19:13:35,Health,0
1178,2025-02-20 01:55:51,Better Offer,1
38501,2020-05-04 02:15:30,Better Offer,1
42254,2019-08-20 21:47:22,Performance,0
34421,2019-12-30 02:34:12,Better Offer,0
7718,2023-04-18 12:27:28,Better Offer,0
11422,2025-04-22 11:20:47,Better Offer,0
36675,2024-08-14 15:21:15,Personal,1
14202,2025-05-22 23:02:23,Better Offer,1
23997,2025-08-12 00:49:51,Better Offer,0
34677,2024-10-30 21:40:10,Better Offer,0
31212,2024-04-08 06:30:48,Relocation,0
11078,2022-04-23 07:19:54,Personal,0
7265,2022-07-23 12:43:10,Personal,0
27723,2020-11-18 08:11:53,Higher Studies,0
22400,2020-11-13 01:09:06,Performance,0
13479,2023-03-23 03:16:33,Better Offer,0
23580,2025-09-21 01:31:43,Relocation,0
9627,2019-10-17 05:44:51,Better Offer,0
15995,2022-06-11 21:14:33,Performance,1
16239,2022-02-21 07:29:46,Performance,0
15093,2020-02-24 06:07:53,Better Offer,0
16364,2025-05-30 15:18:54,Relocation,0
16475,2022-12-15 21:52:22,Better Offer,1
41612,2020-10-25 22:21:53,Health,0
43207,2019-11-06 23:20:16,Better Offer,0
23314,2021-06-11 09:42:10,Relocation,0
1948,2019-09-07 04:24:06,Better Offer,0
35381,2024-04-18 22:43:35,Relocation,0
448,2022-01-01 14:44:53,Relocation,0
1691,2022-02-26 17:21:29,Performance,0
18406,2021-12-09 16:55:28,Better Offer,0
41146,2023-11-19 09:19:31,Better Offer,1
8161,2019-07-21 05:32:36,Better Offer,0
33522,2020-07-27 05:28:28,Better Offer,0
19340,2021-08-16 12:45:52,Better Offer,0
16562,2023-09-13 13:28:26,Better Offer,0
11199,2024-07-04 10:26:13,Better Offer,1
24320,2025-01-25 15:43:19,Better Offer,0
27204,2022-07-22 18:06:04,Performance,1
18835,2025-05-13 09:13:20,Higher Studies,0
28848,2020-11-04 08:10:29,Performance,1
36786,2022-01-04 05:02:14,Better Offer,1
20911,2022-11-06 06:27:09,Better Offer,0
15580,2019-07-24 21:09:19,Better Offer,0
20943,2019-10-28 04:52:58,Better Offer,0
4854,2023-05-19 14:29:14,Higher Studies,1
4022,2023-05-10 06:28:10,Personal,0
42782,2022-05-30 22:21:52,Higher Studies,0
17702,2023-06-28 19:41:52,Personal,0
28790,2019-09-18 16:03:12,Personal,0
32402,2024-11-30 23:19:38,Better Offer,0
5948,2023-02-06 23:49:28,Personal,0
2202,2024-04-30 14:14:42,Better Offer,1
18512,2024-10-03 20:35:07,Health,0
13766,2021-10-18 21:58:16,Performance,1
3856,2020-01-09 06:13:42,Better Offer,0
12020,2021-08-20 10:37:16,Better Offer,0
23922,2024-08-03 04:15:41,Better Offer,0
9581,2023-06-28 05:19:05,Personal,0
15445,2025-01-26 20:17:58,Better Offer,0
38638,2025-07-25 00:42:33,Better Offer,1
27053,2023-12-21 10:53:54,Relocation,0
25898,2022-09-08 09:02:17,Better Offer,0
39130,2025-01-29 04:41:15,Performance,0
39608,2022-06-08 07:56:39,Better Offer,0
21300,2019-11-09 10:10:46,Better Offer,0
11406,2024-01-30 18:44:28,Better Offer,0
20748,2020-04-02 07:28:20,Better Offer,0
360,2023-01-21 09:02:09,Better Offer,1
24479,2023-09-28 11:19:56,Better Offer,0
12922,2023-03-30 12:06:09,Personal,0
38286,2023-06-03 23:11:54,Personal,0
40682,2023-12-14 13:56:49,Personal,0
24785,2020-07-29 07:15:58,Relocation,0
28448,2022-05-21 14:58:54,Better Offer,0
3940,2021-12-02 15:30:19,Performance,0
17933,2025-06-19 10:55:58,Higher Studies,1
26782,2019-07-28 13:18:43,Health,0
19894,2019-09-15 05:45:39,Better Offer,1
38278,2025-02-15 20:48:30,Performance,0
16429,2025-05-13 10:15:58,Better Offer,0
2395,2020-09-28 20:45:29,Better Offer,0
21429,2019-09-22 16:12:14,Better Offer,0
20647,2020-04-26 01:10:32,Better Offer,0
4818,2020-04-04 20:10:42,Higher Studies,1
13082,2024-01-24 12:31:32,Better Offer,1
24275,2022-08-05 11:29:02,Relocation,0
22291,2023-04-03 13:26:04,Performance,0
752,2023-09-30 16:41:28,Personal,0
1617,2020-11-22 11:53:11,Better Offer,1
17590,2021-11-03 04:38:22,Health,0
8748,2022-12-25 18:31:12,Better Offer,0
25692,2022-04-13 21:05:00,Better Offer,0
40942,2022-07-02 13:11:44,Personal,0
30626,2023-12-26 20:23:29,Better Offer,1
25957,2024-08-16 11:59:48,Performance,0
31451,2022-01-31 07:50:00,Relocation,1
3320,2022-09-07 10:54:35,Higher Studies,0
24026,2024-10-21 03:27:19,Better Offer,0
27630,2023-06-22 04:02:57,Relocation,0
17828,2024-10-04 14:38:53,Personal,0
24282,2023-03-04 03:55:56,Personal,0
5686,2023-05-05 03:07:18,Better Offer,1
24009,2024-04-16 13:25:29,Higher Studies,0
8966,2019-11-23 18:18:25,Relocation,1
10001,2025-10-28 17:05:06,Better Offer,1
41798,2022-01-31 02:38:12,Performance,1
42525,2020-11-13 04:19:37,Better Offer,0
28812,2024-11-11 23:08:53,Performance,1
11489,2019-11-15 06:48:24,Higher Studies,0
5432,2022-02-02 01:53:08,Personal,0
9972,2022-02-26 06:33:56,Higher Studies,1
23927,2025-04-16 18:54:26,Performance,0
8828,2020-12-30 09:20:03,Better Offer,0
17793,2025-08-04 19:50:03,Performance,0
23226,2024-09-26 02:35:46,Performance,0
22002,2019-11-22 18:49:25,Health,1
35467,2024-09-09 03:53:05,Better Offer,1
42366,2019-11-02 19:44:01,Relocation,0
40045,2023-11-05 00:58:21,Health,0
13306,2023-09-28 08:14:11,Higher Studies,0
20754,2025-01-11 07:50:48,Better Offer,0
1021,2024-07-28 01:38:58,Better Offer,0
41286,2024-04-16 10:10:52,Personal,0
27269,2023-02-21 10:00:56,Better Offer,0
217,2023-06-08 05:00:16,Relocation,1
24418,2021-05-03 06:26:34,Better Offer,0
8355,2020-08-06 18:34:23,Performance,1
25199,2020-12-07 07:01:23,Personal,0
26667,2023-02-19 19:58:30,Performance,0
10887,2022-10-09 19:44:21,Health,1
14464,2020-11-17 19:36:11,Higher Studies,0
32803,2020-12-28 10:44:36,Better Offer,0
37566,2022-09-23 19:40:26,Performance,0
38223,2020-10-16 21:33:58,Personal,0
8856,2021-10-05 10:13:21,Better Offer,0
16188,2021-07-08 03:30:27,Performance,1
13084,2021-01-22 17:12:56,Better Offer,1
31264,2024-06-22 06:55:53,Health,0
3933,2020-02-08 12:19:02,Relocation,0
11516,2020-12-24 11:49:00,Relocation,1
37166,2019-11-24 11:56:26,Better Offer,1
3401,2021-09-29 20:49:25,Higher Studies,0
20074,2023-12-31 18:42:56,Health,0
31125,2021-03-09 17:45:01,Relocation,0
36996,2025-02-21 08:43:49,Health,0
41759,2020-12-19 19:48:44,Better Offer,0
39040,2020-09-20 14:33:06,Better Offer,0
35014,2021-04-08 22:44:20,Better Offer,0
28925,2023-05-20 01:58:52,Better Offer,0
14,2025-10-11 10:18:06,Better Offer,0
20731,2025-10-30 05:50:27,Health,1
22153,2020-03-18 18:37:49,Better Offer,1
9849,2020-07-03 06:29:35,Better Offer,0
27889,2020-02-20 12:14:54,Relocation,1
9960,2022-07-05 00:21:40,Health,1
38808,2021-10-25 04:43:04,Health,0
2394,2023-12-30 05:50:08,Relocation,1
9290,2025-10-13 22:24:27,Better Offer,1
11028,2022-03-07 16:10:19,Higher Studies,0
19793,2019-09-07 01:42:02,Personal,0
33408,2019-11-10 23:18:43,Better Offer,1
5708,2025-08-11 15:44:54,Performance,0
38646,2024-02-08 18:00:04,Performance,0
11763,2020-08-11 23:31:31,Better Offer,0
5066,2021-09-11 08:40:33,Better Offer,0
13779,2020-11-15 06:33:13,Better Offer,0
32025,2021-02-06 09:39:55,Performance,0
29687,2023-05-04 11:01:39,Relocation,0
27140,2025-03-06 07:21:01,Personal,0
33710,2020-01-17 16:43:42,Performance,0
7631,2023-02-18 16:27:05,Performance,0
26508,2020-01-17 14:36:21,Better Offer,0
9633,2023-03-27 12:55:36,Better Offer,0
37741,2023-08-01 13:21:16,Personal,0
26908,2020-09-27 12:49:39,Better Offer,0
25915,2022-07-18 09:28:01,Relocation,0
18838,2022-05-23 06:02:23,Better Offer,0
38327,2020-01-25 16:28:14,Higher Studies,0
41056,2022-03-18 15:59:35,Better Offer,1
39063,2020-10-30 03:11:58,Relocation,0
22587,2024-10-17 23:59:09,Health,0
30892,2023-07-25 08:44:21,Relocation,1
20593,2019-07-22 01:39:40,Health,0
31646,2023-06-22 04:55:51,Better Offer,0
37403,2025-04-24 20:09:20,Higher Studies,0
34923,2023-09-02 11:46:10,Higher Studies,0
42443,2023-05-08 23:34:32,Higher Studies,0
2766,2022-05-02 10:29:32,Better Offer,0
39784,2021-06-26 02:17:41,Performance,1
28010,2023-05-03 02:25:06,Relocation,0
981,2019-09-04 16:45:14,Performance,1
14762,2020-02-09 23:37:57,Better Offer,1
24428,2020-09-28 23:52:02,Personal,0
42024,2024-07-21 21:29:19,Better Offer,0
8942,2025-08-02 05:13:00,Personal,0
22779,2024-12-26 02:20:06,Better Offer,1
11895,2019-09-04 10:59:57,Better Offer,0
17106,2022-09-30 14:52:37,Personal,1
1486,2021-04-26 20:54:33,Performance,0
5624,2022-02-08 13:59:27,Better Offer,0
1276,2020-10-31 05:39:06,Performance,0
20026,2024-03-03 14:33:55,Health,0
23196,2019-07-11 19:10:08,Better Offer,0
12814,2024-10-26 02:20:15,Better Offer,0
34195,2024-11-10 15:03:44,Better Offer,0
18967,2025-08-04 09:59:39,Better Offer,0
7094,2021-12-02 01:15:41,Higher Studies,0
21727,2019-08-17 12:33:22,Personal,0
4802,2024-08-26 05:04:37,Performance,0
21319,2021-12-23 02:20:59,Personal,0
35282,2022-09-22 13:36:51,Better Offer,0
2644,2020-09-05 13:27:21,Better Offer,0
36519,2023-02-28 08:35:56,Relocation,0
8873,2020-11-02 22:07:02,Better Offer,0
2908,2020-11-03 19:43:02,Higher Studies,1
42197,2022-03-03 13:55:53,Relocation,0
26198,2025-07-21 11:02:39,Better Offer,0
23415,2022-05-12 12:54:43,Personal,0
14933,2022-06-29 14:13:34,Better Offer,0
38318,2025-03-23 07:23:05,Better Offer,0
3718,2022-10-04 07:27:28,Relocation,1
39384,2025-01-04 20:01:54,Better Offer,0
12580,2021-04-02 12:30:08,Performance,0
35766,2020-10-29 14:28:30,Performance,1
18841,2022-11-17 19:20:59,Better Offer,1
32055,2022-06-10 01:01:10,Performance,0
1488,2020-07-09 02:57:04,Better Offer,0
14047,2021-07-10 18:54:30,Better Offer,0
10859,2025-01-30 10:30:42,Relocation,0
37123,2024-11-30 16:35:40,Performance,0
17041,2025-07-28 22:29:18,Health,0
12524,2023-12-24 20:54:39,Better Offer,0
29955,2025-06-19 09:13:24,Personal,1
16538,2020-05-03 08:17:12,Better Offer,0
23865,2025-07-04 07:21:21,Better Offer,0
15566,2024-06-03 18:03:06,Better Offer,0
5028,2024-10-31 07:49:11,Relocation,0
34422,2022-04-11 13:01:56,Health,0
26922,2023-10-11 09:39:28,Health,0
9117,2020-01-02 20:01:04,Health,1
38526,2025-07-10 10:44:04,Better Offer,0
11664,2023-01-17 05:41:46,Better Offer,1
13273,2022-07-01 12:20:24,Better Offer,0
17659,2022-05-18 18:38:25,Performance,0
4439,2024-10-25 08:04:28,Personal,1
14883,2020-02-09 00:46:53,Better Offer,0
9772,2023-12-04 05:58:14,Performance,1
14686,2025-09-05 19:09:52,Higher Studies,0
10547,2020-06-24 10:35:13,Performance,1
5826,2024-05-19 01:34:02,Higher Studies,0
28409,2020-03-21 06:57:02,Better Offer,0
7044,2019-07-10 14:46:37,Performance,0
30063,2022-03-09 04:10:42,Better Offer,0
30467,2020-07-21 18:53:04,Better Offer,1
3482,2021-11-19 07:36:58,Higher Studies,1
16702,2021-08-16 03:51:07,Performance,0
12083,2025-06-14 18:50:42,Better Offer,0
5943,2022-10-29 04:18:32,Performance,0
1728,2024-05-10 05:04:38,Better Offer,0
8319,2021-08-11 06:32:59,Better Offer,0
8494,2023-06-11 09:17:02,Performance,0
34592,2022-12-08 14:08:25,Higher Studies,1
10168,2023-09-17 12:07:24,Personal,0
28692,2019-07-29 13:22:54,Better Offer,1
38665,2020-02-14 12:30:25,Health,0
21417,2023-12-09 10:51:37,Better Offer,0
20760,2020-12-23 14:28:17,Performance,1
19262,2022-02-01 22:18:38,Personal,0
18982,2020-10-09 23:08:59,Better Offer,1
42518,2024-03-21 10:10:49,Personal,0
34919,2021-01-02 20:16:55,Personal,0
20902,2023-02-28 16:37:51,Performance,0
38889,2021-07-13 02:16:04,Better Offer,0
962,2020-03-26 04:29:18,Performance,0
4402,2025-06-01 09:42:34,Relocation,0
32824,2025-01-06 13:52:47,Performance,0
7246,2021-06-14 13:12:52,Higher Studies,0
27741,2020-11-30 08:41:39,Performance,0
13095,2023-01-01 09:29:55,Relocation,1
10101,2021-04-27 05:57:16,Performance,0
4485,2022-06-04 04:30:30,Higher Studies,1
7825,2022-04-24 09:57:09,Health,0
10517,2024-04-15 01:11:01,Performance,1
40781,2021-02-08 01:28:30,Performance,1
29919,2025-07-26 11:37:25,Better Offer,0
19591,2024-11-24 13:02:05,Better Offer,0
36179,2025-05-15 15:10:59,Health,0
33554,2021-01-12 01:12:03,Better Offer,0
1482,2025-06-20 20:06:42,Higher Studies,0
24635,2023-08-09 11:41:06,Better Offer,0
17909,2024-10-03 18:59:01,Personal,0
39590,2023-03-19 05:36:13,Better Offer,1
25549,2020-01-29 08:36:49,Personal,0
31404,2024-04-09 02:47:57,Performance,1
34657,2020-04-03 11:40:59,Better Offer,0
3146,2022-07-20 03:33:06,Better Offer,0
40035,2023-04-24 14:41:14,Better Offer,0
9407,2022-10-19 18:00:31,Performance,1
27169,2022-03-02 01:16:53,Relocation,0
26778,2020-12-27 21:32:06,Performance,0
36917,2022-09-01 07:08:07,Higher Studies,0
10292,2019-08-06 18:09:28,Performance,0
1587,2025-09-25 15:23:50,Health,0
17837,2020-11-29 20:35:30,Higher Studies,0
35757,2020-04-09 02:26:07,Better Offer,1
1023,2020-08-29 12:52:12,Higher Studies,1
12935,2022-11-16 01:17:53,Higher Studies,1
26842,2023-04-22 03:43:45,Relocation,1
34251,2021-06-13 02:18:27,Performance,0
37306,2021-02-25 04:26:27,Relocation,0
28105,2022-07-16 10:36:36,Better Offer,0
5138,2023-07-08 02:34:47,Better Offer,0
6646,2021-01-15 21:39:55,Performance,0
33792,2023-01-13 01:13:00,Performance,0
39670,2025-05-03 16:23:43,Relocation,1
14968,2024-03-24 10:32:22,Personal,0
30940,2023-10-24 13:40:52,Performance,0
37769,2025-09-20 15:56:15,Better Offer,1
38435,2023-02-08 11:38:12,Relocation,0
13272,2023-03-26 02:57:59,Personal,0
28631,2024-07-21 03:23:06,Performance,0
18882,2021-06-28 01:44:55,Performance,0
40995,2024-02-28 00:52:23,Better Offer,0
27747,2024-07-01 09:01:47,Higher Studies,0
8066,2024-09-03 14:30:15,Better Offer,0
19936,2024-01-11 02:38:27,Personal,1
11495,2024-11-25 22:43:34,Better Offer,0
34000,2024-08-15 11:34:03,Better Offer,0
3394,2021-08-06 04:25:45,Better Offer,0
32547,2022-01-16 02:46:53,Personal,1
6342,2020-09-20 16:57:15,Relocation,1
5838,2021-11-19 14:26:34,Better Offer,0
36157,2022-07-14 13:45:00,Personal,0
31426,2024-03-22 13:20:44,Personal,1
39413,2022-08-21 08:50:41,Better Offer,0
8326,2025-01-29 19:50:43,Higher Studies,0
19069,2025-09-23 13:26:25,Better Offer,0
32919,2019-11-23 20:30:20,Better Offer,0
22303,2023-09-15 02:04:15,Better Offer,0
21354,2022-07-19 15:58:00,Personal,0
2666,2020-05-14 16:56:40,Personal,0
33197,2021-08-29 05:28:12,Personal,0
29092,2024-11-07 23:48:20,Performance,1
12982,2021-06-27 05:12:28,Better Offer,0
13816,2024-07-03 01:39:52,Better Offer,0
4174,2022-03-15 03:35:24,Better Offer,0
18668,2022-05-05 23:59:08,Better Offer,0
39898,2022-06-04 23:47:05,Performance,0
36434,2023-02-24 15:14:13,Personal,0
33869,2024-03-04 09:29:18,Better Offer,0
17763,2022-04-21 22:28:10,Personal,0
14609,2020-07-20 02:12:41,Personal,0
10229,2022-11-11 04:10:02,Better Offer,0
36019,2020-02-12 01:29:20,Better Offer,0
41384,2020-10-18 03:59:35,Better Offer,0
13520,2022-09-16 02:51:18,Better Offer,0
28593,2021-05-19 23:06:39,Higher Studies,0
40057,2020-12-12 13:28:22,Performance,0
3444,2025-04-13 13:43:57,Better Offer,0
34503,2025-10-29 18:18:03,Higher Studies,0
21338,2021-04-08 05:42:43,Higher Studies,0
8741,2022-09-11 20:38:10,Health,0
20551,2020-12-29 12:45:29,Relocation,0
29884,2021-10-11 21:02:11,Better Offer,1
18922,2022-04-17 19:49:54,Personal,0
16024,2023-09-15 11:44:45,Higher Studies,0
24105,2021-12-30 13:54:34,Better Offer,1
25967,2020-01-23 07:34:45,Relocation,0
257,2021-04-01 06:49:51,Relocation,1
5977,2023-03-26 12:47:52,Higher Studies,0
41104,2019-12-25 15:49:45,Health,0
34691,2020-11-17 21:28:51,Better Offer,1
21298,2022-08-21 03:02:26,Performance,1
15922,2021-01-21 00:13:22,Better Offer,0
10943,2022-11-01 21:36:36,Personal,0
21916,2022-12-10 07:40:21,Better Offer,0
16284,2024-06-30 18:28:58,Personal,0
10834,2024-01-31 06:29:00,Performance,0
16462,2019-10-26 06:08:31,Better Offer,0
23743,2024-12-10 17:50:15,Higher Studies,0
4455,2020-06-06 06:25:26,Personal,0
31859,2019-08-10 07:35:10,Relocation,0
1187,2019-08-31 07:55:59,Better Offer,0
33647,2024-04-12 20:53:51,Better Offer,0
1375,2022-11-12 08:51:46,Better Offer,0
31260,2023-03-08 00:11:58,Performance,1
31420,2023-09-01 10:27:12,Better Offer,0
34709,2021-12-06 03:24:22,Better Offer,0
6233,2022-01-18 03:26:21,Better Offer,0
7448,2024-06-06 15:42:55,Relocation,0
36609,2019-10-08 16:26:31,Relocation,0
15362,2023-10-09 04:35:37,Performance,1
38504,2022-04-12 13:24:34,Relocation,1
9378,2024-02-29 06:31:16,Better Offer,0
8718,2025-09-30 08:03:35,Better Offer,0
31668,2021-09-18 17:21:12,Better Offer,0
1903,2019-08-13 09:50:23,Performance,0
12728,2021-07-29 22:42:23,Better Offer,1
29268,2023-12-21 19:53:02,Personal,0
27368,2023-09-13 09:55:08,Better Offer,0
11674,2023-01-30 23:51:55,Better Offer,0
34236,2023-12-15 21:17:48,Better Offer,1
16694,2021-10-30 06:01:24,Better Offer,0
3988,2021-09-02 03:09:46,Better Offer,1
39906,2024-10-15 14:29:59,Higher Studies,0
15256,2023-02-21 05:32:33,Better Offer,0
42725,2023-10-03 07:09:44,Health,1
19116,2024-09-03 04:29:52,Better Offer,0
30243,2021-07-30 20:10:42,Better Offer,0
42345,2020-07-01 01:10:38,Performance,1
2021,2024-08-29 12:35:50,Better Offer,1
34209,2022-06-13 10:28:20,Better Offer,0
34135,2023-04-10 05:35:47,Personal,0
2279,2024-05-29 03:04:03,Health,1
12405,2023-07-07 05:45:18,Better Offer,0
4651,2022-09-04 10:51:33,Performance,0
39894,2022-01-21 04:23:44,Better Offer,0
25479,2021-04-18 19:56:40,Personal,0
20625,2025-05-17 08:20:43,Relocation,0
18385,2024-11-24 06:18:41,Better Offer,0
34874,2020-05-22 02:49:59,Higher Studies,0
36015,2019-11-12 10:34:47,Health,0
12924,2022-07-17 20:12:17,Better Offer,1
14056,2024-06-22 09:36:48,Better Offer,0
17024,2021-09-10 11:11:12,Better Offer,1
42736,2021-01-21 18:04:51,Performance,0
28222,2024-08-31 22:53:21,Relocation,0
39785,2021-07-19 10:24:56,Relocation,1
9097,2020-11-10 14:11:29,Performance,0
20772,2020-08-02 23:10:12,Performance,1
19232,2025-07-11 08:28:59,Better Offer,0
28380,2023-05-13 15:56:20,Performance,0
4579,2019-07-12 01:43:59,Higher Studies,0
39117,2025-03-12 00:54:31,Health,1
31371,2025-05-25 03:25:02,Personal,0
699,2023-01-03 02:08:17,Better Offer,0
29568,2020-07-29 01:06:36,Relocation,0
36239,2023-08-06 00:07:57,Health,1
23537,2022-02-21 16:50:52,Better Offer,0
11538,2022-12-07 14:39:19,Better Offer,1
42271,2022-05-05 08:38:44,Relocation,1
28304,2021-06-02 06:40:17,Better Offer,0
1196,2020-03-08 01:12:50,Personal,0
39878,2024-04-07 16:42:02,Better Offer,0
7725,2020-03-11 10:09:25,Better Offer,1
34748,2023-06-08 21:02:15,Performance,0
28903,2025-05-15 03:00:49,Health,0
13687,2025-03-25 12:17:06,Higher Studies,1
9955,2020-08-09 09:54:26,Better Offer,0
18308,2021-10-30 15:09:55,Performance,0
5746,2021-06-02 13:12:18,Better Offer,0
30715,2025-03-18 15:15:13,Personal,0
29733,2023-06-16 08:16:01,Better Offer,0
24217,2023-08-27 03:08:23,Performance,0
39281,2022-01-14 09:58:06,Relocation,1
28656,2024-11-07 00:31:07,Personal,0
26425,2024-04-03 20:27:08,Better Offer,1
23230,2020-01-25 07:20:46,Better Offer,0
39038,2020-12-03 08:23:31,Higher Studies,0
31071,2023-03-13 02:12:53,Better Offer,1
21049,2022-08-01 18:52:11,Better Offer,1
31295,2024-01-02 16:08:32,Higher Studies,0
29890,2024-04-25 19:11:01,Better Offer,0
40663,2023-06-23 02:40:26,Better Offer,0
16965,2019-12-02 01:53:02,Performance,0
21861,2020-03-26 01:44:05,Personal,0
17200,2020-04-03 07:45:41,Better Offer,0
23873,2024-01-09 15:16:03,Relocation,1
11811,2019-07-27 23:50:00,Relocation,0
31448,2020-07-12 07:52:11,Better Offer,0
38162,2024-04-26 02:51:17,Personal,1
17370,2021-05-04 03:26:39,Performance,1
29562,2025-05-13 08:05:24,Better Offer,0
31095,2024-09-02 20:28:40,Better Offer,1
9793,2025-09-26 11:15:37,Personal,0
26111,2021-07-15 18:17:07,Better Offer,0
17925,2025-07-02 04:58:41,Better Offer,0
35755,2023-10-31 15:30:24,Higher Studies,0
12330,2024-03-25 03:40:48,Higher Studies,0
39411,2020-09-25 02:25:20,Higher Studies,0
157,2022-05-10 03:03:48,Better Offer,0
1658,2022-12-06 17:43:44,Better Offer,0
14714,2021-11-03 01:37:18,Better Offer,1
38424,2022-07-07 03:11:10,Better Offer,0
36862,2021-04-13 09:26:39,Better Offer,0
11748,2020-03-07 21:17:31,Better Offer,0
15796,2019-12-01 14:32:34,Health,0
27152,2023-04-12 23:49:11,Relocation,0
42739,2025-09-18 19:58:08,Relocation,1
15086,2023-08-07 23:21:01,Better Offer,0
19521,2020-09-02 16:51:11,Better Offer,1
19201,2022-08-07 23:12:30,Personal,1
3340,2024-10-27 04:18:33,Better Offer,0
13516,2024-12-01 11:44:41,Performance,1
425,2025-02-09 00:40:15,Personal,0
7635,2019-12-21 17:06:17,Higher Studies,1
27446,2025-03-26 12:10:05,Relocation,0
24083,2020-11-09 21:12:01,Better Offer,0
12359,2021-01-15 23:06:53,Higher Studies,0
34436,2023-09-28 15:42:31,Performance,1
24631,2024-11-12 15:21:21,Health,0
36882,2021-10-12 06:02:00,Better Offer,0
42208,2025-09-12 10:02:41,Personal,0
6341,2020-01-08 19:56:20,Better Offer,0
15497,2023-06-06 18:21:18,Better Offer,0
29926,2020-08-11 01:34:13,Higher Studies,0
6191,2020-02-07 12:36:07,Better Offer,0
17054,2023-03-26 05:17:17,Higher Studies,0
1464,2021-04-19 22:29:01,Better Offer,0
36401,2023-09-13 01:42:29,Relocation,0
38911,2019-12-31 21:35:02,Personal,0
42605,2024-07-29 08:29:43,Better Offer,1
11531,2023-01-30 09:11:30,Relocation,0
18442,2024-04-07 21:28:03,Better Offer,1
21279,2024-03-22 05:50:38,Better Offer,1
36641,2019-11-26 19:18:59,Better Offer,0
7159,2023-09-17 07:00:32,Better Offer,0
27098,2024-02-06 12:23:34,Relocation,0
35107,2020-02-23 19:52:18,Performance,0
1701,2022-04-14 04:31:41,Personal,0
19454,2021-04-16 12:29:57,Higher Studies,0
21944,2019-08-10 00:16:18,Better Offer,0
39052,2025-08-08 02:59:52,Better Offer,0
30591,2019-08-08 09:59:41,Better Offer,0
7836,2023-10-17 10:51:51,Better Offer,0
38189,2025-02-16 16:37:36,Better Offer,0
29441,2021-11-29 14:59:41,Better Offer,1
24772,2020-01-18 06:50:41,Higher Studies,0
31862,2025-08-07 03:26:14,Better Offer,0
13278,2023-08-23 07:03:23,Personal,0
36453,2020-01-14 13:12:13,Better Offer,0
31868,2020-03-30 13:21:40,Personal,1
25342,2023-07-28 22:01:04,Personal,1
20086,2021-05-20 16:50:52,Better Offer,0
16427,2022-12-10 20:46:13,Relocation,0
6861,2022-09-26 07:40:07,Relocation,0
21489,2020-09-14 02:34:20,Better Offer,0
11463,2022-07-17 18:14:34,Performance,0
22881,2024-10-12 13:01:36,Better Offer,0
8627,2021-03-08 12:16:28,Better Offer,0
16361,2020-11-02 14:12:27,Performance,0
13974,2022-09-01 11:25:41,Better Offer,0
31468,2023-11-21 11:47:24,Personal,0
2142,2025-06-02 15:28:54,Better Offer,0
20798,2025-08-11 05:19:42,Better Offer,0
15355,2024-03-15 21:42:04,Better Offer,1
27411,2023-07-27 23:40:14,Better Offer,0
22556,2020-10-25 14:49:41,Relocation,1
26437,2022-01-02 10:35:26,Personal,0
6527,2024-10-17 15:12:07,Performance,0
13388,2025-01-13 19:42:44,Better Offer,0
30057,2020-03-08 12:39:39,Relocation,0
1300,2021-12-01 19:52:17,Personal,1
11774,2024-12-17 15:31:55,Better Offer,0
16931,2024-08-01 08:27:12,Better Offer,0
20383,2024-03-11 15:21:20,Performance,1
784,2021-12-18 20:18:56,Better Offer,0
14328,2021-05-15 02:01:25,Relocation,0
32592,2020-06-03 23:03:18,Relocation,0
40251,2025-08-20 18:09:10,Personal,0
41826,2023-02-10 23:54:49,Higher Studies,0
18248,2024-11-11 06:47:48,Higher Studies,0
14705,2024-12-30 02:16:29,Better Offer,0
12367,2021-12-11 04:36:14,Personal,0
15713,2021-03-08 06:52:33,Relocation,0
20692,2020-08-25 01:22:28,Personal,1
8684,2025-04-03 02:11:04,Relocation,0
18412,2022-08-16 12:12:00,Better Offer,0
27206,2019-09-19 06:17:51,Better Offer,0
40153,2022-04-03 05:23:00,Better Offer,0
33415,2024-11-19 15:08:14,Better Offer,0
25965,2022-03-17 09:08:04,Performance,0
1776,2021-08-26 23:10:17,Better Offer,0
21917,2025-10-04 15:40:44,Better Offer,1
14368,2022-10-18 20:19:28,Better Offer,0
31732,2024-09-18 17:04:36,Performance,0
35815,2025-02-11 08:48:37,Relocation,0
12022,2023-01-30 21:50:46,Performance,0
40243,2019-09-01 01:35:57,Performance,0
34586,2025-04-20 00:27:17,Relocation,1
18954,2022-09-08 00:56:27,Better Offer,0
33152,2019-07-12 15:17:10,Relocation,0
2351,2024-05-03 05:42:28,Relocation,0
14701,2024-10-11 20:42:25,Health,0
22917,2023-06-25 04:09:02,Performance,0
40013,2021-02-18 15:00:24,Higher Studies,0
493,2019-07-10 18:18:09,Relocation,0
34364,2025-08-16 22:52:54,Better Offer,1
39715,2024-07-18 16:34:24,Better Offer,1
26526,2024-02-03 02:29:30,Personal,0
4782,2021-04-30 23:48:00,Health,1
2768,2022-02-03 18:15:29,Performance,0
5716,2020-03-13 03:17:19,Better Offer,0
16434,2020-06-08 01:39:10,Performance,1
23577,2022-11-09 04:43:06,Performance,0
33376,2021-08-07 14:13:24,Performance,1
26584,2020-04-25 06:02:01,Better Offer,0
12507,2020-06-18 23:52:35,Performance,0
4875,2020-01-09 16:21:49,Better Offer,0
32582,2023-04-19 20:24:06,Better Offer,0
25456,2020-11-21 12:27:07,Relocation,0
16795,2021-02-19 20:32:13,Better Offer,0
751,2022-01-19 22:10:38,Health,1
31938,2022-12-31 03:10:48,Better Offer,0
34309,2022-01-02 15:19:52,Higher Studies,0
3815,2021-11-16 18:02:33,Better Offer,0
21700,2024-07-12 23:45:14,Better Offer,0
29054,2020-04-16 04:42:01,Personal,0
35043,2024-12-28 12:34:35,Better Offer,0
19957,2022-03-21 16:25:09,Personal,0
39362,2023-05-19 08:26:14,Performance,0
38118,2024-10-17 07:23:29,Relocation,0
36293,2019-07-12 02:02:42,Better Offer,0
35110,2022-11-27 01:14:47,Better Offer,0
19333,2024-12-27 10:00:38,Better Offer,0
42050,2020-06-23 14:10:38,Personal,0
27291,2021-11-20 19:08:38,Better Offer,0
7482,2024-03-20 18:10:18,Personal,0
3381,2024-02-09 04:37:32,Performance,0
3374,2024-04-24 18:00:30,Higher Studies,0
32068,2020-09-19 13:46:40,Relocation,0
41396,2019-11-17 21:22:46,Better Offer,0
28556,2025-07-16 16:41:07,Relocation,1
5768,2020-10-08 04:04:13,Better Offer,0
24525,2023-02-24 14:44:55,Relocation,1
36367,2024-11-08 03:21:15,Relocation,0
9952,2023-02-25 06:42:12,Performance,0
37218,2020-01-03 09:57:35,Relocation,0
9010,2020-07-19 00:16:34,Better Offer,1
22738,2022-01-17 10:19:34,Better Offer,0
24913,2023-06-26 04:03:14,Better Offer,0
382,2024-08-17 17:53:52,Relocation,0
10759,2025-05-24 02:24:55,Personal,0
9904,2020-10-23 22:47:32,Higher Studies,0
3736,2023-10-19 08:30:08,Performance,0
17500,2022-12-20 18:38:51,Health,0
17742,2020-03-04 08:19:21,Personal,0
5525,2021-04-10 03:47:58,Performance,0
32740,2023-07-15 09:18:47,Better Offer,0
17484,2024-11-26 17:13:57,Performance,0
8002,2020-08-17 16:11:10,Better Offer,0
2182,2021-07-02 05:09:29,Better Offer,0
6329,2019-10-10 19:40:52,Higher Studies,0
42310,2020-11-05 07:15:28,Better Offer,0
3979,2020-08-06 20:47:57,Better Offer,1
28277,2024-09-07 17:53:56,Better Offer,0
1500,2021-06-06 08:00:32,Better Offer,0
8972,2021-08-02 05:09:42,Personal,1
13041,2023-03-20 08:23:51,Relocation,0
3466,2024-06-01 11:01:44,Better Offer,0
17555,2020-04-23 06:12:59,Better Offer,0
3705,2019-07-22 02:10:24,Better Offer,0
1335,2022-05-02 11:43:03,Personal,0
10721,2024-06-12 22:08:23,Relocation,0
35431,2020-09-21 03:40:32,Better Offer,0
17595,2023-04-27 12:47:14,Performance,0
779,2023-07-25 16:17:32,Higher Studies,1
22700,2023-09-10 10:22:26,Relocation,0
1217,2023-06-03 03:11:16,Relocation,0
10947,2023-10-24 13:37:09,Better Offer,0
34952,2024-12-10 07:18:16,Better Offer,0
16071,2024-03-31 11:43:01,Personal,0
4814,2025-09-01 05:16:03,Relocation,0
32179,2020-06-17 00:46:58,Better Offer,0
19854,2022-05-05 22:10:18,Better Offer,0
36323,2024-03-31 20:23:12,Performance,1
19182,2023-10-22 23:00:03,Performance,1
16572,2019-08-03 01:41:27,Performance,0
23221,2023-09-30 02:56:43,Higher Studies,0
7708,2022-01-19 17:56:46,Performance,0
30522,2020-06-12 04:30:37,Performance,0
16703,2024-07-20 07:00:07,Relocation,0
9738,2023-06-21 09:57:15,Better Offer,0
22896,2024-04-26 22:56:10,Health,0
15747,2022-07-21 07:49:26,Health,0
36760,2021-12-01 19:03:27,Better Offer,1
18572,2021-11-08 09:05:38,Better Offer,1
10792,2022-12-18 04:09:44,Health,0
25825,2021-07-30 14:42:51,Personal,1
16701,2020-05-05 16:00:05,Better Offer,0
11357,2023-09-26 12:57:13,Better Offer,1
17473,2020-10-30 17:24:08,Better Offer,0
15943,2025-04-22 16:50:06,Better Offer,0
2853,2023-05-14 00:06:48,Personal,0
17643,2021-04-04 01:20:32,Personal,0
29076,2025-04-19 20:34:27,Better Offer,0
15745,2020-02-26 18:22:14,Health,1
21067,2020-08-03 03:03:30,Higher Studies,0
35993,2020-11-05 12:54:20,Relocation,0
4665,2021-01-14 14:54:24,Better Offer,0
40561,2021-04-04 15:25:21,Better Offer,0
17448,2024-08-02 09:42:52,Performance,1
5300,2022-12-28 16:09:59,Relocation,0
1405,2020-07-06 01:27:19,Better Offer,0
22815,2020-08-27 21:02:38,Personal,0
9142,2023-10-21 20:23:40,Better Offer,0
611,2025-05-02 14:09:28,Better Offer,0
17551,2024-01-13 18:51:47,Health,0
27444,2024-08-22 22:41:02,Relocation,0
26353,2023-01-29 02:04:32,Health,1
38052,2021-05-02 06:12:09,Better Offer,0
17887,2020-11-16 04:25:43,Health,0
17312,2024-09-18 17:32:25,Better Offer,0
12192,2022-08-23 06:37:06,Better Offer,0
30481,2025-01-28 07:11:41,Relocation,0
5667,2021-12-18 23:39:07,Personal,0
18890,2023-02-09 17:00:45,Relocation,0
42822,2024-07-19 03:32:37,Personal,0
2686,2024-05-14 23:34:04,Better Offer,0
31844,2024-10-10 00:48:08,Better Offer,1
7014,2025-06-24 07:06:19,Relocation,0
26487,2025-03-22 21:23:55,Relocation,0
37247,2022-10-13 12:47:44,Better Offer,0
9643,2024-02-17 21:23:40,Personal,1
25709,2022-06-26 09:47:07,Better Offer,0
26991,2025-08-06 23:54:41,Performance,0
23828,2023-02-27 08:01:25,Health,0
24545,2025-10-01 18:10:26,Better Offer,0
1404,2022-06-17 04:54:36,Relocation,1
16799,2021-12-30 00:57:50,Performance,0
38229,2022-10-15 14:46:55,Better Offer,0
5327,2022-01-02 09:46:13,Better Offer,0
7758,2022-08-20 05:06:24,Personal,0
8380,2024-08-20 05:37:16,Performance,0
11875,2021-07-02 03:03:58,Performance,1
22642,2022-02-04 04:45:16,Better Offer,0
7593,2025-02-03 22:20:25,Personal,0
9221,2020-04-14 07:50:15,Better Offer,0
34050,2021-03-20 16:56:00,Health,0
38595,2022-06-28 15:46:40,Relocation,0
10568,2023-12-31 22:36:02,Relocation,0
6560,2024-05-19 05:12:44,Personal,0
16144,2025-10-01 16:31:39,Better Offer,1
40970,2023-06-16 04:20:36,Better Offer,1
41901,2020-10-14 05:10:34,Performance,0
16193,2022-10-08 03:24:57,Better Offer,0
12027,2023-04-15 19:33:53,Health,0
4960,2021-06-18 03:16:52,Better Offer,0
14177,2019-09-14 06:38:00,Personal,0
35827,2020-06-22 16:43:02,Relocation,1
17095,2023-07-09 22:30:15,Performance,0
32054,2025-03-27 20:50:42,Better Offer,0
9482,2021-11-16 22:45:27,Better Offer,0
30373,2019-11-13 20:25:49,Higher Studies,1
28422,2022-08-14 07:40:16,Performance,0
18508,2024-06-01 20:48:47,Better Offer,0
5750,2021-06-21 14:29:06,Performance,0
30748,2020-06-27 09:40:42,Performance,1
26519,2020-09-06 00:24:33,Health,0
13911,2019-08-04 06:51:03,Better Offer,1
24400,2025-09-19 11:41:01,Relocation,0
9289,2023-09-04 18:36:36,Better Offer,0
21268,2023-07-25 10:30:50,Better Offer,1
3824,2024-04-17 02:33:04,Better Offer,1
23004,2023-03-14 09:02:33,Performance,0
30232,2021-02-19 02:17:54,Personal,0
37835,2023-05-05 12:07:21,Better Offer,1
11882,2023-03-09 04:48:26,Better Offer,1
23592,2021-04-04 17:05:47,Better Offer,1
41446,2019-11-17 15:20:13,Higher Studies,1
14359,2022-10-14 18:52:40,Better Offer,0
23582,2022-11-28 14:54:07,Better Offer,1
11409,2021-07-13 00:50:47,Personal,0
37499,2023-04-14 16:06:59,Health,0
19578,2025-04-18 01:52:46,Higher Studies,1
36511,2022-03-23 13:15:25,Personal,0
33350,2023-10-27 23:11:49,Better Offer,0
41879,2025-05-17 04:22:40,Better Offer,0
35048,2022-12-13 11:52:01,Better Offer,0
8241,2023-01-24 07:13:13,Personal,0
29763,2021-11-15 18:54:11,Higher Studies,0
9807,2022-05-21 20:04:45,Personal,1
18458,2022-05-16 15:17:11,Performance,0
4048,2024-02-25 05:00:03,Personal,0
16619,2021-08-22 02:42:17,Higher Studies,0
37820,2020-07-19 19:48:32,Better Offer,0
8454,2025-10-07 04:18:03,Performance,0
22322,2023-02-28 22:33:31,Better Offer,1
7730,2021-06-25 14:51:21,Higher Studies,0
28039,2024-02-25 18:07:26,Personal,0
28649,2023-06-12 00:57:22,Higher Studies,0
33012,2022-02-23 10:56:58,Personal,0
30606,2022-04-22 13:40:27,Better Offer,0
42772,2021-07-08 02:45:45,Higher Studies,1
7580,2020-08-27 09:41:22,Better Offer,0
21167,2019-12-24 17:11:41,Relocation,0
37907,2020-08-19 01:05:20,Higher Studies,0
42040,2023-06-21 13:32:10,Health,0
18128,2025-07-03 23:54:46,Relocation,1
20027,2023-03-07 10:20:22,Performance,0
7379,2020-08-01 15:41:44,Higher Studies,1
12453,2021-12-15 00:38:54,Personal,1
38855,2023-01-15 00:41:38,Better Offer,1
19386,2025-03-09 01:55:04,Personal,0
40592,2020-07-11 19:31:04,Better Offer,0
38123,2020-07-11 00:22:01,Health,1
14884,2022-10-14 20:37:54,Better Offer,0
3796,2020-10-08 12:55:32,Better Offer,1
3457,2024-05-06 03:47:51,Health,1
20377,2021-08-17 22:34:31,Personal,0
21393,2023-06-26 05:58:06,Better Offer,0
30870,2022-03-24 19:24:25,Higher Studies,0
12471,2022-09-25 19:32:14,Better Offer,1
42057,2023-07-13 06:28:19,Relocation,0
39245,2023-09-21 03:01:32,Better Offer,0
2546,2025-07-23 17:41:36,Health,0
5603,2020-03-25 14:52:18,Relocation,1
27940,2024-12-18 14:53:29,Better Offer,0
31149,2022-09-17 03:50:44,Better Offer,0
37360,2024-12-22 13:47:20,Personal,1
23796,2024-12-07 20:43:05,Better Offer,1
29007,2022-05-11 04:56:42,Higher Studies,0
41527,2020-10-18 12:24:43,Better Offer,0
3207,2021-04-05 15:02:28,Relocation,1
4569,2019-07-18 19:20:56,Personal,0
41357,2020-10-07 16:21:02,Relocation,1
40065,2022-10-04 08:43:06,Health,0
38053,2022-03-12 11:18:12,Relocation,0
38320,2019-11-29 03:30:10,Better Offer,1
33435,2020-11-17 17:12:00,Better Offer,0
40564,2021-07-29 18:32:53,Higher Studies,0
28318,2021-03-13 15:29:09,Better Offer,0
3431,2024-08-29 15:33:33,Relocation,0
10569,2019-08-28 20:38:38,Relocation,0
13859,2023-09-19 17:55:28,Better Offer,0
16490,2025-03-13 05:13:41,Performance,0
14285,2020-01-06 13:33:41,Performance,0
31011,2022-05-29 05:46:45,Better Offer,0
36295,2019-07-11 01:13:59,Better Offer,0
3907,2020-03-14 22:45:02,Better Offer,0
30303,2022-06-21 15:08:40,Better Offer,0
22156,2021-06-07 12:35:20,Health,0
42192,2023-12-14 05:59:17,Better Offer,0
8808,2020-11-21 21:35:56,Relocation,0
38847,2024-06-14 18:42:25,Better Offer,0
33585,2020-05-30 11:05:52,Better Offer,1
22598,2019-12-09 16:58:29,Better Offer,0
31271,2021-12-31 23:44:39,Performance,0
14394,2020-03-02 10:09:15,Personal,0
40049,2022-07-01 16:34:06,Personal,0
9665,2019-07-28 08:24:02,Better Offer,0
29243,2025-05-04 11:32:25,Better Offer,0
33894,2023-10-24 11:07:47,Relocation,0
34476,2024-02-13 00:54:54,Higher Studies,1
25517,2023-02-20 04:13:30,Better Offer,0
23092,2022-04-04 17:20:03,Better Offer,1
31763,2020-02-29 06:52:29,Personal,0
31067,2022-06-24 20:56:19,Better Offer,0
40647,2024-07-25 12:46:22,Relocation,0
24986,2019-07-22 15:35:17,Performance,0
27560,2025-03-10 04:18:31,Better Offer,0
40968,2024-07-17 07:05:43,Better Offer,0
33405,2020-07-06 03:13:43,Better Offer,1
770,2022-11-27 16:18:56,Relocation,0
24528,2024-11-18 08:31:13,Relocation,0
30323,2023-08-09 11:41:19,Better Offer,0
11957,2023-03-11 07:22:21,Personal,0
7420,2023-07-10 05:17:58,Performance,1
15952,2019-12-26 05:11:14,Better Offer,1
27209,2025-07-24 00:00:51,Higher Studies,0
11175,2021-01-17 05:04:53,Relocation,1
33690,2020-03-09 22:06:04,Performance,1
33615,2021-04-13 08:01:00,Relocation,0
37970,2021-07-27 21:14:38,Relocation,0
21613,2023-12-24 01:31:06,Better Offer,1
26433,2025-08-24 22:40:08,Better Offer,0
7539,2021-03-24 04:14:11,Relocation,1
13135,2024-07-02 23:30:11,Better Offer,0
1796,2019-11-28 05:12:15,Health,0
26128,2019-07-30 23:34:42,Better Offer,0
34997,2021-02-13 12:57:57,Personal,0
39684,2023-11-30 21:01:43,Better Offer,0
38592,2021-01-24 17:50:30,Better Offer,1
35892,2019-12-15 03:22:56,Better Offer,1
11999,2020-07-17 05:19:53,Personal,0
16333,2019-11-30 05:43:56,Personal,0
17708,2022-10-13 21:40:21,Health,0
14712,2020-07-04 07:56:58,Relocation,1
10495,2024-09-19 21:24:19,Relocation,1
9471,2019-08-08 17:45:03,Higher Studies,0
27124,2023-05-08 05:55:32,Better Offer,0
41843,2023-07-22 02:45:09,Better Offer,0
26787,2021-03-28 15:32:20,Better Offer,0
22849,2023-10-07 16:29:25,Better Offer,0
1697,2020-02-11 21:35:20,Better Offer,0
24245,2025-08-17 22:37:08,Better Offer,0
17412,2020-08-27 20:12:34,Better Offer,0
42139,2022-08-09 00:04:46,Better Offer,0
26262,2023-10-06 19:26:55,Performance,0
7665,2021-01-30 19:11:43,Performance,1
13239,2020-12-02 05:31:09,Better Offer,0
38404,2021-02-06 08:57:06,Health,0
32841,2022-04-26 11:22:46,Personal,0
31848,2021-11-24 20:45:57,Better Offer,0
27601,2022-01-08 02:22:39,Better Offer,0
5478,2024-04-15 06:57:16,Relocation,0
14833,2023-02-03 07:51:49,Relocation,0
29775,2023-09-23 07:40:31,Relocation,0
3882,2023-08-27 18:22:26,Relocation,0
18218,2025-06-30 19:11:36,Better Offer,1
18436,2024-03-12 03:41:35,Relocation,0
20662,2023-11-07 16:43:57,Better Offer,0
26913,2019-11-15 15:30:20,Health,1
10011,2022-05-10 22:11:34,Performance,0
25924,2024-11-18 11:52:00,Higher Studies,0
15876,2022-11-30 22:21:32,Personal,0
9525,2020-11-12 03:20:32,Better Offer,0
1117,2019-09-14 10:32:34,Better Offer,1
20195,2022-12-31 11:23:02,Relocation,0
6168,2022-04-30 14:07:09,Performance,1
29146,2020-01-25 15:47:54,Relocation,0
30599,2022-05-02 13:58:47,Health,1
29581,2024-04-03 09:46:43,Better Offer,0
6031,2024-07-20 08:19:18,Relocation,0
32195,2019-10-25 16:34:25,Relocation,0
6926,2021-02-01 01:56:57,Better Offer,1
26047,2025-01-07 21:41:18,Higher Studies,1
16558,2024-10-19 08:49:01,Better Offer,1
6690,2022-11-17 11:53:43,Performance,0
41545,2020-06-13 00:24:52,Health,0
33745,2021-01-05 01:02:32,Relocation,1
26538,2023-08-19 23:21:20,Personal,0
34013,2023-11-07 13:53:31,Performance,0
5080,2023-07-30 05:53:46,Relocation,0
35644,2020-01-23 18:43:55,Better Offer,0
29405,2022-07-28 00:30:53,Personal,0
31805,2025-06-26 21:22:27,Better Offer,0
18113,2021-05-21 22:12:38,Better Offer,0
39031,2023-10-10 02:45:20,Personal,0
20029,2021-05-23 16:47:32,Better Offer,0
18929,2021-01-27 04:05:17,Relocation,0
6686,2023-04-08 10:52:46,Relocation,1
41376,2020-11-12 15:42:50,Relocation,0
5236,2025-01-17 12:07:21,Better Offer,0
10343,2022-11-18 22:52:18,Better Offer,0
17863,2022-02-16 10:27:08,Health,0
36566,2019-12-21 11:25:40,Performance,0
22979,2021-08-02 01:06:59,Higher Studies,0
12584,2020-10-18 22:13:39,Performance,0
3088,2023-06-03 09:00:42,Better Offer,0
20822,2022-03-01 16:05:08,Better Offer,1
40791,2023-09-10 05:13:29,Better Offer,0
32272,2019-11-19 02:47:35,Personal,1
6502,2020-05-21 04:23:44,Performance,0
12601,2023-06-25 10:48:50,Better Offer,1
4371,2021-11-21 05:53:04,Better Offer,0
28843,2023-12-06 00:59:43,Better Offer,0
284,2022-08-09 00:26:53,Better Offer,1
7612,2023-05-09 13:14:47,Performance,0
18236,2022-04-28 06:29:14,Relocation,0
23634,2021-08-04 02:06:29,Health,0
14974,2025-01-20 07:09:17,Better Offer,0
16992,2022-06-11 03:22:43,Personal,0
26767,2021-05-01 23:16:40,Better Offer,0
37110,2019-11-17 19:16:18,Better Offer,0
31964,2021-05-16 15:05:43,Better Offer,0
22851,2025-08-31 06:43:15,Relocation,0
26080,2022-04-29 17:37:21,Higher Studies,0
6145,2021-04-19 23:17:30,Performance,0
20259,2024-07-01 00:48:40,Performance,0
3610,2024-06-04 00:24:57,Higher Studies,1
39631,2021-06-09 13:27:51,Performance,0
20949,2020-03-03 22:37:46,Better Offer,0
27331,2025-01-08 17:02:14,Better Offer,0
30750,2021-04-18 09:16:58,Better Offer,0
12469,2024-10-04 20:28:27,Performance,1
22033,2023-12-01 13:30:24,Higher Studies,0
1145,2022-09-10 11:42:04,Better Offer,0
25390,2024-05-17 08:27:36,Better Offer,1
25565,2021-09-19 15:23:53,Better Offer,1
24750,2023-03-28 19:27:49,Personal,0
39794,2020-04-08 02:40:27,Personal,0
24826,2025-09-24 01:45:54,Health,1
40827,2019-11-20 02:57:39,Better Offer,0
34700,2023-07-14 16:13:10,Better Offer,0
8766,2024-05-06 11:16:19,Relocation,1
41955,2020-09-22 11:47:57,Performance,0
7672,2024-12-03 09:09:39,Better Offer,0
10089,2023-08-01 22:21:07,Better Offer,0
36288,2022-08-22 17:47:20,Performance,1
7544,2021-11-05 16:49:49,Relocation,0
38527,2023-01-25 04:19:19,Relocation,1
3475,2023-08-24 04:08:24,Personal,1
30366,2020-03-05 05:35:21,Better Offer,0
25109,2020-12-23 20:33:45,Better Offer,1
12670,2024-04-13 16:58:50,Better Offer,0
2313,2022-09-27 18:35:44,Better Offer,0
39240,2022-07-27 14:48:05,Better Offer,0
30043,2025-04-03 01:16:21,Better Offer,0
6107,2022-06-20 15:38:07,Performance,0
31982,2022-05-03 08:00:23,Relocation,0
21223,2022-11-18 18:16:04,Better Offer,0
21133,2020-01-16 07:07:08,Health,0
32776,2023-10-20 09:00:23,Better Offer,1
16573,2023-04-10 18:18:12,Better Offer,1
21385,2019-10-27 12:34:28,Relocation,0
11977,2023-08-06 11:13:06,Better Offer,0
33938,2024-05-24 20:12:18,Personal,0
11013,2024-10-01 16:33:25,Performance,0
37895,2024-03-15 00:44:37,Better Offer,0
15113,2020-09-21 13:49:30,Relocation,1
17142,2020-09-04 22:26:47,Personal,1
5268,2019-09-23 09:59:31,Personal,0
22945,2025-01-20 01:38:22,Personal,1
39005,2019-10-17 13:53:39,Performance,1
6748,2020-03-23 22:30:37,Better Offer,0
24867,2022-09-16 14:54:42,Better Offer,0
36717,2024-12-26 06:43:50,Performance,0
23599,2020-09-17 03:07:51,Better Offer,0
11275,2019-12-22 07:17:43,Higher Studies,1
15518,2025-07-07 15:27:36,Relocation,0
7872,2019-07-09 04:29:27,Better Offer,0
24556,2025-01-13 06:24:04,Health,0
13153,2023-03-12 15:51:58,Better Offer,0
10620,2023-10-03 07:19:28,Better Offer,1
8762,2019-08-22 10:24:50,Higher Studies,0
42843,2023-10-29 10:30:48,Health,0
20861,2020-12-25 07:49:12,Better Offer,0
10622,2023-11-11 15:23:21,Higher Studies,1
23260,2024-03-13 04:08:48,Higher Studies,0
10884,2025-04-30 06:41:40,Better Offer,0
42261,2022-07-05 06:22:53,Better Offer,1
30598,2022-10-16 18:11:15,Better Offer,1
40092,2025-03-10 15:21:27,Better Offer,1
8905,2020-03-22 07:11:43,Better Offer,0
40241,2020-01-27 23:55:15,Higher Studies,0
37889,2019-10-01 07:14:12,Better Offer,0
33485,2021-05-02 02:06:20,Higher Studies,0
22224,2024-06-28 08:49:28,Better Offer,0
39463,2023-11-09 02:01:16,Personal,1
10107,2023-04-17 21:14:56,Higher Studies,0
15982,2022-04-12 05:08:04,Personal,0
31244,2025-04-04 06:29:44,Better Offer,0
23904,2023-04-17 22:01:10,Relocation,0
28507,2021-09-22 11:53:20,Relocation,0
33727,2020-02-24 07:00:05,Better Offer,0
16418,2024-06-04 19:41:19,Relocation,1
4725,2020-10-10 18:52:24,Performance,0
42357,2025-02-16 12:14:05,Relocation,0
5743,2024-10-08 08:08:47,Better Offer,0
25236,2025-02-03 05:30:15,Better Offer,0
6790,2020-05-03 13:20:01,Better Offer,1
22907,2021-03-29 01:25:43,Better Offer,0
10725,2024-12-06 10:50:20,Better Offer,0
9365,2025-10-09 00:22:21,Health,1
37936,2021-08-15 21:28:46,Better Offer,0
2747,2023-11-22 10:53:01,Health,0
1501,2025-02-26 14:48:28,Better Offer,0
32010,2025-06-03 23:02:01,Better Offer,1
14536,2024-07-14 18:02:44,Better Offer,0
3100,2020-03-26 05:26:59,Higher Studies,0
10378,2019-12-22 08:44:21,Better Offer,0
35828,2025-09-13 03:19:07,Better Offer,1
24612,2020-07-28 18:41:57,Personal,0
6984,2019-10-15 01:48:49,Performance,1
42423,2021-05-21 22:21:32,Better Offer,0
8031,2019-10-05 12:41:09,Better Offer,0
16639,2024-07-08 19:06:16,Health,0
30311,2025-05-19 14:33:39,Better Offer,1
12412,2024-04-21 10:17:15,Performance,0
11574,2022-05-22 20:03:19,Performance,0
15715,2023-03-19 11:49:21,Higher Studies,0
21608,2025-10-05 05:26:44,Better Offer,0
22978,2024-09-30 11:38:27,Better Offer,0
12309,2020-12-16 06:03:04,Better Offer,0
29612,2019-12-06 20:48:45,Better Offer,0
37674,2025-01-24 05:52:08,Relocation,0
5774,2020-03-17 13:47:22,Performance,1
43083,2023-03-12 09:30:31,Better Offer,0
41246,2020-07-14 01:37:39,Better Offer,1
28522,2022-10-26 01:37:58,Higher Studies,1
10555,2024-06-28 03:50:37,Health,1
43033,2020-02-21 11:30:13,Better Offer,1
32383,2023-05-12 20:27:05,Better Offer,0
16438,2021-09-21 11:50:33,Relocation,0
29741,2024-09-19 18:50:10,Better Offer,0
33113,2019-10-13 09:37:14,Better Offer,0
18426,2024-03-30 21:43:01,Better Offer,0
8541,2019-08-15 17:35:05,Performance,1
8522,2023-12-06 20:37:22,Better Offer,0
12445,2022-08-31 04:23:25,Health,1
3906,2020-09-11 15:47:56,Better Offer,1
33692,2019-07-02 19:14:30,Better Offer,1
3959,2020-10-23 20:24:15,Relocation,0
31113,2021-11-15 20:09:16,Better Offer,0
24905,2023-06-26 07:16:18,Higher Studies,1
34737,2023-04-03 02:27:42,Better Offer,0
18631,2019-11-26 09:46:01,Better Offer,1
6427,2023-03-11 13:55:40,Better Offer,0
37079,2022-03-10 02:47:22,Better Offer,1
9232,2025-06-18 23:55:34,Better Offer,0
15724,2022-10-24 14:55:02,Higher Studies,0
3138,2021-09-30 03:58:20,Higher Studies,0
40354,2021-02-06 01:27:40,Better Offer,1
12874,2021-12-29 02:12:36,Performance,0
21432,2023-05-26 22:42:42,Performance,0
29273,2020-05-08 23:50:19,Better Offer,0
16146,2021-08-11 08:58:38,Performance,1
35984,2023-11-29 02:29:32,Better Offer,0
32024,2022-05-20 20:13:04,Better Offer,1
32915,2021-09-11 21:07:08,Relocation,0
1143,2025-03-24 16:28:48,Personal,1
11654,2022-02-18 17:31:23,Higher Studies,0
30110,2021-05-24 21:21:21,Better Offer,0
27370,2020-09-07 06:10:56,Better Offer,1
5925,2024-06-06 07:15:50,Performance,0
18167,2024-01-27 20:25:39,Better Offer,0
38039,2021-09-07 08:20:41,Personal,0
15939,2019-12-11 10:28:55,Better Offer,0
34815,2021-09-09 00:33:41,Better Offer,1
4205,2023-03-07 20:26:12,Higher Studies,0
33320,2024-09-09 21:10:47,Relocation,1
39822,2023-05-23 23:22:28,Better Offer,0
16013,2020-05-08 00:43:04,Better Offer,0
33760,2023-12-25 18:01:27,Relocation,0
30415,2023-07-07 03:46:17,Performance,0
4898,2024-08-31 02:30:34,Relocation,0
38472,2021-04-30 19:23:34,Performance,0
27312,2023-06-09 06:08:05,Better Offer,1
13758,2023-01-02 20:09:11,Relocation,0
8980,2024-02-27 22:06:58,Relocation,0
37437,2019-07-06 22:55:50,Better Offer,0
17767,2021-09-18 05:37:56,Better Offer,0
41407,2025-01-31 02:37:50,Higher Studies,0
13678,2023-07-10 09:41:45,Personal,0
23020,2022-08-18 06:36:09,Relocation,1
33641,2021-02-18 01:01:07,Better Offer,0
1905,2025-05-09 10:48:32,Higher Studies,0
17915,2024-05-04 02:38:40,Better Offer,0
22492,2021-06-21 23:49:22,Relocation,0
15956,2021-11-11 12:44:33,Performance,0
32900,2021-04-30 18:55:20,Higher Studies,1
14262,2019-10-29 22:45:38,Higher Studies,0
24038,2024-04-03 03:25:01,Better Offer,0
24286,2025-10-30 00:33:32,Performance,1
24613,2024-10-14 07:38:11,Performance,1
25188,2020-09-26 06:01:20,Relocation,0
37260,2019-10-03 20:56:15,Better Offer,0
6009,2024-09-24 00:53:04,Better Offer,0
2755,2025-06-07 23:32:59,Performance,0
40919,2025-05-25 19:24:55,Better Offer,0
41956,2020-06-09 08:11:52,Health,0
10234,2025-05-12 17:40:10,Better Offer,1
39231,2019-12-30 06:52:54,Personal,1
30215,2021-04-23 22:30:44,Better Offer,0
26187,2020-10-04 05:23:54,Performance,0
20328,2023-10-05 08:10:46,Relocation,0
18543,2021-07-13 04:36:05,Better Offer,1
359,2021-07-31 22:31:52,Higher Studies,0
41100,2024-04-22 22:30:02,Better Offer,1
37842,2024-09-10 17:36:01,Performance,0
27153,2023-02-13 12:50:09,Better Offer,0
13999,2019-12-07 07:01:54,Personal,0
15970,2021-01-05 19:28:14,Personal,0
28543,2020-11-04 17:47:48,Better Offer,0
5214,2023-02-21 14:33:49,Better Offer,0
4825,2021-01-14 03:33:31,Better Offer,0
20136,2023-10-17 23:29:54,Better Offer,0
33708,2021-05-26 00:29:41,Better Offer,0
32886,2020-10-12 02:11:51,Relocation,0
10674,2024-06-07 18:00:07,Relocation,1
11682,2020-02-27 05:48:24,Better Offer,0
31782,2020-11-09 17:28:38,Better Offer,0
39801,2024-02-21 05:34:19,Better Offer,0
36928,2019-10-17 05:34:50,Performance,0
19180,2020-04-03 16:36:06,Relocation,1
23199,2020-01-14 10:48:52,Higher Studies,1
28548,2024-02-29 06:57:13,Better Offer,1
35598,2021-05-08 08:39:14,Performance,0
38083,2025-01-26 21:54:19,Performance,0
9785,2024-09-29 23:18:34,Better Offer,0
34466,2022-06-03 12:18:42,Higher Studies,0
2583,2019-07-26 20:03:29,Personal,0
36945,2020-08-02 07:26:39,Personal,0
9133,2025-01-08 14:46:32,Performance,0
6875,2023-06-23 02:38:45,Better Offer,0
14671,2019-10-10 04:23:22,Relocation,1
33088,2025-08-06 08:56:51,Better Offer,0
5641,2021-07-20 09:38:19,Health,0
30378,2020-05-18 15:56:41,Higher Studies,0
42584,2025-01-20 20:27:31,Better Offer,1
40426,2022-07-01 01:18:34,Better Offer,1
25880,2024-08-22 01:27:53,Relocation,0
4386,2023-07-05 00:20:51,Personal,1
36682,2025-10-12 19:00:59,Personal,0
4366,2019-07-20 08:24:45,Better Offer,1
36731,2022-01-09 07:49:01,Better Offer,0
14780,2020-10-09 05:11:27,Relocation,0
29609,2021-05-13 05:07:56,Higher Studies,0
3212,2020-12-16 10:38:01,Better Offer,0
3448,2021-02-11 03:23:14,Higher Studies,0
30998,2021-09-25 05:12:36,Better Offer,0
4593,2019-09-26 00:12:10,Better Offer,1
20856,2025-10-18 08:01:26,Performance,0
14744,2019-07-14 11:03:59,Better Offer,0
39860,2019-12-27 20:19:56,Higher Studies,0
39214,2025-05-31 16:37:49,Relocation,0
14302,2019-08-27 06:34:09,Better Offer,1
8189,2025-01-17 02:00:26,Better Offer,0
25355,2022-01-05 19:01:24,Higher Studies,0
40068,2020-02-06 13:34:11,Better Offer,0
35584,2022-05-20 01:03:11,Health,0
871,2019-11-05 12:39:17,Better Offer,1
30309,2024-08-01 11:26:17,Personal,0
28387,2024-09-20 16:12:12,Personal,0
34609,2021-12-12 23:08:34,Personal,0
26625,2021-04-02 16:53:48,Better Offer,0
41710,2020-10-16 20:36:38,Better Offer,1
20215,2025-04-01 03:10:14,Relocation,0
35324,2022-12-02 07:08:19,Better Offer,0
804,2020-07-10 15:48:35,Better Offer,0
43002,2022-01-30 16:06:46,Better Offer,1
16979,2020-11-21 11:31:44,Better Offer,0
20858,2025-03-05 08:51:23,Better Offer,1
35967,2023-07-21 12:15:42,Performance,0
21801,2020-11-03 01:50:38,Higher Studies,1
14764,2025-03-17 18:05:57,Higher Studies,1
9526,2024-01-01 19:22:37,Performance,0
11703,2020-03-21 09:19:52,Better Offer,0
15454,2021-12-13 05:53:02,Performance,1
25853,2020-12-19 19:21:28,Higher Studies,1
16810,2025-04-04 17:09:29,Performance,0
13660,2024-05-06 18:53:27,Performance,0
17525,2022-03-16 21:41:42,Better Offer,0
19655,2024-01-02 05:16:12,Higher Studies,1
1671,2025-05-01 10:33:10,Performance,0
21986,2025-05-13 15:36:35,Personal,1
28614,2024-12-29 09:02:35,Better Offer,0
2718,2020-01-06 11:00:38,Relocation,1
2068,2021-02-12 21:19:12,Higher Studies,0
37691,2021-07-21 13:49:42,Better Offer,1
41414,2021-06-12 00:24:13,Better Offer,0
25936,2021-09-01 05:40:15,Relocation,0
29723,2019-10-24 06:40:05,Better Offer,0
23135,2022-08-30 23:12:07,Better Offer,0
21902,2021-08-16 12:47:24,Better Offer,0
23955,2020-04-25 02:28:52,Relocation,1
26358,2021-12-06 07:13:30,Better Offer,0
24460,2020-06-30 08:41:09,Better Offer,0
10317,2024-05-13 12:24:02,Better Offer,0
37315,2024-01-07 05:16:06,Higher Studies,1
3716,2020-01-22 15:54:54,Better Offer,0
20931,2019-12-06 21:02:33,Better Offer,0
24731,2024-02-10 08:23:28,Personal,0
40694,2021-06-25 15:08:15,Better Offer,0
1109,2022-01-23 05:35:34,Higher Studies,0
26789,2019-07-19 11:43:13,Better Offer,0
21428,2024-11-20 00:34:18,Personal,1
42439,2020-08-04 21:37:26,Performance,1
19599,2020-09-22 21:22:05,Better Offer,0
24542,2022-11-20 12:51:15,Better Offer,0
4949,2022-01-11 13:14:29,Performance,0
20044,2022-05-12 16:50:30,Better Offer,0
2613,2024-06-20 18:21:35,Personal,0
10401,2022-05-18 19:01:42,Better Offer,0
42607,2020-01-05 18:30:02,Better Offer,0
8342,2023-02-14 23:31:35,Performance,0
21560,2022-02-12 08:59:46,Performance,0
19426,2025-04-13 17:21:01,Higher Studies,0
24550,2023-09-13 13:20:24,Relocation,1
9198,2025-03-21 03:56:30,Health,0
29808,2023-07-25 03:15:41,Better Offer,0
41033,2021-01-28 03:32:11,Health,1
2269,2023-06-26 16:33:34,Better Offer,1
12352,2023-01-03 18:57:56,Better Offer,0
21758,2020-05-11 18:47:09,Performance,0
4482,2023-12-08 21:28:44,Relocation,1
42414,2020-03-11 10:29:02,Relocation,0
4540,2020-01-03 03:32:10,Better Offer,0
23570,2023-08-31 15:42:11,Personal,0
34763,2024-11-19 06:53:22,Performance,1
22817,2020-01-01 06:31:02,Performance,1
12175,2024-12-05 02:14:14,Better Offer,1
14821,2022-03-26 09:27:38,Performance,0
24975,2020-04-16 00:07:45,Better Offer,0
41880,2021-04-13 04:44:57,Personal,0
30963,2024-06-06 05:32:01,Higher Studies,0
958,2019-07-28 16:44:18,Relocation,0
6632,2021-06-04 16:43:13,Better Offer,0
14815,2020-10-31 05:08:03,Better Offer,1
19480,2023-09-25 00:56:06,Higher Studies,0
4638,2024-05-14 22:06:27,Performance,1
13131,2025-01-12 23:33:42,Better Offer,1
15104,2020-11-15 07:29:25,Better Offer,0
1360,2021-06-26 11:32:06,Better Offer,0
25358,2025-08-16 18:37:52,Relocation,1
26762,2019-07-10 15:09:50,Relocation,0
21464,2021-01-22 06:43:33,Personal,0
10452,2024-03-20 22:07:26,Performance,0
21079,2019-12-21 07:14:39,Personal,1
19448,2020-11-17 17:56:08,Higher Studies,1
10771,2024-08-21 22:54:12,Performance,0
28432,2024-05-02 09:29:00,Relocation,0
31734,2023-12-06 15:24:04,Performance,0
38663,2022-07-11 20:18:52,Better Offer,0
30706,2025-01-06 19:24:03,Better Offer,0
30114,2019-09-29 05:17:35,Relocation,0
21220,2020-08-09 22:22:53,Performance,0
23841,2022-12-12 13:57:44,Better Offer,0
38295,2025-02-07 04:57:10,Personal,0
29320,2025-03-24 13:15:39,Better Offer,0
29762,2022-12-24 03:55:41,Better Offer,0
28764,2019-12-23 03:36:40,Better Offer,0
21539,2022-12-05 16:47:44,Personal,0
21486,2023-07-23 17:53:24,Better Offer,1
20908,2021-10-03 06:02:46,Performance,0
29952,2025-06-08 13:32:02,Better Offer,1
17311,2025-05-25 07:33:00,Relocation,1
12165,2023-06-20 00:26:03,Personal,0
12650,2022-01-10 11:02:24,Performance,0
29854,2021-01-29 13:04:36,Better Offer,1
34786,2024-12-02 14:24:25,Better Offer,1
11229,2025-06-29 13:33:15,Personal,0
25127,2019-08-18 18:55:48,Better Offer,1
613,2024-02-16 14:56:29,Better Offer,1
946,2019-12-04 10:11:12,Health,0
6456,2025-03-26 16:13:15,Health,0
31796,2020-06-13 21:22:49,Better Offer,0
25610,2020-01-28 00:33:37,Better Offer,1
40193,2025-07-17 06:42:22,Better Offer,0
14327,2019-12-11 11:19:29,Personal,0
23951,2021-10-12 11:32:39,Better Offer,0
26370,2022-11-08 17:56:42,Better Offer,0
32507,2025-03-23 17:57:38,Better Offer,1
20577,2020-02-11 11:22:36,Personal,0
19728,2019-08-08 02:56:44,Personal,0
16008,2024-08-06 05:13:40,Performance,0
13393,2021-05-31 13:12:34,Better Offer,0
4329,2022-06-30 06:14:17,Performance,0
6352,2019-11-23 01:09:45,Better Offer,0
2206,2021-12-01 11:24:04,Better Offer,0
39861,2023-10-30 13:17:12,Higher Studies,0
27838,2024-08-31 04:21:53,Better Offer,1
35599,2020-10-22 11:13:51,Better Offer,1
11089,2024-09-01 16:36:32,Better Offer,1
38199,2025-04-16 20:13:21,Better Offer,0
16316,2019-11-07 17:29:52,Higher Studies,0
39006,2025-09-03 16:32:22,Performance,0
18452,2020-11-01 15:01:11,Better Offer,0
15659,2020-08-24 22:21:10,Better Offer,1
16995,2022-09-27 15:04:00,Relocation,1
28535,2025-04-22 14:05:39,Higher Studies,0
10934,2020-04-15 18:48:17,Better Offer,0
15603,2024-08-01 19:53:41,Better Offer,1
37477,2021-12-22 06:11:31,Relocation,0
2981,2025-08-01 18:37:52,Personal,0
2472,2024-01-15 12:39:48,Better Offer,0
12075,2021-02-22 18:42:21,Better Offer,0
22983,2022-06-23 19:12:09,Relocation,1
9979,2023-06-22 21:05:09,Better Offer,0
8901,2020-04-22 16:48:18,Better Offer,0
34083,2021-08-22 22:51:00,Better Offer,1
14009,2020-07-25 22:52:04,Performance,1
26612,2022-02-23 02:35:20,Better Offer,1
35705,2020-08-27 17:34:03,Performance,1
24167,2019-12-19 23:09:03,Higher Studies,0
5653,2019-08-22 14:53:47,Better Offer,0
13831,2024-05-24 08:37:25,Better Offer,0
29039,2025-10-23 09:32:38,Health,0
14685,2024-01-04 15:37:17,Better Offer,1
19094,2023-12-03 18:26:25,Better Offer,0
6501,2021-12-10 12:24:56,Relocation,1
11792,2023-03-23 05:32:48,Better Offer,0
5956,2023-11-07 16:39:34,Better Offer,0
36416,2023-04-01 11:31:23,Better Offer,1
21662,2025-01-16 10:18:03,Performance,0
4363,2019-10-17 20:21:14,Better Offer,1
11828,2023-07-11 09:54:25,Health,0
5902,2025-09-26 23:33:28,Relocation,0
19076,2024-01-03 10:05:47,Better Offer,0
21475,2020-10-28 01:52:40,Higher Studies,0
21943,2024-06-21 20:55:54,Better Offer,0
10579,2024-06-08 09:37:07,Better Offer,0
16636,2024-03-29 02:46:06,Relocation,0
6466,2021-07-28 08:44:38,Better Offer,0
5452,2021-05-18 23:06:19,Better Offer,1
15849,2024-06-12 15:23:44,Performance,0
12813,2019-12-10 07:16:38,Better Offer,1
40461,2020-10-20 18:45:06,Higher Studies,0
11208,2022-07-28 15:10:41,Personal,1
23011,2020-01-16 19:11:14,Performance,0
41469,2022-09-16 10:41:52,Relocation,1
14195,2021-07-19 18:08:12,Better Offer,0
13357,2021-07-22 05:26:44,Health,0
37488,2025-08-14 14:13:34,Personal,0
5561,2021-05-19 04:39:04,Better Offer,0
31041,2023-05-22 10:31:49,Better Offer,0
25937,2021-12-07 09:27:34,Better Offer,0
2874,2022-01-24 02:12:11,Personal,0
30926,2020-06-23 05:41:46,Higher Studies,0
18441,2025-05-11 09:20:13,Better Offer,0
242,2023-06-14 21:19:51,Better Offer,0
14534,2021-03-30 10:10:23,Better Offer,0
6166,2020-11-17 04:55:46,Higher Studies,0
26521,2025-02-23 18:45:48,Better Offer,0
8440,2021-05-09 16:01:14,Health,0
18219,2021-09-01 02:46:37,Better Offer,0
98,2025-06-28 07:45:48,Performance,0
30710,2022-04-08 23:16:35,Higher Studies,0
142,2024-07-04 12:55:45,Better Offer,0
10852,2021-03-17 16:01:43,Better Offer,0
31084,2021-01-20 01:19:46,Performance,1
3358,2019-09-08 12:50:31,Better Offer,1
15501,2024-04-07 11:50:55,Better Offer,0
18124,2021-07-24 17:34:46,Performance,0
29096,2024-08-28 16:07:34,Performance,1
41293,2023-12-22 12:10:58,Performance,0
24618,2024-08-12 19:25:49,Higher Studies,1
6545,2024-09-12 09:52:47,Health,0
21887,2024-02-08 08:24:39,Performance,0
6934,2021-01-17 09:27:24,Better Offer,0
15553,2024-02-17 14:04:36,Better Offer,0
18208,2021-08-28 12:45:08,Personal,0
6345,2023-04-12 07:11:08,Better Offer,0
28328,2023-04-17 08:27:41,Better Offer,0
5070,2020-08-09 10:39:48,Better Offer,0
5903,2021-05-14 20:47:29,Better Offer,0
35916,2022-03-10 13:51:18,Better Offer,1
35036,2024-01-11 01:16:10,Personal,0
27342,2021-02-23 01:45:56,Better Offer,0
35335,2021-04-10 04:13:58,Relocation,0
28282,2022-09-14 16:14:01,Better Offer,0
19214,2019-07-29 16:44:48,Personal,0
733,2022-10-22 05:11:35,Better Offer,0
20954,2022-03-17 23:14:36,Relocation,0
26875,2020-12-16 13:13:45,Better Offer,0
9860,2023-06-26 13:21:58,Higher Studies,1
7158,2025-05-28 18:10:14,Higher Studies,0
27923,2021-06-21 12:12:55,Higher Studies,0
3961,2020-11-28 10:13:22,Performance,0
30233,2024-11-21 08:27:39,Relocation,1
24889,2023-06-19 06:45:30,Better Offer,0
36500,2019-08-21 13:58:15,Performance,0
17087,2024-03-14 17:48:30,Higher Studies,0
23086,2025-05-05 04:11:08,Health,0
30289,2024-03-22 04:10:02,Performance,0
13661,2024-04-27 08:02:37,Relocation,1
30302,2019-11-05 09:05:02,Better Offer,1
405,2025-03-01 20:04:28,Performance,0
7813,2023-08-02 05:28:42,Higher Studies,0
19961,2022-07-24 05:10:53,Relocation,0
41548,2023-03-28 15:35:53,Personal,0
23861,2025-06-22 00:23:58,Health,1
43168,2020-09-20 12:07:41,Better Offer,1
32343,2025-04-15 04:21:53,Better Offer,0
18644,2023-10-08 07:33:52,Health,0
18337,2022-11-01 16:22:13,Better Offer,1
19551,2025-03-22 23:17:19,Higher Studies,0
31793,2024-02-11 00:23:20,Higher Studies,0
26608,2021-12-13 02:28:15,Better Offer,1
20464,2023-11-18 01:43:15,Performance,0
33303,2020-11-21 00:50:30,Better Offer,0
6479,2021-12-27 05:36:35,Better Offer,1
8537,2023-04-10 02:50:44,Better Offer,0
43216,2020-05-15 02:41:42,Better Offer,0
2924,2021-07-02 02:42:38,Relocation,0
18362,2025-08-16 15:36:31,Relocation,1
16174,2020-04-02 08:50:21,Better Offer,0
35739,2022-01-18 11:39:03,Performance,0
3701,2021-04-03 10:34:24,Better Offer,0
13019,2023-05-28 00:28:23,Better Offer,1
7131,2020-04-03 09:25:38,Better Offer,1
40371,2020-03-04 22:13:24,Relocation,0
17926,2024-01-16 16:09:58,Better Offer,0
43000,2025-04-04 15:23:32,Better Offer,0
14924,2021-01-03 11:08:34,Better Offer,0
14303,2023-06-04 14:40:11,Better Offer,1
21816,2022-12-31 17:49:08,Better Offer,0
18730,2025-06-06 06:24:09,Personal,1
15836,2024-08-12 15:04:24,Higher Studies,1
26036,2025-06-19 01:30:25,Better Offer,1
27774,2021-11-01 06:02:59,Better Offer,0
34217,2021-02-11 00:15:24,Better Offer,0
36822,2023-08-14 01:37:05,Higher Studies,1
4180,2019-10-20 18:13:11,Relocation,0
126,2025-03-24 08:58:55,Better Offer,0
32484,2024-06-08 08:07:04,Better Offer,0
15944,2025-03-27 15:30:03,Better Offer,0
29547,2022-03-09 10:25:37,Better Offer,0
687,2021-04-08 05:30:22,Performance,0
11450,2021-11-08 03:41:12,Better Offer,1
39569,2022-09-09 22:51:08,Better Offer,0
42428,2023-01-27 12:57:44,Better Offer,0
30528,2025-04-09 08:37:27,Performance,0
18556,2022-11-09 16:00:14,Performance,0
32400,2022-12-04 04:44:11,Better Offer,0
33689,2025-10-02 22:38:53,Better Offer,0
29933,2023-08-26 15:03:49,Better Offer,0
785,2025-08-17 12:22:06,Relocation,0
32436,2019-08-05 12:00:28,Better Offer,0
24259,2021-12-17 14:45:51,Higher Studies,1
6101,2023-03-19 09:20:50,Better Offer,0
11034,2020-06-29 16:57:33,Personal,0
37160,2021-12-12 01:33:55,Higher Studies,0
1568,2020-11-14 18:20:36,Higher Studies,1
26055,2021-05-06 21:38:01,Higher Studies,1
2079,2021-05-25 23:51:34,Personal,0
23007,2024-07-06 20:59:41,Better Offer,0
34683,2022-06-09 18:07:18,Better Offer,1
38339,2024-02-19 14:00:06,Relocation,0
12771,2021-04-25 00:43:43,Better Offer,1
26928,2023-05-31 00:27:50,Better Offer,0
1753,2024-07-09 20:50:11,Better Offer,1
7767,2019-12-07 16:55:16,Health,1
43008,2022-01-31 02:11:30,Better Offer,1
7815,2020-02-18 13:43:41,Better Offer,1
21456,2019-11-11 05:36:43,Better Offer,0
36357,2022-09-19 01:11:14,Personal,1
11344,2022-06-03 16:38:43,Performance,0
526,2023-05-14 07:16:10,Personal,1
23424,2023-03-02 11:04:41,Better Offer,0
9387,2020-01-16 12:25:49,Better Offer,0
25698,2020-03-30 01:15:58,Performance,0
40758,2019-10-13 09:55:25,Better Offer,1
4983,2022-06-25 05:26:31,Higher Studies,0
27787,2024-01-06 16:48:59,Better Offer,0
30336,2021-09-17 23:00:38,Better Offer,0
37268,2022-04-12 03:43:02,Performance,0
40667,2025-04-03 11:57:03,Better Offer,0
28599,2023-04-01 10:12:25,Better Offer,1
22013,2023-08-26 16:42:56,Better Offer,1
21734,2022-06-10 16:33:51,Personal,0
10158,2024-05-02 18:51:02,Better Offer,0
13627,2023-04-20 13:30:45,Better Offer,1
5038,2024-06-16 16:28:21,Relocation,0
13513,2020-11-08 15:34:59,Better Offer,0
3198,2022-12-11 01:51:43,Relocation,0
14281,2020-03-25 07:30:30,Better Offer,0
26109,2022-08-05 12:04:35,Personal,0
5373,2024-07-22 06:35:25,Better Offer,0
40957,2024-08-05 04:05:35,Performance,0
31410,2020-01-24 01:49:54,Performance,0
41787,2023-01-25 07:16:36,Better Offer,1
21365,2023-04-23 18:14:06,Personal,0
33973,2021-09-02 12:28:10,Better Offer,0
26702,2020-12-06 16:40:07,Better Offer,1
2869,2021-08-23 18:59:54,Better Offer,0
12510,2023-10-05 13:11:36,Performance,0
40742,2024-06-08 07:25:57,Better Offer,0
35947,2024-09-16 06:23:13,Better Offer,1
32697,2024-07-14 08:12:38,Personal,0
30950,2020-05-18 00:11:54,Better Offer,0
36940,2023-02-16 23:34:59,Relocation,0
32795,2019-12-17 13:33:07,Better Offer,0
25036,2019-07-04 23:12:33,Better Offer,0
1324,2022-05-06 13:36:27,Better Offer,0
42972,2025-09-22 19:11:56,Better Offer,0
4218,2022-05-05 23:03:16,Performance,1
888,2023-04-21 20:01:55,Better Offer,0
26971,2023-01-10 14:56:04,Personal,0
41661,2022-03-20 15:52:19,Personal,1
41478,2024-08-11 18:52:39,Personal,0
28319,2023-11-17 11:06:07,Personal,0
33038,2025-03-20 04:39:51,Performance,0
21241,2021-05-04 21:33:47,Better Offer,0
19779,2023-09-01 08:02:30,Better Offer,0
10132,2020-07-22 02:18:22,Higher Studies,0
4849,2025-09-25 21:01:55,Better Offer,1
23079,2025-10-07 14:04:08,Higher Studies,0
15684,2024-02-13 20:02:29,Personal,0
35101,2023-11-26 07:52:10,Performance,0
9679,2021-03-06 06:21:43,Higher Studies,0
37993,2025-05-02 20:08:39,Personal,0
20960,2025-05-30 10:49:20,Better Offer,0
4162,2020-11-23 23:56:07,Better Offer,1
4893,2022-09-08 06:41:54,Better Offer,0
768,2019-10-06 03:28:52,Higher Studies,0
40031,2025-04-30 08:50:26,Better Offer,0
11248,2021-12-09 16:35:36,Personal,1
16018,2023-07-30 22:32:41,Better Offer,1
41112,2024-04-16 06:43:06,Higher Studies,0
35593,2022-01-03 07:23:05,Better Offer,1
7085,2021-08-22 10:54:36,Better Offer,0
19974,2023-12-06 12:18:53,Better Offer,1
24580,2022-04-29 14:55:00,Relocation,0
1632,2023-10-15 02:22:28,Personal,0
26785,2020-09-15 07:27:31,Better Offer,0
1736,2025-08-01 01:59:02,Personal,0
25423,2023-07-27 02:28:42,Higher Studies,0
29244,2023-11-19 13:31:47,Performance,1
39546,2024-07-05 20:25:37,Better Offer,0
1745,2022-04-19 12:09:58,Better Offer,0
35030,2025-08-14 17:16:11,Better Offer,0
41975,2022-06-17 16:26:59,Better Offer,0
18489,2025-06-05 03:29:13,Better Offer,0
33960,2022-12-18 04:55:53,Relocation,1
33283,2021-02-23 01:33:02,Performance,1
26203,2019-07-21 12:09:00,Better Offer,0
3603,2025-03-26 19:18:35,Performance,0
33596,2023-03-24 07:50:50,Better Offer,0
3371,2022-09-16 07:13:55,Personal,0
6417,2020-01-11 08:47:49,Personal,0
28626,2022-05-30 04:36:16,Better Offer,0
16410,2023-07-02 14:52:24,Better Offer,0
21277,2025-10-27 01:03:44,Relocation,0
26348,2025-09-03 18:16:49,Performance,0
16722,2022-08-09 04:51:55,Higher Studies,0
7262,2020-09-07 15:12:57,Health,0
6592,2020-05-27 04:20:08,Better Offer,0
29299,2022-12-14 00:32:03,Better Offer,1
42145,2020-08-02 15:34:35,Relocation,0
28482,2020-07-18 12:08:26,Better Offer,1
23568,2023-07-18 18:24:06,Better Offer,0
8676,2020-05-09 12:50:15,Personal,0
7351,2022-08-06 20:48:03,Higher Studies,1
23205,2020-12-12 19:01:53,Performance,0
35525,2019-08-15 02:50:46,Performance,0
38106,2025-03-02 21:12:54,Better Offer,0
38131,2024-12-25 03:23:13,Better Offer,0
29957,2025-08-29 00:54:51,Health,0
19644,2024-10-30 19:59:54,Relocation,0
9363,2024-09-18 00:51:16,Higher Studies,0
35520,2020-06-07 09:21:59,Better Offer,1
31021,2022-02-16 06:49:59,Health,0
31968,2020-11-11 00:12:13,Health,1
29968,2021-04-20 03:58:12,Better Offer,0
5329,2022-02-11 07:20:02,Better Offer,0
33855,2020-02-09 01:19:20,Better Offer,0
33397,2023-08-11 14:10:53,Better Offer,0
19278,2020-08-31 21:10:52,Higher Studies,0
35570,2021-03-05 03:56:41,Better Offer,0
39588,2023-02-12 05:55:07,Better Offer,1
17380,2022-02-28 20:55:56,Performance,0
554,2025-03-06 00:04:51,Performance,0
5971,2025-07-07 18:41:37,Personal,0
30132,2021-01-29 23:52:51,Better Offer,1
2415,2023-11-03 20:46:14,Personal,0
42910,2023-02-01 03:26:08,Better Offer,0
42902,2022-07-28 13:22:05,Better Offer,0
5061,2024-10-18 12:18:54,Personal,0
260,2021-01-03 22:42:59,Health,0
42252,2023-12-05 04:04:40,Better Offer,0
29735,2023-05-08 21:18:28,Relocation,1
15048,2025-05-08 13:17:20,Performance,0
34160,2020-06-28 04:06:17,Personal,1
3847,2020-08-18 00:28:34,Higher Studies,0
7703,2021-02-05 09:27:22,Performance,0
6831,2022-09-11 17:03:06,Relocation,1
22041,2022-10-03 23:34:57,Better Offer,0
1906,2023-02-21 00:34:20,Better Offer,1
13353,2024-05-11 12:30:49,Better Offer,1
21043,2021-11-19 11:39:59,Better Offer,0
38610,2021-09-12 17:04:16,Higher Studies,0
27664,2024-04-25 14:09:29,Better Offer,1
42132,2023-04-08 09:27:36,Better Offer,0
17045,2023-07-31 13:58:06,Higher Studies,0
15118,2020-02-03 10:13:53,Relocation,0
41338,2020-01-10 18:57:19,Higher Studies,0
26419,2024-06-26 03:13:28,Better Offer,0
26833,2025-10-16 20:11:26,Better Offer,0
41328,2023-04-10 09:23:35,Better Offer,0
22152,2019-09-16 16:08:24,Higher Studies,0
7660,2021-02-13 17:52:32,Better Offer,0
17282,2023-01-16 11:03:41,Better Offer,1
20005,2023-05-02 09:41:13,Better Offer,0
3096,2020-03-19 01:02:50,Health,0
22705,2024-12-17 12:05:40,Better Offer,0
28066,2024-04-09 10:42:05,Relocation,1
22206,2020-05-26 13:10:54,Better Offer,0
5672,2025-06-12 15:42:20,Higher Studies,0
30055,2020-01-03 20:27:26,Health,0
5673,2022-02-26 07:46:05,Better Offer,1
40775,2020-11-01 00:24:26,Better Offer,0
1142,2020-01-26 22:08:10,Personal,1
36592,2021-06-15 23:57:23,Better Offer,1
1801,2022-12-24 11:43:42,Better Offer,0
15717,2024-11-06 10:20:17,Health,0
35138,2024-10-21 16:15:04,Better Offer,1
11751,2019-11-09 20:08:43,Relocation,1
658,2021-02-17 08:18:37,Better Offer,0
14983,2025-07-18 19:35:26,Better Offer,0
33688,2024-02-02 04:56:10,Better Offer,0
16534,2022-12-14 21:50:06,Better Offer,0
23051,2020-07-26 14:23:40,Better Offer,1
2771,2019-12-22 18:39:55,Personal,0
28581,2024-11-03 08:22:46,Performance,0
33944,2025-06-17 16:44:43,Better Offer,0
24251,2024-01-07 22:33:45,Health,0
341,2024-09-04 00:08:16,Performance,0
10178,2022-11-13 19:20:22,Relocation,0
830,2020-11-13 07:24:08,Personal,1
32661,2025-02-18 12:45:07,Personal,0
9883,2025-04-03 10:50:10,Better Offer,1
27956,2021-07-13 11:50:50,Health,0
4523,2021-09-09 04:40:05,Performance,0
21768,2022-11-05 20:26:46,Better Offer,0
4748,2024-06-19 05:07:19,Higher Studies,0
4561,2019-11-19 05:43:33,Personal,1
26469,2025-02-02 18:15:14,Relocation,0
29233,2024-11-02 12:10:02,Better Offer,1
32759,2022-09-03 03:38:14,Personal,0
39885,2022-05-07 09:57:19,Personal,0
20452,2023-07-16 15:52:16,Better Offer,0
2012,2025-05-10 07:35:21,Better Offer,0
169,2023-01-08 12:08:16,Better Offer,0
36372,2019-09-02 12:45:48,Health,1
3508,2024-01-08 07:42:50,Better Offer,1
9301,2021-09-11 16:43:38,Performance,0
7474,2020-12-27 07:23:13,Personal,0
28239,2021-04-04 11:00:09,Relocation,1
33671,2024-01-03 17:21:52,Better Offer,0
17731,2020-03-28 14:15:08,Better Offer,0
39113,2021-09-28 13:01:45,Better Offer,0
31439,2020-10-01 21:00:38,Personal,1
33243,2022-06-27 11:47:40,Performance,0
42852,2022-12-16 11:51:47,Performance,0
37906,2019-08-05 02:23:13,Performance,1
27116,2022-05-20 15:21:20,Higher Studies,0
32141,2021-06-14 03:38:34,Better Offer,0
10412,2019-11-08 15:29:40,Relocation,0
11986,2025-02-14 20:40:21,Higher Studies,0
10026,2020-02-09 13:16:10,Better Offer,0
41472,2023-02-05 15:30:06,Personal,1
5441,2022-08-20 10:15:58,Health,0
36838,2020-06-30 19:15:36,Better Offer,0
37946,2024-08-27 18:12:28,Better Offer,0
22593,2025-10-12 05:50:36,Performance,0
23590,2021-12-28 15:40:57,Better Offer,0
32376,2025-01-05 21:00:30,Better Offer,1
17729,2020-05-21 08:28:51,Higher Studies,1
29822,2025-09-24 18:36:49,Performance,0
2249,2021-10-25 20:30:39,Better Offer,1
3237,2021-07-04 22:30:05,Relocation,0
14100,2020-12-15 12:47:14,Personal,0
40626,2020-11-21 00:03:20,Better Offer,0
24884,2019-10-18 19:28:21,Health,0
13890,2024-10-24 16:16:44,Better Offer,0
13621,2021-07-21 06:20:36,Personal,0
5379,2022-09-06 22:36:52,Personal,1
10630,2021-10-04 19:17:42,Better Offer,0
22707,2023-12-10 00:36:39,Relocation,0
33878,2020-05-06 13:20:09,Better Offer,0
38545,2024-06-23 21:29:26,Relocation,0
36167,2020-11-22 03:48:50,Performance,0
5778,2021-03-05 06:41:26,Relocation,0
33240,2024-08-04 09:18:37,Personal,0
4407,2021-03-20 10:49:21,Better Offer,0
11558,2020-10-14 17:34:49,Personal,0
30412,2025-08-22 00:09:41,Health,0
30702,2025-10-27 09:05:32,Better Offer,0
32825,2024-09-03 04:04:23,Personal,0
36154,2021-09-09 01:11:02,Performance,1
4409,2021-03-04 06:58:13,Personal,0
27371,2022-12-21 11:13:00,Better Offer,0
26313,2024-05-31 20:23:58,Better Offer,0
27189,2019-07-29 12:15:42,Better Offer,0
15703,2022-04-22 14:48:57,Better Offer,0
23980,2021-05-03 11:16:53,Health,0
33986,2019-09-20 19:22:04,Personal,0
14263,2019-10-27 05:34:01,Performance,0
20163,2020-07-07 09:08:19,Performance,0
14822,2023-09-15 07:19:41,Better Offer,0
26380,2020-08-01 12:18:53,Relocation,1
19533,2021-03-13 14:24:03,Performance,0
16587,2020-08-29 09:23:00,Better Offer,0
34873,2023-02-05 10:03:00,Personal,0
21850,2022-01-18 23:15:11,Higher Studies,0
35104,2022-02-15 15:59:35,Better Offer,0
37185,2025-10-17 06:47:36,Relocation,0
42127,2019-08-03 13:16:55,Better Offer,0
42327,2019-08-08 06:45:17,Higher Studies,1
27200,2019-11-02 14:34:54,Better Offer,0
1667,2020-03-16 12:23:51,Better Offer,0
13532,2022-03-04 05:58:49,Relocation,1
25912,2024-01-23 02:33:05,Relocation,0
9893,2023-06-22 18:30:06,Better Offer,1
32174,2019-12-09 12:41:12,Better Offer,0
37878,2020-07-16 22:47:26,Relocation,0
17867,2019-09-13 17:46:23,Better Offer,0
39971,2025-01-21 03:25:03,Better Offer,0
34982,2020-09-09 22:55:48,Better Offer,1
21061,2019-12-23 11:40:06,Better Offer,0
23139,2023-01-02 13:30:24,Relocation,0
30100,2020-11-03 21:04:15,Better Offer,0
18798,2022-08-27 08:51:34,Performance,0
30049,2022-04-23 14:47:26,Personal,1
7129,2023-01-04 09:14:26,Better Offer,0
456,2025-05-16 22:06:53,Better Offer,0
33302,2019-11-23 10:32:55,Better Offer,0
21841,2021-09-03 09:40:46,Better Offer,0
28224,2024-01-29 22:52:13,Higher Studies,0
21909,2019-12-12 05:30:18,Higher Studies,0
3459,2021-05-15 23:21:00,Relocation,0
33643,2022-07-16 02:05:14,Higher Studies,0
17675,2023-04-16 14:17:37,Personal,0
4976,2025-01-20 01:16:44,Higher Studies,0
7533,2023-02-16 07:28:54,Better Offer,1
9574,2024-07-15 14:46:41,Better Offer,0
32705,2024-10-18 08:43:25,Relocation,1
12378,2020-01-21 04:42:45,Better Offer,0
17481,2023-04-15 17:46:15,Health,1
12468,2024-10-26 03:19:02,Better Offer,0
36758,2024-07-08 10:23:56,Health,0
30488,2019-12-31 03:00:34,Better Offer,0
21311,2023-02-02 20:04:29,Better Offer,1
17322,2020-02-06 08:26:01,Higher Studies,0
35721,2022-07-03 17:12:55,Performance,0
21988,2024-03-13 08:44:38,Better Offer,0
20393,2020-10-07 19:03:49,Performance,0
19241,2024-09-01 22:31:22,Better Offer,0
23716,2022-12-06 18:40:20,Better Offer,0
39581,2021-03-10 04:15:49,Personal,1
13776,2020-09-14 05:46:50,Performance,1
11004,2021-10-22 19:17:31,Better Offer,1
9645,2022-04-04 06:00:14,Performance,0
24234,2020-05-22 21:39:35,Performance,0
42251,2021-04-23 00:50:50,Better Offer,1
31129,2022-12-13 08:18:58,Performance,1
30011,2021-02-17 21:33:59,Relocation,0
32363,2024-04-29 17:13:47,Better Offer,0
7573,2019-10-22 00:46:03,Better Offer,0
13309,2024-10-02 22:05:49,Relocation,0
25970,2023-11-25 07:26:26,Better Offer,0
7818,2024-11-25 18:30:56,Better Offer,0
25993,2024-10-23 14:38:10,Relocation,0
16471,2020-11-06 13:28:27,Performance,1
23120,2024-10-20 04:04:00,Better Offer,0
13807,2020-08-10 07:41:35,Health,0
22994,2022-04-25 00:16:07,Relocation,1
41165,2020-06-07 10:56:06,Performance,0
17070,2021-03-28 19:35:27,Better Offer,1
35568,2021-01-12 14:55:37,Relocation,0
38467,2021-07-12 05:26:47,Personal,1
28540,2020-03-22 08:39:59,Better Offer,1
27658,2025-01-11 18:32:15,Personal,1
15565,2021-01-23 18:39:07,Performance,0
16000,2023-03-21 21:04:20,Better Offer,0
8288,2021-05-10 07:01:43,Higher Studies,0
25981,2025-05-05 01:50:03,Better Offer,0
2378,2023-10-09 16:57:48,Better Offer,0
24615,2021-03-17 06:18:26,Better Offer,1
13834,2022-05-18 06:21:13,Better Offer,0
30989,2019-09-09 17:03:21,Better Offer,0
29695,2025-01-12 01:18:36,Health,0
18544,2021-12-23 07:30:36,Performance,0
14752,2020-05-23 03:40:05,Performance,0
27410,2020-08-23 21:11:23,Performance,0
33791,2020-07-21 00:32:07,Performance,1
9519,2019-12-24 23:08:51,Relocation,0
31200,2023-01-16 09:38:41,Personal,0
24091,2025-05-22 05:34:03,Personal,0
37921,2022-08-14 17:17:54,Performance,0
15292,2020-01-20 03:48:35,Better Offer,1
13529,2023-11-10 17:23:49,Health,0
31348,2023-12-18 16:14:09,Better Offer,0
2115,2021-09-03 02:13:36,Performance,1
17509,2024-01-13 01:59:32,Performance,0
9410,2020-02-26 21:26:44,Higher Studies,0
27726,2023-11-02 14:06:35,Better Offer,0
1197,2023-10-04 21:08:16,Performance,0
38453,2021-05-28 07:24:21,Personal,0
9966,2020-04-03 11:41:30,Performance,0
26271,2024-10-20 07:12:20,Personal,1
29339,2024-07-28 22:06:04,Better Offer,1
2813,2023-01-16 00:26:57,Personal,0
43057,2024-07-05 09:20:10,Personal,0
1680,2023-08-14 21:22:31,Relocation,0
25555,2022-03-02 11:13:38,Higher Studies,1
22735,2021-09-25 08:49:45,Personal,0
11243,2023-09-06 19:46:48,Relocation,0
5470,2021-03-10 19:09:10,Personal,1
20681,2025-04-13 18:30:28,Better Offer,1
8417,2023-11-09 19:55:15,Higher Studies,0
4259,2022-06-04 00:14:31,Higher Studies,1
32426,2024-10-28 00:29:36,Performance,0
4171,2020-10-05 22:31:53,Relocation,0
12519,2021-10-17 20:52:43,Better Offer,0
19859,2021-03-13 00:28:51,Performance,0
30586,2021-03-22 23:52:57,Better Offer,0
2048,2021-02-08 05:33:09,Relocation,0
21262,2023-11-15 10:44:06,Personal,0
41828,2019-07-17 18:57:51,Performance,0
36927,2023-07-15 03:16:15,Health,0
41232,2025-01-15 02:28:20,Better Offer,1
42855,2019-12-10 09:47:26,Better Offer,0
2487,2020-12-01 20:04:11,Better Offer,0
26165,2025-10-06 07:54:21,Better Offer,0
27282,2022-06-19 06:55:40,Personal,0
23060,2022-08-06 05:14:30,Better Offer,0
29313,2020-03-11 08:46:58,Better Offer,0
15638,2024-06-20 16:13:58,Personal,0
4770,2023-04-01 11:14:15,Better Offer,0
35233,2022-03-21 12:45:39,Personal,0
6901,2020-11-06 15:15:30,Relocation,1
34866,2022-03-22 09:10:31,Better Offer,0
8817,2024-01-28 11:59:35,Better Offer,1
6671,2023-03-22 23:04:32,Higher Studies,1
17646,2020-04-12 17:45:45,Higher Studies,0
17892,2023-08-12 17:48:58,Performance,0
37425,2022-03-26 11:50:32,Personal,0
12710,2022-12-26 12:09:19,Better Offer,1
33433,2022-10-13 04:31:11,Relocation,0
16570,2021-09-12 13:21:47,Personal,0
36403,2024-07-10 01:18:03,Performance,1
17051,2024-09-28 14:19:24,Higher Studies,1
41795,2020-06-03 18:16:07,Higher Studies,1
23409,2021-09-05 06:54:51,Better Offer,0
32580,2019-10-01 04:04:41,Performance,0
18851,2019-12-03 22:36:32,Better Offer,1
23351,2021-03-15 07:58:05,Better Offer,1
5721,2025-06-21 12:12:43,Relocation,0
5079,2020-12-22 23:36:06,Higher Studies,1
15709,2022-08-04 17:57:02,Better Offer,0
28552,2021-07-16 14:49:57,Health,1
39287,2021-01-14 20:41:23,Performance,0
14251,2023-01-15 16:31:59,Better Offer,0
36634,2019-12-22 16:16:43,Better Offer,0
22589,2023-02-08 11:44:45,Personal,0
16120,2024-05-11 23:56:25,Higher Studies,1
7510,2024-04-05 01:07:54,Better Offer,1
2411,2019-09-02 18:31:20,Better Offer,1
37761,2022-09-08 18:23:03,Performance,0
21091,2023-09-14 11:25:42,Better Offer,0
8559,2023-10-11 19:38:51,Relocation,0
2519,2019-10-08 11:49:23,Higher Studies,0
27205,2023-09-18 06:48:31,Better Offer,0
3305,2024-03-17 16:50:27,Performance,0
694,2024-02-10 11:05:42,Health,0
25697,2020-02-18 10:22:09,Better Offer,0
36700,2023-07-23 14:37:21,Higher Studies,0
23754,2021-01-07 05:17:25,Health,1
5998,2024-03-23 01:09:12,Relocation,0
32498,2025-05-25 15:32:55,Better Offer,1
32793,2023-06-06 11:27:25,Better Offer,0
1758,2023-07-14 06:58:30,Better Offer,0
16430,2022-06-13 13:47:01,Performance,0
36245,2020-06-26 09:10:02,Health,0
13307,2020-08-28 20:38:37,Relocation,0
27032,2022-02-19 01:32:21,Higher Studies,0
23278,2023-10-25 23:46:50,Performance,0
29876,2024-12-29 11:53:36,Better Offer,0
6142,2022-10-16 00:05:38,Personal,0
15367,2023-02-28 05:26:32,Higher Studies,1
4747,2020-10-26 20:09:11,Health,0
28706,2022-10-29 14:16:15,Higher Studies,0
18433,2022-06-15 15:30:15,Personal,1
37003,2023-04-25 12:37:31,Relocation,1
12807,2025-09-19 13:07:46,Better Offer,0
11793,2025-05-28 17:34:33,Health,1
12905,2023-03-10 04:31:48,Better Offer,0
29838,2023-07-11 16:52:03,Higher Studies,1
27917,2023-07-01 23:04:13,Higher Studies,0
21956,2021-01-09 04:03:00,Higher Studies,1
15522,2022-11-24 10:47:52,Performance,0
31548,2024-01-15 22:26:37,Relocation,1
9576,2020-05-26 04:48:10,Relocation,0
7362,2023-03-14 01:51:25,Better Offer,0
27248,2020-07-11 08:57:50,Better Offer,0
3135,2024-05-10 03:29:03,Personal,0
9950,2021-02-24 05:33:05,Higher Studies,0
1855,2020-11-18 22:41:32,Better Offer,0
31654,2024-12-21 18:23:47,Performance,0
8051,2021-12-22 16:16:27,Performance,0
14326,2023-01-29 21:19:16,Relocation,0
5807,2021-05-16 04:34:04,Health,0
38108,2024-04-02 08:00:53,Better Offer,0
2995,2024-03-17 22:04:25,Personal,1
21173,2024-05-25 20:47:21,Better Offer,1
8725,2023-02-17 16:58:30,Better Offer,0
262,2021-06-13 16:54:19,Personal,1
828,2022-02-02 02:30:35,Relocation,0
11717,2025-09-16 03:56:51,Health,1
38594,2024-02-26 21:49:58,Higher Studies,1
16674,2022-11-08 02:36:43,Performance,0
31289,2023-05-22 20:23:21,Performance,1
16127,2020-12-17 00:34:19,Relocation,0
15349,2021-11-23 19:43:37,Personal,0
26135,2025-03-06 16:31:53,Relocation,0
7045,2023-04-14 06:34:24,Relocation,1
37891,2023-10-25 10:37:45,Relocation,0
11536,2024-08-17 18:37:59,Better Offer,0
7882,2022-09-07 03:47:11,Performance,0
40373,2025-09-28 20:43:34,Better Offer,1
2135,2019-07-11 18:23:04,Relocation,1
8995,2020-11-20 11:26:07,Better Offer,0
8083,2021-11-19 02:19:35,Performance,1
19296,2019-10-26 19:50:57,Better Offer,0
40159,2024-06-02 19:56:37,Better Offer,0
20847,2021-01-30 04:38:13,Better Offer,0
25194,2023-08-17 13:50:20,Better Offer,1
28583,2025-01-02 11:51:46,Better Offer,1
20020,2023-02-15 02:29:06,Better Offer,0
9780,2021-12-20 20:46:31,Better Offer,0
27182,2021-03-07 20:00:00,Higher Studies,0
31241,2020-12-02 00:39:38,Better Offer,0
17799,2022-11-13 13:09:38,Better Offer,0
38333,2022-11-07 13:25:34,Higher Studies,0
5449,2023-08-24 13:05:16,Performance,0
14340,2021-01-28 16:11:26,Better Offer,0
32818,2020-10-28 18:15:50,Better Offer,1
21296,2024-06-15 09:37:09,Better Offer,0
6723,2023-06-05 20:06:36,Relocation,0
30008,2020-11-23 10:49:34,Performance,0
30270,2019-07-06 09:29:15,Performance,0
9863,2024-08-19 07:49:31,Performance,0
43187,2022-05-01 20:37:10,Performance,0
15273,2021-05-20 20:46:11,Better Offer,1
10796,2022-11-13 02:37:05,Better Offer,0
30,2023-12-27 12:40:11,Better Offer,0
13562,2025-05-03 09:30:28,Better Offer,0
19101,2022-10-31 21:07:44,Personal,0
28446,2021-05-21 09:13:50,Performance,0
4238,2019-08-31 21:54:46,Performance,0
24231,2019-07-13 16:43:31,Personal,0
21950,2023-09-09 04:19:46,Better Offer,1
35377,2023-12-16 07:02:48,Personal,0
3598,2025-02-23 17:18:49,Health,0
37693,2021-08-25 12:52:11,Better Offer,1
35750,2023-05-02 17:03:58,Better Offer,0
27378,2021-11-20 06:14:43,Higher Studies,0
12261,2019-09-04 22:22:35,Better Offer,0
13349,2019-09-08 19:09:47,Personal,1
26703,2024-04-19 01:54:30,Better Offer,0
16547,2021-08-26 01:52:52,Higher Studies,0
28274,2023-09-25 14:58:17,Performance,0
11035,2024-04-07 07:14:15,Relocation,0
29538,2021-11-08 06:14:53,Better Offer,0
20836,2020-09-17 11:07:25,Better Offer,0
39318,2024-06-07 19:10:35,Performance,0
34613,2024-06-09 05:13:15,Personal,0
2547,2025-01-25 03:32:04,Performance,0
10212,2022-05-30 00:18:07,Higher Studies,0
37657,2020-02-18 07:30:24,Personal,0
25024,2020-03-15 02:15:47,Better Offer,0
20105,2025-07-03 03:56:18,Better Offer,0
41108,2023-05-21 20:23:54,Better Offer,0
34625,2023-01-24 21:32:09,Personal,0
13752,2019-09-22 07:03:43,Performance,0
41373,2024-01-26 04:07:10,Performance,0
37500,2024-04-11 18:56:44,Personal,0
23203,2020-10-31 05:24:23,Higher Studies,0
8194,2023-06-15 12:00:41,Performance,1
27148,2021-10-09 22:52:21,Relocation,0
8892,2020-02-01 00:19:37,Relocation,0
14092,2022-04-22 20:53:48,Higher Studies,1
23371,2025-02-27 20:03:38,Better Offer,1
21310,2020-10-02 10:30:51,Relocation,1
15080,2021-02-23 09:12:06,Performance,0
7025,2020-09-05 12:58:45,Performance,1
32909,2023-02-25 07:25:14,Health,0
23850,2022-10-15 19:28:20,Personal,1
26471,2024-12-10 19:52:51,Better Offer,0
35983,2020-08-08 14:52:28,Better Offer,0
26549,2021-10-23 19:17:12,Better Offer,0
36332,2019-09-15 04:34:24,Relocation,1
29531,2024-05-13 07:05:02,Performance,1
36452,2022-01-12 07:36:35,Higher Studies,0
37712,2024-02-29 08:34:31,Better Offer,0
14429,2019-07-29 03:15:11,Better Offer,0
21879,2020-05-21 18:32:28,Better Offer,0
16590,2022-09-18 03:12:39,Higher Studies,0
22437,2025-10-07 15:39:23,Better Offer,0
9483,2025-08-16 18:00:19,Better Offer,0
28348,2020-08-02 14:11:39,Relocation,0
5302,2020-04-08 14:27:57,Performance,0
35714,2025-08-18 11:39:28,Better Offer,0
23858,2022-01-21 10:11:35,Better Offer,0
15151,2020-07-16 13:51:38,Better Offer,0
25625,2022-09-20 04:29:34,Personal,0
32354,2022-03-20 09:16:09,Better Offer,0
34905,2024-11-12 08:59:21,Better Offer,1
31470,2020-07-23 08:43:04,Better Offer,1
17065,2024-10-13 16:42:00,Higher Studies,0
35214,2020-06-15 01:52:18,Better Offer,0
35000,2021-12-30 21:19:48,Personal,0
35944,2024-08-12 12:04:32,Relocation,0
5019,2020-12-24 17:53:52,Personal,0
7739,2022-09-23 18:52:37,Better Offer,1
11192,2023-07-14 05:51:57,Performance,1
3395,2020-11-26 10:40:49,Higher Studies,1
22417,2024-08-01 10:39:16,Better Offer,1
37801,2025-09-15 00:34:22,Better Offer,0
6594,2020-04-17 02:05:00,Better Offer,0
36501,2022-02-14 05:03:39,Better Offer,1
24928,2022-05-26 05:08:56,Personal,1
23128,2022-09-18 17:05:20,Better Offer,0
22165,2021-08-15 08:29:17,Better Offer,0
34442,2019-11-29 16:04:00,Performance,1
23683,2022-04-18 01:28:57,Performance,0
2326,2023-07-18 12:49:16,Better Offer,1
9072,2020-07-08 17:31:59,Performance,0
311,2022-04-23 09:48:19,Personal,1
25774,2022-09-14 23:29:19,Health,1
15733,2022-06-01 17:10:21,Better Offer,1
22296,2025-09-26 11:21:03,Performance,0
15115,2020-01-18 15:27:01,Performance,0
15183,2024-10-20 13:39:11,Better Offer,0
26280,2020-01-31 03:16:55,Better Offer,0
4574,2021-07-23 04:01:43,Relocation,0
2015,2020-12-03 19:39:58,Performance,0
15698,2020-09-15 15:26:24,Better Offer,0
15456,2020-09-20 14:37:56,Better Offer,0
32772,2023-08-12 05:21:41,Personal,0
42356,2024-04-03 10:22:01,Better Offer,1
25467,2020-11-02 12:39:09,Better Offer,0
9091,2021-08-13 12:46:19,Better Offer,0
20480,2022-08-24 23:44:44,Better Offer,1
1220,2023-03-25 13:44:18,Personal,0
8044,2024-04-21 01:51:50,Performance,0
5556,2024-03-10 13:29:04,Higher Studies,1
38896,2024-06-20 18:10:17,Personal,1
25951,2025-01-19 23:52:14,Better Offer,1
32147,2024-06-06 03:44:46,Higher Studies,1
3870,2025-01-29 15:26:04,Personal,0
37191,2020-01-18 17:26:12,Personal,1
26495,2024-06-22 11:11:14,Better Offer,0
15483,2023-07-31 22:17:14,Personal,1
35487,2024-02-03 18:49:33,Better Offer,1
27466,2021-03-11 09:25:14,Performance,0
36102,2023-12-07 07:43:18,Personal,0
31171,2021-12-15 03:14:58,Better Offer,0
10023,2024-04-25 07:13:42,Performance,0
33667,2021-05-30 01:14:03,Higher Studies,0
7152,2021-03-29 16:59:26,Higher Studies,0
10601,2020-04-19 13:01:05,Better Offer,0
2880,2022-02-01 03:00:27,Higher Studies,1
15770,2020-08-16 02:40:49,Performance,0
39910,2024-12-30 15:59:01,Better Offer,0
15535,2025-06-19 12:38:44,Higher Studies,0
18568,2022-11-22 11:46:09,Performance,1
569,2025-06-06 01:45:50,Performance,0
19256,2022-07-10 14:45:31,Higher Studies,0
15774,2023-12-14 02:56:14,Higher Studies,0
27594,2019-09-15 00:58:53,Better Offer,0
6552,2022-11-04 12:09:20,Better Offer,0
15393,2023-12-13 08:20:57,Personal,0
16381,2024-11-25 07:38:04,Better Offer,0
32257,2024-12-15 05:00:07,Better Offer,0
35260,2023-04-07 15:26:28,Higher Studies,0
35818,2022-06-01 15:32:37,Better Offer,1
41978,2019-07-30 23:34:21,Health,0
18271,2024-07-17 23:50:40,Better Offer,0
41119,2024-04-05 08:04:34,Personal,1
42555,2024-05-08 04:45:01,Better Offer,0
19605,2025-05-29 10:10:59,Relocation,0
22604,2025-09-06 01:28:56,Personal,1
32428,2021-04-28 20:29:01,Performance,0
6995,2024-03-01 14:09:59,Better Offer,1
30775,2024-12-20 06:54:10,Relocation,0
19474,2023-07-08 20:21:08,Higher Studies,0
34163,2025-10-10 02:33:52,Personal,0
40876,2019-12-21 22:37:50,Personal,0
41088,2024-10-23 03:28:05,Better Offer,0
23798,2023-01-27 00:22:12,Personal,0
15213,2023-08-07 06:35:19,Better Offer,0
3007,2022-03-22 04:09:11,Personal,0
19192,2019-08-07 01:41:33,Better Offer,0
41229,2022-04-30 12:45:26,Better Offer,0
14233,2021-06-10 20:51:30,Personal,0
41969,2021-10-09 19:31:08,Relocation,0
23419,2025-04-13 06:05:38,Relocation,1
35621,2023-11-17 07:40:43,Better Offer,0
18714,2021-09-19 21:13:02,Performance,1
17545,2023-06-18 10:29:28,Higher Studies,1
39568,2021-10-08 21:22:54,Better Offer,0
14852,2021-02-21 15:20:44,Personal,0
27499,2025-10-18 17:35:56,Personal,0
17437,2021-01-28 02:46:11,Higher Studies,0
30867,2020-02-04 16:12:25,Better Offer,1
34779,2021-03-09 20:32:04,Performance,1
43102,2025-04-29 02:47:57,Better Offer,1
23179,2024-01-13 05:44:33,Better Offer,1
26044,2023-09-12 20:19:08,Health,1
21372,2021-08-30 05:37:08,Better Offer,1
28053,2022-05-25 16:54:05,Better Offer,0
1175,2019-11-10 04:01:33,Personal,0
4142,2020-02-15 15:55:08,Better Offer,0
18191,2022-01-06 22:40:36,Better Offer,1
16385,2023-03-05 05:38:24,Personal,1
28724,2020-08-14 18:07:20,Health,1
18793,2024-01-30 01:43:34,Better Offer,0
8124,2019-10-07 05:58:03,Better Offer,0
13933,2023-12-03 02:59:25,Better Offer,0
25163,2021-06-23 18:16:41,Better Offer,0
14388,2023-04-08 17:10:11,Better Offer,0
31786,2020-09-01 13:52:21,Health,1
29177,2020-08-21 11:12:09,Performance,0
41921,2020-12-23 22:39:51,Higher Studies,0
12391,2025-07-01 07:14:24,Higher Studies,1
39616,2025-07-11 11:40:18,Better Offer,0
26893,2020-04-12 03:54:15,Relocation,1
31800,2023-03-20 04:43:02,Better Offer,0
30464,2021-02-12 03:48:23,Better Offer,0
38684,2020-06-25 00:47:19,Better Offer,1
42478,2020-12-15 06:09:37,Better Offer,0
15706,2024-01-14 02:31:34,Higher Studies,0
30433,2022-03-26 02:50:01,Relocation,1
15397,2023-07-04 06:15:02,Relocation,0
18643,2024-09-27 14:09:17,Better Offer,0
24141,2022-04-25 07:50:27,Performance,0
6160,2021-09-26 16:47:23,Better Offer,1
9179,2022-05-09 20:32:03,Higher Studies,0
17335,2025-05-25 14:39:19,Health,0
36488,2022-09-13 09:59:52,Personal,1
43182,2019-10-07 12:07:09,Higher Studies,0
9937,2020-04-17 02:19:02,Performance,1
35552,2022-03-05 20:04:28,Better Offer,1
29368,2020-06-29 21:46:59,Relocation,1
26436,2021-05-31 12:11:03,Higher Studies,1
18459,2021-09-08 16:42:33,Relocation,1
8984,2025-05-12 22:31:03,Better Offer,1
19028,2024-07-20 15:41:28,Relocation,1
1445,2020-10-04 15:49:29,Better Offer,0
26686,2020-09-11 03:50:43,Better Offer,1
6482,2020-05-07 19:41:52,Better Offer,0
33369,2019-07-26 22:59:21,Personal,0
18494,2021-03-05 18:52:00,Performance,0
39394,2020-12-19 09:41:10,Better Offer,0
39621,2019-12-22 16:28:34,Personal,0
33679,2020-01-17 04:15:17,Better Offer,0
6086,2025-01-13 14:11:28,Relocation,0
31737,2021-02-03 06:02:10,Performance,0
23600,2023-10-31 16:28:21,Better Offer,0
33195,2023-04-16 12:22:49,Better Offer,0
6850,2022-09-06 23:13:22,Better Offer,1
39128,2025-05-02 12:51:42,Performance,0
40212,2025-03-22 10:03:16,Performance,0
22493,2024-10-29 20:44:59,Better Offer,1
30490,2022-10-26 14:49:37,Performance,0
10086,2024-08-10 14:51:06,Higher Studies,0
14708,2020-06-03 13:35:29,Better Offer,0
10206,2019-08-10 07:06:35,Performance,0
28595,2024-11-01 17:13:56,Better Offer,0
21598,2020-04-07 13:14:42,Better Offer,1
36753,2022-04-28 13:53:08,Personal,0
36184,2023-10-09 03:22:17,Better Offer,1
18536,2025-07-16 08:20:50,Better Offer,0
37700,2020-10-11 19:28:16,Better Offer,0
17848,2025-08-02 00:12:54,Personal,1
23376,2025-10-12 00:57:36,Better Offer,1
37462,2019-12-07 22:27:17,Personal,0
40102,2024-03-20 08:35:17,Better Offer,0
13675,2023-01-20 00:01:40,Personal,1
39678,2020-04-11 02:58:26,Better Offer,1
36313,2022-10-21 15:13:54,Better Offer,0
5087,2024-04-30 01:54:44,Better Offer,0
28503,2025-07-07 21:41:38,Performance,0
22208,2023-03-11 21:57:02,Performance,0
33512,2020-04-16 07:07:10,Performance,0
12441,2021-06-10 11:13:41,Health,0
24029,2023-12-09 22:51:58,Better Offer,0
17144,2019-07-01 08:29:19,Relocation,0
16746,2025-05-06 05:55:57,Higher Studies,0
37049,2023-05-30 01:06:28,Better Offer,0
39464,2022-02-05 07:33:06,Better Offer,0
27398,2020-12-07 15:03:39,Better Offer,0
7308,2020-05-03 13:06:48,Performance,0
11290,2019-10-29 10:47:37,Performance,1
32373,2025-06-26 10:57:52,Personal,1
36249,2022-03-11 04:51:12,Higher Studies,1
21772,2022-11-30 21:12:47,Performance,1
28636,2022-05-20 11:38:14,Better Offer,0
17637,2023-07-31 12:31:00,Personal,0
28510,2022-11-13 08:01:28,Performance,0
32621,2023-02-02 09:32:48,Personal,0
10403,2022-02-02 07:24:11,Relocation,0
4514,2025-05-27 22:12:17,Better Offer,0
15707,2023-07-17 01:44:07,Performance,0
41735,2019-09-10 09:01:32,Relocation,0
28981,2024-05-13 19:14:17,Better Offer,0
26883,2025-04-25 07:58:04,Better Offer,0
17552,2024-11-10 04:44:42,Relocation,0
4632,2022-04-14 16:41:24,Relocation,0
35032,2021-09-26 14:15:51,Performance,1
9160,2020-09-04 01:38:27,Better Offer,0
34329,2025-06-14 09:50:38,Higher Studies,0
34800,2022-03-03 00:47:02,Better Offer,0
36708,2025-06-10 11:28:55,Better Offer,0
20578,2024-04-18 19:10:52,Relocation,0
1229,2021-02-12 13:12:35,Personal,0
528,2020-05-01 13:56:46,Better Offer,0
27765,2021-12-21 10:35:20,Higher Studies,0
15147,2022-04-26 21:07:43,Higher Studies,0
41256,2020-08-28 04:06:03,Better Offer,0
25699,2020-11-12 06:21:46,Performance,0
35847,2022-09-25 13:15:17,Better Offer,0
18575,2025-09-25 02:10:36,Better Offer,1
4513,2023-11-15 09:48:17,Health,0
31927,2024-07-15 17:29:55,Better Offer,0
27429,2023-10-16 02:56:49,Relocation,0
27129,2023-12-22 11:39:01,Personal,0
1988,2020-09-07 03:38:48,Better Offer,0
28966,2019-07-26 00:02:05,Higher Studies,0
2155,2020-02-08 00:46:58,Better Offer,0
33603,2021-04-12 07:07:49,Better Offer,0
14153,2021-08-13 06:07:06,Better Offer,1
2602,2025-06-06 12:21:28,Better Offer,0
7395,2023-06-07 08:18:25,Better Offer,0
38739,2022-09-09 15:11:17,Higher Studies,0
15197,2020-10-01 17:34:03,Better Offer,1
33124,2024-07-12 12:02:51,Personal,0
38107,2021-02-14 18:41:42,Higher Studies,0
29437,2023-06-18 05:11:32,Better Offer,0
39372,2020-01-28 06:13:24,Better Offer,0
33151,2020-01-27 05:48:54,Health,0
3883,2024-03-04 14:45:07,Better Offer,0
1577,2024-09-15 17:20:04,Better Offer,1
1265,2020-11-07 07:23:56,Relocation,0
35344,2020-01-31 11:16:44,Performance,0
13704,2025-10-19 13:57:06,Personal,0
28022,2022-12-09 14:54:05,Personal,0
36608,2023-08-26 09:35:05,Performance,1
2122,2024-02-13 03:51:44,Relocation,0
26773,2019-08-30 05:16:06,Better Offer,0
27928,2021-02-28 10:30:17,Better Offer,0
17313,2020-11-03 17:25:07,Relocation,0
36935,2019-08-23 03:12:13,Health,0
35890,2024-06-07 03:23:53,Higher Studies,1
19092,2024-04-27 00:56:53,Performance,0
35995,2021-05-06 01:17:45,Better Offer,0
31988,2023-02-10 01:04:18,Health,0
15201,2023-07-18 09:50:21,Relocation,0
20288,2023-12-15 17:50:11,Better Offer,0
1038,2025-08-24 02:06:52,Higher Studies,1
14126,2022-08-08 08:02:54,Personal,0
6655,2024-04-15 21:14:50,Performance,0
36947,2019-08-11 21:42:56,Better Offer,1
41249,2021-10-07 23:22:14,Better Offer,1
28689,2025-08-13 08:18:33,Better Offer,0
41131,2025-04-30 18:29:53,Health,0
30045,2022-10-04 06:48:07,Higher Studies,0
33326,2020-06-19 02:52:14,Higher Studies,1
26854,2024-11-29 15:58:19,Performance,0
39393,2022-09-13 19:48:19,Better Offer,1
28305,2024-09-22 09:07:07,Performance,1
38085,2023-12-20 08:37:07,Better Offer,0
1794,2020-10-05 12:20:18,Personal,0
31785,2024-07-24 19:39:13,Better Offer,1
18945,2024-07-19 07:41:13,Relocation,0
37303,2023-12-15 14:20:58,Better Offer,0
6070,2024-06-07 20:28:47,Health,0
35124,2025-07-29 21:55:08,Better Offer,0
6488,2025-08-25 17:27:06,Relocation,0
17169,2024-09-13 13:51:40,Better Offer,0
20123,2020-03-23 16:53:06,Better Offer,1
21593,2024-07-29 16:51:07,Personal,1
14036,2022-01-19 13:57:24,Relocation,0
24414,2025-03-06 21:40:33,Better Offer,0
26496,2023-01-11 20:27:50,Health,0
24226,2025-10-23 03:33:20,Health,0
35368,2023-09-10 17:48:24,Better Offer,0
6057,2023-04-03 09:46:10,Better Offer,0
10914,2020-06-27 07:09:00,Better Offer,1
38676,2020-06-27 10:22:17,Better Offer,1
27306,2021-07-17 14:41:07,Better Offer,1
27982,2021-06-07 07:45:23,Health,0
41130,2021-10-19 23:10:21,Better Offer,1
28686,2020-04-17 03:36:02,Performance,0
21709,2025-10-13 17:26:34,Better Offer,1
25428,2021-08-13 23:48:28,Relocation,0
32142,2021-12-08 15:42:56,Higher Studies,0
29726,2024-05-06 18:49:59,Performance,0
837,2022-04-28 20:40:58,Better Offer,1
18150,2022-07-07 21:36:19,Health,0
8583,2022-05-03 02:42:47,Better Offer,0
38884,2024-02-25 16:50:53,Performance,0
9588,2021-10-15 05:52:45,Better Offer,0
29103,2024-01-04 01:24:36,Better Offer,0
41331,2022-09-24 03:14:08,Higher Studies,0
11363,2024-06-26 08:50:43,Personal,1
11507,2024-01-21 12:18:02,Better Offer,0
34911,2023-07-01 08:12:15,Performance,0
41250,2022-03-14 03:06:25,Better Offer,0
16296,2024-05-03 13:15:59,Health,0
7558,2021-08-24 18:50:22,Better Offer,1
9240,2023-03-24 10:57:17,Better Offer,1
3356,2024-06-17 21:59:10,Health,0
37780,2023-10-24 03:16:22,Higher Studies,1
32085,2024-02-17 02:29:49,Better Offer,1
988,2021-03-14 14:58:06,Performance,0
31757,2020-01-24 01:42:17,Better Offer,0
17701,2024-04-23 11:48:28,Better Offer,0
12282,2020-08-20 01:17:57,Better Offer,0
26285,2022-04-24 02:05:09,Relocation,1
35768,2021-09-19 14:00:41,Health,0
36217,2025-02-22 13:52:19,Relocation,0
25672,2024-07-07 08:23:19,Performance,0
30622,2021-02-25 15:49:49,Personal,0
6704,2025-05-20 17:49:48,Personal,0
7806,2025-10-03 19:51:50,Better Offer,0
40438,2024-06-12 20:58:06,Better Offer,1
34897,2020-11-11 17:14:30,Relocation,0
1421,2020-02-19 07:40:34,Performance,0
13699,2021-04-06 19:09:04,Health,1
817,2023-10-04 12:35:57,Performance,1
28011,2021-08-29 17:50:47,Higher Studies,0
13421,2024-03-19 17:18:02,Performance,1
32276,2025-07-31 19:24:39,Relocation,0
1890,2019-09-05 12:11:37,Performance,0
8052,2021-07-16 09:16:02,Personal,0
21557,2023-08-28 18:01:57,Better Offer,1
4874,2020-06-28 04:12:00,Performance,0
13813,2022-05-30 16:44:44,Higher Studies,1
14941,2020-04-16 04:30:47,Better Offer,0
7229,2022-06-15 13:06:46,Performance,0
6855,2020-06-28 10:36:21,Health,0
42837,2022-06-05 14:34:30,Relocation,0
23696,2020-05-15 10:23:18,Better Offer,1
35244,2024-01-08 22:06:10,Better Offer,1
39053,2020-02-28 14:07:42,Personal,1
28187,2024-10-14 18:10:20,Better Offer,0
28693,2023-01-05 15:32:10,Personal,1
20435,2022-12-21 21:56:06,Better Offer,0
9739,2023-09-26 20:47:57,Better Offer,1
33827,2023-01-11 06:56:10,Personal,1
31151,2023-03-11 07:02:52,Higher Studies,1
37816,2019-12-01 09:04:54,Better Offer,0
40803,2019-08-31 20:58:07,Better Offer,0
32982,2021-02-15 11:19:26,Higher Studies,0
5141,2024-09-13 05:53:47,Personal,1
2098,2024-09-23 20:12:49,Better Offer,0
940,2019-08-17 03:23:07,Better Offer,0
39239,2024-01-15 07:01:49,Relocation,1
11317,2021-04-01 19:49:32,Better Offer,0
26076,2021-06-02 06:52:03,Better Offer,0
28914,2022-11-21 05:24:27,Performance,1
19396,2022-03-07 17:36:46,Higher Studies,0
36392,2025-10-31 13:34:10,Higher Studies,0
4603,2024-09-28 19:59:51,Higher Studies,0
19749,2021-03-04 16:48:31,Higher Studies,0
12426,2020-01-15 18:43:27,Personal,0
24858,2021-04-20 10:22:15,Higher Studies,0
36229,2023-11-08 13:06:08,Personal,0
16971,2021-05-07 16:07:55,Performance,1
31869,2025-05-20 19:43:52,Performance,0
8404,2022-08-18 23:34:55,Better Offer,1
32144,2023-02-07 19:24:40,Higher Studies,0
17073,2024-11-20 06:21:32,Relocation,0
24158,2024-11-30 07:48:19,Better Offer,0
34471,2025-06-19 15:13:12,Personal,0
30261,2020-05-03 20:29:15,Performance,0
13711,2019-07-09 17:41:07,Health,0
1939,2020-01-17 14:13:28,Better Offer,0
32330,2021-04-23 17:53:21,Relocation,1
7888,2020-04-05 05:36:12,Better Offer,0
36615,2023-01-02 01:53:25,Better Offer,0
42130,2025-09-01 16:04:03,Personal,0
1977,2023-11-23 20:58:13,Higher Studies,0
40558,2021-07-09 17:58:07,Better Offer,0
28492,2019-10-22 23:36:51,Better Offer,0
4445,2025-06-21 15:19:40,Relocation,0
1095,2025-01-05 13:24:32,Relocation,0
41474,2021-03-02 01:10:24,Relocation,0
40685,2025-03-11 06:54:12,Personal,0
17016,2025-09-30 00:43:12,Better Offer,0
26206,2022-09-15 07:35:30,Relocation,0
31636,2022-04-27 15:12:05,Relocation,0
32012,2022-09-12 12:50:25,Relocation,1
11472,2020-12-22 12:03:05,Better Offer,1
42512,2020-05-11 17:55:11,Higher Studies,1
10713,2021-03-17 20:00:21,Personal,0
12756,2019-08-31 11:04:10,Health,0
32908,2023-10-07 16:28:22,Higher Studies,1
40281,2022-01-22 06:14:02,Higher Studies,1
20349,2019-12-04 04:26:16,Better Offer,1
25716,2025-07-03 15:50:12,Relocation,1
43081,2024-09-24 19:43:10,Performance,0
2979,2022-09-18 07:55:52,Personal,0
443,2025-05-16 21:44:10,Relocation,0
35157,2025-05-13 19:29:47,Better Offer,0
28700,2025-08-22 08:13:35,Health,0
15130,2025-03-21 16:42:52,Personal,0
32716,2019-07-12 02:33:48,Personal,0
38406,2020-04-07 21:35:02,Relocation,0
6660,2021-06-23 12:38:24,Higher Studies,0
16900,2022-06-17 12:45:35,Relocation,1
22407,2021-10-15 01:48:24,Higher Studies,0
39334,2022-07-09 04:56:00,Relocation,0
27599,2024-08-10 21:20:26,Performance,0
6908,2024-10-16 08:06:28,Better Offer,1
16615,2022-05-26 05:08:42,Health,0
29211,2022-03-05 14:57:50,Performance,0
9900,2025-08-08 13:27:51,Performance,0
33865,2025-01-30 18:19:44,Better Offer,0
16955,2022-03-21 11:22:06,Personal,0
15784,2021-04-16 00:33:05,Better Offer,0
40897,2021-03-31 16:18:08,Health,0
9319,2019-09-26 15:52:49,Relocation,0
13589,2020-01-04 18:24:22,Health,0
5598,2024-04-20 03:02:46,Performance,0
33835,2025-02-05 23:42:31,Performance,0
38894,2021-04-18 10:00:07,Better Offer,0
14942,2019-12-09 11:56:20,Relocation,1
34531,2021-10-13 19:07:05,Higher Studies,1
6018,2019-08-08 15:00:32,Better Offer,0
38026,2024-02-22 10:15:51,Better Offer,0
9768,2022-10-23 07:33:55,Higher Studies,0
6957,2020-12-15 06:41:31,Better Offer,0
8775,2021-11-14 16:31:40,Personal,1
22426,2020-07-12 12:55:15,Better Offer,0
7832,2021-09-11 17:07:32,Better Offer,1
19245,2019-09-04 06:57:27,Better Offer,1
9993,2022-08-15 09:17:06,Personal,0
31047,2024-07-22 18:45:55,Personal,0
20986,2025-01-09 09:18:09,Better Offer,0
6800,2021-08-05 12:37:27,Better Offer,0
30842,2022-08-31 12:25:50,Better Offer,0
33460,2021-10-25 15:20:59,Better Offer,0
14694,2024-06-14 05:38:26,Performance,1
16870,2020-08-12 02:18:42,Better Offer,0
6533,2019-12-30 18:31:26,Higher Studies,1
4250,2021-08-12 09:32:47,Higher Studies,0
2286,2022-05-14 12:55:27,Performance,0
15478,2022-01-25 01:33:28,Better Offer,0
21562,2019-08-02 23:03:15,Better Offer,1
36352,2022-06-10 20:51:38,Better Offer,1
26870,2022-10-28 10:19:10,Higher Studies,0
41139,2022-01-10 23:08:47,Relocation,0
12489,2021-03-30 10:41:55,Performance,0
9120,2019-09-09 16:02:11,Personal,1
3606,2020-02-26 11:17:41,Better Offer,1
40469,2020-12-27 06:13:02,Relocation,0
146,2023-12-21 04:42:35,Personal,0
29137,2022-02-24 13:12:03,Better Offer,1
40829,2022-08-14 09:57:17,Better Offer,0
10429,2022-04-12 13:28:05,Better Offer,0
14622,2020-12-01 13:18:43,Better Offer,0
14648,2025-01-04 06:39:41,Performance,1
32987,2025-03-17 10:04:28,Relocation,0
24471,2022-02-09 19:42:03,Higher Studies,0
13122,2024-07-31 05:05:18,Better Offer,0
11973,2019-10-08 08:54:56,Higher Studies,1
18120,2023-08-10 23:45:24,Performance,0
34110,2023-02-03 11:48:29,Personal,0
18226,2025-03-06 21:12:14,Better Offer,0
2760,2020-10-08 20:32:02,Performance,0
36690,2020-09-28 20:29:53,Personal,0
27768,2024-07-23 06:32:51,Personal,0
11685,2024-10-01 18:51:41,Better Offer,0
23023,2022-05-03 23:35:21,Better Offer,1
32855,2022-09-05 19:43:58,Relocation,0
3821,2023-01-27 12:11:07,Relocation,1
19117,2021-01-10 02:27:12,Better Offer,0
8708,2021-09-07 03:56:06,Performance,0
37033,2019-11-08 02:50:38,Better Offer,0
27046,2020-01-07 10:45:32,Better Offer,0
24984,2022-10-14 14:59:51,Relocation,0
7028,2021-06-24 01:30:11,Performance,1
31490,2022-08-31 06:34:27,Better Offer,0
42454,2022-03-14 10:13:42,Better Offer,0
798,2020-10-13 09:45:37,Better Offer,1
36834,2021-02-23 23:46:42,Personal,0
37646,2025-03-10 05:09:05,Better Offer,0
33297,2022-10-03 22:26:09,Personal,1
33139,2021-08-30 17:15:26,Better Offer,0
21406,2025-03-18 14:12:02,Better Offer,1
17056,2019-09-03 10:50:20,Higher Studies,1
22723,2023-04-04 07:32:31,Personal,0
41790,2021-02-23 04:20:23,Better Offer,0
4120,2022-10-11 09:52:39,Performance,1
41269,2024-10-09 04:27:08,Higher Studies,0
12854,2020-04-11 11:23:01,Better Offer,1
20691,2024-06-02 20:42:38,Relocation,0
42601,2022-01-29 09:18:54,Relocation,0
222,2023-10-19 23:11:38,Better Offer,1
28681,2020-11-08 01:00:01,Better Offer,0
3516,2021-01-07 06:45:13,Better Offer,1
13414,2019-12-23 01:59:15,Higher Studies,1
6134,2022-04-04 15:15:02,Personal,1
14273,2021-04-21 09:05:49,Better Offer,0
31749,2020-04-25 19:23:31,Better Offer,0
7738,2020-09-28 13:58:11,Health,0
22989,2022-11-18 02:45:25,Better Offer,0
27688,2020-09-02 11:40:47,Better Offer,0
24805,2020-04-13 08:30:11,Better Offer,0
5914,2024-11-23 13:58:29,Performance,0
41618,2022-08-26 03:32:17,Higher Studies,0
3228,2023-01-17 21:43:46,Personal,1
24349,2023-05-16 05:51:55,Performance,1
32685,2024-11-24 03:54:02,Better Offer,0
27443,2023-12-08 20:08:20,Better Offer,0
16173,2024-04-22 07:05:28,Better Offer,0
980,2022-04-29 13:47:30,Higher Studies,0
13106,2021-06-03 08:22:09,Health,0
26825,2023-07-04 22:33:52,Better Offer,0
26929,2024-12-07 17:51:05,Better Offer,1
18679,2024-06-28 17:13:48,Better Offer,1
9357,2024-09-01 02:50:39,Better Offer,0
30766,2025-09-05 10:44:49,Personal,0
38800,2025-06-27 14:53:25,Health,1
38991,2023-06-27 01:46:22,Better Offer,0
4648,2023-03-11 19:30:41,Better Offer,0
12802,2024-09-05 22:55:59,Relocation,0
26940,2025-06-15 07:10:54,Personal,0
30724,2021-05-19 09:41:15,Performance,0
17756,2020-11-10 02:04:53,Better Offer,0
36721,2021-10-13 13:14:55,Higher Studies,0
17188,2023-06-04 00:14:34,Health,0
29492,2025-05-02 13:08:46,Higher Studies,0
12110,2021-07-07 07:18:06,Better Offer,0
35677,2022-06-09 04:54:13,Relocation,0
6858,2022-03-29 23:33:00,Higher Studies,1
27008,2019-07-05 06:05:03,Better Offer,0
26759,2023-10-23 07:14:04,Personal,0
38640,2022-12-17 09:01:41,Better Offer,1
26557,2023-01-08 22:36:05,Higher Studies,1
20054,2023-12-19 06:07:40,Better Offer,1
37190,2024-03-09 07:23:27,Higher Studies,0
16032,2021-04-15 05:17:46,Relocation,1
24641,2023-09-08 00:21:35,Better Offer,0
40135,2020-07-28 08:09:35,Performance,0
24733,2020-02-25 01:21:15,Better Offer,0
6547,2024-02-05 20:13:00,Better Offer,1
11467,2019-09-19 17:31:28,Personal,0
18391,2020-04-30 20:44:16,Personal,1
39854,2021-02-22 05:46:19,Higher Studies,1
38069,2025-09-22 14:50:15,Higher Studies,1
1292,2021-11-13 15:36:53,Performance,0
26107,2024-09-02 22:00:09,Relocation,0
32756,2025-01-23 09:03:40,Higher Studies,0
9550,2023-04-11 10:29:00,Relocation,1
1507,2021-06-13 12:26:25,Better Offer,0
1579,2021-10-02 13:24:38,Better Offer,0
18587,2020-06-27 08:14:42,Higher Studies,0
10080,2023-03-14 16:05:22,Personal,0
14338,2020-05-08 12:33:55,Better Offer,0
33459,2021-08-19 03:25:39,Relocation,0
31839,2022-10-01 22:42:53,Performance,0
29984,2020-03-12 22:30:48,Better Offer,1
31415,2020-03-31 12:03:16,Better Offer,0
31690,2021-07-04 20:26:04,Better Offer,0
43053,2019-07-01 17:17:34,Better Offer,0
27548,2020-08-26 08:30:06,Personal,0
18655,2024-02-01 22:46:47,Performance,1
26305,2024-07-03 20:08:44,Better Offer,1
23441,2023-05-19 20:19:49,Better Offer,0
24678,2024-06-03 15:58:15,Personal,0
41486,2024-02-12 18:40:39,Personal,0
37196,2024-03-05 19:23:16,Personal,0
26951,2025-06-30 14:56:07,Relocation,1
10930,2020-06-25 06:14:25,Better Offer,0
2727,2024-08-19 12:18:26,Performance,0
30364,2022-07-30 12:15:44,Relocation,0
35403,2021-08-08 17:19:28,Relocation,0
38228,2022-08-29 18:26:04,Better Offer,1
33840,2024-03-16 03:17:56,Personal,0
14141,2022-01-20 15:08:26,Better Offer,0
41996,2020-02-19 00:23:08,Health,1
12019,2023-12-10 22:37:57,Better Offer,0
8703,2019-11-19 21:31:49,Better Offer,0
30000,2019-08-08 18:32:01,Better Offer,0
5489,2025-08-28 05:36:38,Health,1
16245,2020-10-08 10:33:02,Performance,0
33462,2023-03-04 02:56:43,Performance,0
35931,2019-07-09 09:34:05,Better Offer,1
40411,2023-02-07 13:58:55,Relocation,1
11029,2024-11-21 17:10:35,Performance,1
41406,2020-03-07 06:57:23,Performance,0
16010,2021-08-31 19:16:47,Personal,0
40428,2019-08-17 08:06:00,Performance,0
15533,2023-12-14 20:36:18,Better Offer,0
19151,2025-06-04 20:54:17,Better Offer,0
42002,2025-04-25 08:57:28,Better Offer,0
3389,2022-06-03 08:22:03,Performance,0
1512,2023-07-26 23:06:47,Better Offer,0
18893,2025-01-12 15:18:53,Better Offer,0
29116,2021-04-01 17:02:23,Performance,0
20330,2023-03-17 09:47:13,Relocation,0
19482,2020-09-29 15:39:36,Higher Studies,0
167,2023-08-18 22:08:06,Performance,1
13083,2019-12-01 16:21:32,Better Offer,0
6893,2021-12-12 09:53:16,Better Offer,0
20886,2024-11-20 09:48:53,Better Offer,0
38845,2019-10-20 02:50:15,Better Offer,0
30723,2020-03-12 08:47:43,Better Offer,0
37368,2025-04-26 18:33:44,Personal,0
2165,2025-07-13 14:19:18,Better Offer,0
9945,2024-05-30 15:24:55,Better Offer,1
15002,2025-07-03 12:42:32,Personal,0
35532,2024-05-15 02:33:00,Higher Studies,1
2668,2022-05-30 07:43:56,Higher Studies,1
2607,2022-08-26 23:56:14,Better Offer,1
7756,2025-04-17 11:14:52,Performance,0
27524,2023-11-21 11:27:52,Better Offer,1
22028,2023-08-05 23:55:32,Personal,0
21179,2023-05-13 22:01:14,Performance,0
14989,2025-06-25 07:32:05,Better Offer,0
25611,2021-07-12 20:58:18,Better Offer,0
2895,2020-11-26 12:56:15,Higher Studies,0
38111,2020-07-17 01:05:33,Better Offer,0
26405,2024-05-20 01:52:24,Performance,0
30551,2021-09-21 15:57:42,Higher Studies,0
40161,2022-11-21 08:32:16,Better Offer,0
3325,2023-01-18 23:42:25,Better Offer,1
25520,2024-02-21 13:57:30,Better Offer,0
40395,2024-12-01 22:50:02,Better Offer,0
24065,2019-09-07 06:49:29,Health,0
37832,2025-04-08 11:00:22,Better Offer,1
6809,2023-01-31 13:13:56,Personal,1
6421,2022-07-28 07:03:58,Better Offer,0
28423,2022-10-09 16:05:05,Better Offer,0
31195,2020-05-22 18:19:51,Personal,1
25846,2025-02-14 12:53:28,Better Offer,0
8475,2023-10-15 20:21:37,Performance,1
7404,2024-02-19 09:11:30,Better Offer,0
40216,2019-10-21 04:29:38,Relocation,1
35908,2023-06-07 09:12:42,Relocation,0
12885,2019-08-01 10:19:26,Better Offer,0
6038,2022-05-27 19:52:58,Better Offer,0
35307,2025-02-19 21:28:18,Personal,1
23780,2023-06-21 16:23:44,Better Offer,1
31912,2023-05-20 06:45:49,Better Offer,0
8428,2021-04-08 15:40:33,Better Offer,0
37345,2022-07-05 01:58:21,Better Offer,1
8542,2022-11-01 09:11:07,Better Offer,1
25719,2022-06-30 14:43:20,Personal,0
33224,2022-07-17 13:14:50,Relocation,1
24579,2020-10-30 14:51:52,Better Offer,0
40932,2023-03-12 12:43:45,Personal,0
402,2022-04-27 19:14:18,Higher Studies,0
40156,2023-04-14 09:58:32,Performance,0
16928,2022-09-14 11:45:11,Better Offer,0
19852,2022-12-12 23:36:19,Health,0
40083,2020-12-05 09:24:08,Better Offer,0
3896,2024-07-07 08:59:03,Personal,1
36176,2021-05-24 01:30:59,Better Offer,1
11381,2025-06-05 12:52:13,Higher Studies,1
35697,2024-08-23 01:12:46,Better Offer,0
40514,2022-12-10 19:46:02,Better Offer,0
28800,2020-12-18 05:52:35,Better Offer,0
21680,2021-12-16 05:25:08,Relocation,0
4336,2022-09-07 05:04:48,Performance,0
7988,2019-12-22 13:23:34,Better Offer,0
14389,2022-05-31 07:56:57,Better Offer,0
77,2025-06-26 22:47:48,Better Offer,0
245,2020-12-01 00:41:51,Performance,0
38465,2021-12-27 03:09:48,Personal,0
35311,2021-08-22 11:17:52,Relocation,0
14564,2022-07-12 00:30:56,Performance,0
36490,2020-10-27 04:20:51,Better Offer,0
10831,2023-12-11 20:28:46,Better Offer,0
18785,2020-03-16 12:27:23,Higher Studies,0
25044,2022-12-26 18:33:47,Better Offer,0
2927,2022-08-12 05:47:57,Performance,1
41470,2019-07-23 05:56:17,Relocation,0
4892,2021-07-11 03:30:26,Personal,1
38146,2021-06-23 14:40:25,Relocation,0
32939,2024-07-22 14:58:25,Better Offer,0
26290,2024-11-17 15:51:31,Performance,0
7508,2021-02-14 10:30:03,Better Offer,0
9959,2020-10-24 22:14:06,Better Offer,0
33481,2020-08-30 23:26:07,Better Offer,0
19758,2021-03-01 14:30:25,Performance,0
6591,2024-03-11 08:59:15,Better Offer,0
38619,2025-02-17 23:32:56,Better Offer,0
11905,2024-09-12 17:39:38,Better Offer,0
26124,2021-06-25 16:21:29,Higher Studies,0
11085,2024-11-30 10:45:10,Better Offer,0
19213,2022-11-12 01:31:36,Performance,0
18323,2021-04-06 01:56:19,Performance,1
5264,2020-05-12 17:25:39,Relocation,0
28569,2021-02-12 09:30:04,Performance,0
11684,2021-06-24 00:16:28,Relocation,0
24284,2020-01-10 17:07:10,Relocation,0
1624,2021-02-12 05:00:40,Better Offer,0
27863,2021-11-26 00:55:10,Personal,1
291,2019-11-15 14:11:32,Health,1
9783,2020-06-14 18:17:05,Performance,0
20052,2022-03-03 20:00:14,Performance,1
36914,2024-04-25 18:21:27,Higher Studies,0
35254,2021-09-30 21:34:15,Better Offer,0
38849,2020-05-29 01:54:51,Better Offer,0
19755,2021-10-01 22:44:54,Better Offer,0
6299,2024-11-04 05:00:11,Better Offer,0
40901,2021-08-31 02:00:12,Better Offer,1
42614,2025-06-30 05:30:07,Better Offer,1
22953,2025-03-01 10:35:10,Better Offer,0
9734,2020-05-15 01:26:01,Relocation,1
37706,2019-12-01 14:44:35,Health,1
35257,2021-03-21 11:32:22,Better Offer,1
15757,2023-10-27 11:45:28,Higher Studies,0
6976,2019-12-28 07:01:08,Better Offer,0
10076,2022-01-13 20:36:07,Health,0
20036,2025-03-15 19:03:27,Relocation,0
37473,2023-09-02 22:39:58,Better Offer,0
42264,2021-05-02 01:28:24,Performance,0
15335,2023-08-31 10:56:55,Performance,1
30856,2019-09-27 05:24:11,Performance,0
35163,2020-10-31 11:02:29,Better Offer,0
7277,2021-09-18 00:41:56,Personal,0
6561,2023-07-28 10:29:07,Relocation,1
25845,2020-05-02 11:05:28,Higher Studies,0
5450,2025-10-26 11:50:33,Better Offer,0
25409,2021-12-24 01:36:54,Personal,0
8844,2019-12-13 08:33:00,Better Offer,1
9480,2023-01-27 08:59:18,Relocation,0
9794,2023-03-27 05:15:25,Better Offer,1
33556,2021-05-12 08:32:14,Better Offer,0
755,2024-02-02 14:55:34,Better Offer,0
15586,2020-07-20 12:06:39,Performance,0
22600,2021-10-24 05:49:25,Better Offer,0
8362,2025-03-11 19:46:07,Better Offer,0
12918,2025-06-09 13:35:39,Performance,1
11358,2023-04-09 03:10:13,Higher Studies,1
26506,2022-12-05 03:42:51,Better Offer,0
12243,2021-09-17 08:08:13,Better Offer,0
14599,2021-12-27 18:45:48,Higher Studies,0
501,2023-04-24 02:03:52,Personal,1
12304,2023-08-24 07:16:46,Better Offer,1
11740,2024-01-08 01:36:35,Better Offer,0
34341,2022-12-06 21:37:53,Better Offer,0
32495,2025-05-06 01:13:39,Better Offer,0
4275,2021-08-01 07:07:41,Relocation,1
31901,2020-07-19 00:10:51,Better Offer,1
17546,2024-01-04 15:21:40,Relocation,0
13061,2022-06-23 00:44:23,Performance,0
37964,2020-08-29 20:25:29,Relocation,1
8403,2021-09-23 22:04:49,Health,0
34791,2019-10-27 01:36:59,Relocation,0
24596,2023-03-08 02:09:31,Better Offer,1
10462,2024-07-25 17:29:59,Health,0
23103,2021-01-03 16:45:21,Performance,1
22378,2020-08-17 01:00:38,Better Offer,0
19971,2022-11-14 18:49:32,Better Offer,1
7970,2023-06-12 18:15:25,Better Offer,1
31030,2024-01-06 17:30:14,Better Offer,0
33317,2021-02-15 15:52:12,Better Offer,0
39915,2020-11-03 19:28:33,Performance,0
10864,2022-01-02 12:04:56,Relocation,0
7845,2023-10-08 02:37:20,Better Offer,1
8173,2024-01-30 22:43:44,Personal,0
4043,2025-07-31 09:02:58,Better Offer,1
11858,2021-12-24 08:57:03,Better Offer,1
39937,2021-04-16 19:29:42,Better Offer,0
5530,2020-01-02 08:23:16,Better Offer,0
1427,2022-12-14 23:23:15,Better Offer,0
37243,2021-06-22 20:27:19,Better Offer,0
18743,2020-03-12 08:40:43,Relocation,0
20112,2019-10-12 16:23:00,Better Offer,0
29672,2021-06-11 16:27:32,Better Offer,0
33955,2021-01-29 11:31:32,Better Offer,1
30148,2021-07-18 06:54:00,Better Offer,0
31941,2021-01-11 13:36:48,Better Offer,0
3669,2022-08-16 08:59:26,Better Offer,0
13445,2024-02-16 00:25:35,Performance,0
11863,2025-04-22 16:48:05,Better Offer,1
24694,2019-12-22 21:33:55,Relocation,0
24166,2021-07-14 06:11:15,Better Offer,0
20730,2024-07-05 01:09:19,Better Offer,1
9873,2021-03-07 10:07:12,Better Offer,0
21521,2021-04-21 22:08:02,Performance,0
42707,2024-02-17 10:31:48,Better Offer,1
27283,2025-02-18 17:04:30,Relocation,0
13483,2020-11-23 18:53:43,Performance,0
30141,2020-04-04 19:37:30,Higher Studies,0
13468,2022-01-06 02:34:44,Personal,0
2611,2023-11-25 16:54:16,Better Offer,1
20191,2020-08-06 12:58:41,Better Offer,0
1483,2023-10-31 01:50:53,Health,0
12612,2024-06-15 03:02:46,Relocation,0
18871,2024-05-07 03:00:45,Relocation,0
28027,2022-11-24 09:43:16,Relocation,1
8133,2019-12-09 17:15:14,Better Offer,0
31387,2025-06-30 01:10:10,Personal,0
4412,2021-08-14 21:52:41,Better Offer,0
7886,2022-05-11 22:31:24,Better Offer,0
27285,2025-07-14 13:40:34,Performance,0
10297,2019-11-07 12:44:22,Better Offer,0
15592,2023-09-07 18:21:40,Better Offer,0
27335,2020-09-21 20:31:39,Personal,1
24839,2021-03-03 06:52:23,Better Offer,1
36956,2020-03-15 01:47:01,Better Offer,1
593,2021-04-09 07:57:30,Higher Studies,0
1526,2022-06-22 20:12:56,Higher Studies,1
35712,2022-12-17 08:32:08,Performance,0
4428,2023-08-09 17:10:13,Better Offer,0
21725,2020-09-17 07:45:31,Better Offer,0
34449,2019-12-28 03:02:04,Better Offer,0
23915,2023-01-18 08:22:56,Relocation,0
31022,2025-07-23 22:22:08,Better Offer,0
16980,2022-01-12 19:13:36,Better Offer,0
13256,2023-01-15 05:35:09,Personal,1
36366,2021-12-30 14:53:45,Personal,0
18595,2025-09-12 17:25:41,Better Offer,0
12184,2023-11-04 10:18:39,Relocation,0
42511,2023-08-17 17:47:42,Personal,1
6670,2023-11-09 16:52:08,Better Offer,0
14495,2020-06-23 11:25:53,Better Offer,0
18463,2022-02-10 22:44:03,Performance,1
3015,2020-02-08 18:40:29,Better Offer,0
23259,2021-07-08 17:16:02,Higher Studies,0
8724,2025-09-26 16:07:00,Health,0
19321,2021-04-16 23:12:20,Performance,1
7966,2023-09-21 12:48:27,Better Offer,1
13028,2021-01-06 21:06:40,Better Offer,0
34555,2022-07-26 07:47:28,Personal,1
36041,2022-08-01 23:43:23,Better Offer,0
25305,2019-10-12 08:00:53,Performance,1
41158,2022-02-07 13:04:31,Personal,0
28747,2023-11-20 06:44:22,Better Offer,0
41009,2019-11-23 01:52:01,Performance,0
41058,2019-11-07 11:30:46,Performance,1
3479,2021-12-17 00:50:24,Performance,0
33772,2020-11-26 12:46:41,Performance,1
8810,2020-08-03 18:21:32,Personal,0
4857,2020-02-09 04:25:40,Higher Studies,1
37450,2022-06-29 03:13:44,Relocation,0
24748,2025-08-01 00:01:14,Better Offer,0
3635,2023-11-27 00:03:49,Performance,0
28244,2022-03-17 06:01:04,Relocation,0
797,2020-02-20 21:14:31,Better Offer,1
41347,2021-05-10 23:50:24,Better Offer,1
28541,2024-05-02 09:21:46,Better Offer,0
4431,2024-11-18 15:09:03,Relocation,0
18717,2020-07-05 17:34:59,Higher Studies,0
5529,2019-08-16 09:16:09,Personal,0
12363,2023-03-16 22:11:24,Better Offer,1
26624,2023-02-26 02:01:15,Better Offer,0
2834,2021-04-09 08:40:15,Better Offer,1
31540,2020-05-04 05:46:50,Personal,0
25425,2024-07-07 15:00:35,Personal,0
19150,2025-05-12 14:47:56,Personal,0
6998,2022-04-04 09:03:48,Better Offer,0
22674,2022-07-16 12:43:44,Better Offer,0
41887,2020-11-18 02:38:57,Relocation,0
33108,2022-12-26 20:50:15,Better Offer,0
2166,2021-04-10 20:32:37,Performance,1
9929,2024-03-22 02:03:53,Better Offer,0
7838,2022-08-27 07:03:14,Better Offer,0
10455,2021-06-28 04:40:35,Relocation,0
2095,2025-03-14 23:50:20,Better Offer,1
32255,2021-05-08 12:40:52,Better Offer,1
5878,2021-03-24 19:10:26,Better Offer,0
34533,2025-01-21 02:16:00,Relocation,0
13192,2025-05-22 02:17:02,Performance,1
31445,2025-05-02 21:41:33,Relocation,0
23811,2022-02-09 21:51:08,Relocation,0
3528,2020-06-05 07:50:50,Health,0
8838,2021-03-24 22:55:00,Better Offer,0
26827,2021-08-03 09:18:15,Better Offer,0
26616,2020-09-04 15:49:28,Personal,0
41430,2025-07-14 01:45:36,Better Offer,0
4420,2024-04-25 14:08:28,Better Offer,0
10599,2022-05-25 14:53:50,Personal,0
36744,2023-04-29 03:24:41,Better Offer,0
29658,2023-11-04 04:51:48,Better Offer,1
12063,2024-09-05 04:34:52,Relocation,1
5272,2025-07-08 01:51:05,Personal,0
42221,2021-07-03 01:02:20,Relocation,0
38515,2021-04-28 19:23:19,Health,0
36824,2023-01-21 16:51:13,Health,0
17642,2020-05-22 21:01:12,Personal,1
38498,2024-07-30 20:51:21,Better Offer,0
2005,2021-10-06 00:37:05,Better Offer,0
20711,2025-09-12 04:56:38,Better Offer,1
40516,2019-07-21 20:14:56,Performance,0
15999,2020-12-21 15:36:35,Health,0
5199,2021-07-15 21:10:20,Health,0
12639,2025-04-16 01:44:37,Higher Studies,0
5862,2020-08-19 08:45:49,Higher Studies,1
19489,2020-09-25 05:56:32,Better Offer,1
3548,2025-02-21 09:26:34,Personal,1
12635,2022-04-02 06:47:59,Performance,0
36181,2021-02-03 17:11:05,Higher Studies,0
18653,2024-11-23 11:47:22,Better Offer,0
28622,2020-02-12 20:09:32,Better Offer,0
16901,2019-08-18 02:26:50,Better Offer,0
15455,2024-08-17 08:34:31,Performance,0
37207,2022-06-01 01:49:58,Better Offer,0
4738,2024-12-30 10:20:25,Performance,0
19804,2022-12-14 03:31:48,Relocation,0
14476,2020-05-13 08:58:57,Relocation,0
10556,2020-09-01 16:37:39,Performance,0
26915,2024-04-23 04:18:26,Better Offer,1
21883,2025-01-17 14:25:27,Personal,0
13221,2020-02-05 08:05:56,Better Offer,0
21447,2025-02-15 13:50:53,Higher Studies,0
9681,2023-01-17 11:21:00,Performance,0
40468,2021-09-29 00:03:25,Personal,0
20605,2021-08-24 12:40:03,Performance,0
31823,2022-08-11 08:54:10,Health,0
41818,2022-08-19 07:45:06,Higher Studies,1
9820,2023-02-10 02:21:28,Better Offer,0
39694,2020-12-25 12:29:35,Personal,0
523,2021-11-06 20:40:14,Performance,0
19552,2022-07-14 00:35:29,Personal,1
16947,2022-05-24 20:30:11,Better Offer,0
28883,2022-12-16 21:50:07,Better Offer,0
1372,2021-09-02 18:10:39,Performance,0
4673,2025-07-17 00:46:26,Performance,0
20992,2021-09-04 11:44:16,Higher Studies,1
40721,2025-04-23 22:31:13,Better Offer,0
34567,2024-10-08 01:44:25,Better Offer,0
39013,2024-05-16 08:09:15,Better Offer,0
39995,2022-03-15 17:45:54,Better Offer,1
35790,2024-03-06 13:57:50,Better Offer,1
17840,2024-08-20 04:47:31,Performance,0
38651,2019-12-24 07:18:47,Health,0
7284,2020-09-08 12:33:02,Better Offer,0
24849,2021-12-21 13:49:58,Better Offer,0
29938,2025-05-28 06:14:31,Health,0
27811,2020-11-19 07:12:38,Better Offer,0
16140,2021-02-15 20:22:34,Better Offer,0
25361,2020-08-12 18:25:51,Better Offer,1
20872,2019-12-01 21:36:35,Better Offer,0
3302,2025-04-16 23:23:29,Better Offer,0
38161,2024-03-05 12:28:54,Personal,0
17929,2022-08-04 04:11:47,Better Offer,0
9878,2023-02-27 03:01:18,Higher Studies,0
42325,2021-08-02 17:57:24,Higher Studies,0
22357,2023-06-13 10:32:37,Better Offer,0
11371,2021-06-11 22:30:59,Performance,0
20775,2022-01-22 02:40:13,Performance,1
24511,2025-04-24 22:31:38,Performance,0
19095,2023-04-10 20:23:36,Better Offer,1
34368,2025-02-24 07:25:50,Higher Studies,1
27051,2023-08-14 16:49:38,Performance,0
13156,2022-07-23 11:45:31,Better Offer,0
16967,2019-08-05 23:31:19,Relocation,0
994,2021-06-07 16:55:09,Relocation,0
6285,2020-01-16 20:27:41,Better Offer,0
29773,2023-12-02 12:16:46,Better Offer,0
11214,2020-10-11 12:59:09,Better Offer,1
30036,2020-10-06 23:04:14,Performance,0
11252,2020-06-07 01:09:58,Better Offer,1
33274,2021-01-12 07:09:17,Better Offer,0
32492,2021-09-03 02:32:30,Better Offer,0
38979,2025-08-03 06:36:44,Better Offer,1
35108,2025-01-17 18:08:00,Better Offer,0
19718,2022-04-24 17:57:41,Personal,1
27676,2021-03-25 15:31:52,Relocation,0
34985,2020-07-13 07:03:41,Performance,1
12662,2020-11-03 22:19:26,Relocation,0
19821,2024-09-06 09:38:07,Personal,0
21987,2022-02-02 02:12:31,Personal,1
16530,2024-09-26 04:42:07,Better Offer,1
4691,2020-03-25 13:41:30,Higher Studies,0
33427,2022-10-17 20:45:54,Better Offer,0
25385,2021-06-30 02:00:54,Better Offer,0
26210,2022-06-26 12:10:00,Better Offer,0
39615,2021-10-19 18:53:59,Relocation,0
5099,2020-02-07 07:08:46,Personal,0
29810,2019-08-30 14:10:57,Better Offer,1
14210,2019-10-16 07:35:53,Better Offer,0
6136,2022-06-27 18:13:04,Performance,0
35046,2020-10-18 01:48:08,Better Offer,0
22634,2023-08-02 13:32:12,Relocation,0
11205,2023-09-07 16:01:37,Personal,0
23563,2023-04-29 04:02:15,Relocation,1
33334,2021-12-29 03:56:25,Health,1
24516,2025-03-06 02:07:23,Better Offer,1
33902,2021-11-21 15:04:30,Health,1
18493,2025-07-08 16:01:54,Relocation,1
1406,2019-08-10 14:38:20,Relocation,0
33645,2024-10-03 21:19:55,Performance,0
42205,2022-11-08 04:28:14,Performance,0
17932,2023-05-07 06:43:08,Performance,0
42037,2024-04-03 16:36:09,Better Offer,1
34255,2020-05-30 00:16:26,Personal,1
10244,2021-01-14 23:19:13,Better Offer,1
2539,2022-08-27 20:03:22,Personal,0
21036,2024-01-27 19:34:39,Better Offer,1
26805,2024-01-13 05:56:33,Higher Studies,0
30945,2023-04-07 02:31:30,Performance,1
35201,2021-09-08 04:07:23,Personal,0
12586,2019-12-24 18:30:15,Better Offer,0
34705,2024-11-06 09:07:12,Performance,0
16888,2024-12-03 20:12:18,Health,1
5711,2021-09-24 07:46:46,Better Offer,0
38772,2020-01-25 23:12:52,Better Offer,0
17213,2023-09-14 00:35:09,Better Offer,0
4294,2020-12-19 09:23:33,Better Offer,0
43068,2019-11-18 18:20:17,Better Offer,1
24583,2019-07-21 08:20:17,Better Offer,0
106,2022-01-05 08:25:17,Personal,0
2990,2025-03-10 12:56:32,Personal,0
28845,2024-05-28 11:00:41,Higher Studies,0
24106,2023-01-27 08:59:30,Better Offer,0
35373,2024-10-16 00:08:42,Relocation,0
32474,2021-05-05 19:23:59,Better Offer,0
22680,2019-12-29 13:53:47,Better Offer,1
3985,2023-12-30 17:55:02,Performance,0
41516,2024-03-03 10:33:19,Better Offer,0
17538,2025-01-10 11:48:07,Better Offer,0
26894,2024-03-08 16:42:25,Better Offer,1
35785,2020-01-07 02:20:18,Better Offer,0
12437,2024-01-26 09:13:08,Health,0
31466,2022-01-25 02:03:09,Personal,0
10055,2021-09-11 14:27:31,Higher Studies,0
28333,2020-03-17 03:43:38,Relocation,0
14298,2024-05-29 00:27:18,Performance,0
19892,2021-10-16 11:20:02,Better Offer,0
3950,2025-07-04 04:54:27,Better Offer,1
39375,2020-11-16 17:35:40,Better Offer,0
8360,2021-11-15 01:39:08,Better Offer,1
19917,2019-07-08 01:38:14,Relocation,0
15457,2023-06-16 00:54:24,Better Offer,0
32866,2021-02-28 14:10:59,Relocation,1
983,2023-01-13 17:30:26,Better Offer,0
31772,2024-11-04 22:18:52,Higher Studies,0
39558,2023-09-26 14:45:09,Better Offer,0
2361,2021-09-22 17:43:40,Performance,0
17381,2020-10-28 15:18:42,Higher Studies,0
9216,2021-01-19 21:30:15,Better Offer,0
19439,2020-11-07 04:40:39,Better Offer,0
1409,2025-10-28 08:57:00,Relocation,0
12677,2020-09-24 17:55:27,Relocation,0
34742,2025-01-07 17:07:33,Better Offer,1
35747,2025-04-23 20:27:26,Higher Studies,0
32895,2023-08-17 06:07:20,Relocation,0
29779,2022-09-15 11:01:22,Health,0
30753,2024-05-18 02:05:32,Relocation,0
24821,2022-05-22 17:11:29,Better Offer,0
27158,2020-05-07 01:22:27,Better Offer,1
43076,2020-11-02 03:04:21,Better Offer,0
4945,2020-12-27 05:55:39,Personal,0
16642,2023-01-03 15:21:29,Personal,0
19840,2022-12-22 17:08:47,Relocation,0
37856,2023-08-21 22:43:16,Performance,1
10498,2021-05-09 17:47:47,Better Offer,0
10181,2025-07-04 21:19:19,Relocation,0
7514,2021-10-01 03:36:53,Better Offer,1
27887,2020-01-24 00:39:43,Relocation,0
18634,2023-03-13 12:45:57,Personal,0
38596,2025-02-13 17:15:02,Performance,1
10169,2025-01-31 00:23:12,Better Offer,0
34189,2024-10-24 16:57:07,Higher Studies,1
39286,2022-04-05 05:58:41,Better Offer,0
23224,2023-08-18 12:37:45,Better Offer,0
17107,2020-12-23 12:09:12,Personal,0
34498,2023-09-21 10:32:48,Better Offer,0
42568,2021-02-17 16:50:31,Personal,0
13253,2024-04-22 23:33:50,Higher Studies,0
21484,2024-07-01 19:08:16,Personal,0
3917,2020-10-20 07:32:24,Performance,0
19567,2024-03-01 20:48:24,Higher Studies,0
34637,2024-07-31 23:42:49,Better Offer,1
6470,2022-01-02 17:53:15,Higher Studies,0
15193,2023-07-02 01:49:40,Performance,0
10797,2019-07-21 14:55:21,Better Offer,0
37183,2024-01-04 13:57:05,Better Offer,0
35550,2024-06-08 01:19:13,Better Offer,1
17521,2024-04-29 23:15:59,Better Offer,0
10959,2024-11-20 08:15:13,Personal,0
17753,2024-11-28 01:32:44,Better Offer,0
17265,2025-01-23 09:01:58,Better Offer,0
32565,2023-03-08 00:54:30,Better Offer,1
10176,2023-05-15 22:32:07,Better Offer,0
28820,2020-12-11 15:01:28,Relocation,0
35033,2024-12-19 14:32:20,Better Offer,0
39603,2022-12-19 18:26:32,Relocation,0
34322,2025-03-19 03:07:55,Health,0
16168,2020-10-26 03:02:17,Higher Studies,0
20673,2024-08-24 09:05:41,Better Offer,0
542,2025-04-14 15:26:17,Relocation,0
37313,2025-02-22 15:19:06,Better Offer,1
32799,2020-10-27 00:00:31,Better Offer,0
21037,2021-10-27 12:30:40,Better Offer,1
30542,2021-04-24 21:07:52,Better Offer,0
16409,2023-09-09 06:27:30,Relocation,1
36949,2020-09-05 01:15:48,Better Offer,0
20919,2025-06-25 08:37:00,Better Offer,0
533,2021-04-17 10:28:36,Performance,0
13837,2020-06-03 12:06:01,Better Offer,1
5763,2021-02-17 10:13:59,Better Offer,1
2134,2025-03-22 02:07:19,Performance,0
32493,2021-02-11 15:20:38,Relocation,0
15023,2022-09-18 06:45:33,Better Offer,0
1150,2020-06-05 22:51:25,Better Offer,1
8562,2020-09-26 08:47:05,Performance,0
25455,2021-11-14 16:12:01,Better Offer,0
40692,2020-04-12 02:17:23,Performance,0
14109,2019-10-22 21:26:53,Personal,0
20445,2023-07-19 16:05:36,Better Offer,1
32528,2021-02-16 01:07:30,Performance,0
39572,2020-02-29 14:03:25,Better Offer,0
5502,2022-01-06 09:51:42,Performance,1
30267,2025-03-02 04:43:56,Higher Studies,0
9449,2023-06-16 06:22:28,Health,0
19878,2025-07-15 18:55:43,Better Offer,0
21466,2024-08-06 19:16:17,Higher Studies,1
14832,2024-06-08 05:50:32,Health,0
6965,2025-02-07 05:47:17,Higher Studies,1
41930,2019-08-01 08:59:16,Personal,1
19195,2025-06-14 23:57:18,Personal,0
20909,2022-09-11 12:17:17,Better Offer,1
17518,2024-10-24 09:54:42,Personal,0
26445,2024-10-01 18:21:57,Relocation,0
40982,2024-11-27 21:05:55,Personal,1
21497,2020-02-23 14:19:24,Performance,0
18931,2022-09-03 11:21:01,Better Offer,1
25867,2019-07-14 05:45:28,Performance,0
12306,2019-08-05 08:17:47,Higher Studies,0
4281,2019-09-22 21:03:30,Better Offer,1
20248,2021-11-02 22:21:52,Better Offer,0
11072,2021-04-20 17:09:52,Better Offer,0
13648,2020-01-18 08:30:38,Personal,1
29577,2023-04-18 23:26:38,Personal,0
34776,2025-05-29 02:47:54,Performance,1
17869,2023-10-05 01:54:48,Performance,1
2590,2019-12-12 12:04:37,Performance,0
3037,2020-02-08 12:51:12,Better Offer,0
25968,2021-09-22 15:33:00,Better Offer,0
9978,2019-07-25 23:16:21,Personal,1
23168,2024-08-15 20:22:44,Health,1
11156,2024-08-04 00:51:12,Better Offer,0
8338,2021-05-08 09:04:02,Better Offer,0
24395,2022-02-28 05:26:31,Better Offer,0
3477,2025-02-18 14:21:29,Personal,0
13546,2025-08-20 14:35:44,Relocation,0
26737,2024-02-28 09:27:38,Better Offer,0
906,2025-07-23 10:16:37,Better Offer,0
38978,2025-06-24 22:32:45,Better Offer,0
32611,2022-01-18 04:28:55,Better Offer,1
34146,2025-06-25 13:35:52,Personal,1
5187,2024-06-20 15:14:47,Relocation,0
34512,2020-01-25 01:10:57,Better Offer,0
12963,2022-02-09 15:39:44,Performance,0
14035,2021-01-11 20:38:01,Personal,0
7634,2022-05-24 22:42:19,Relocation,0
40004,2022-03-23 08:56:32,Higher Studies,1
39976,2024-06-26 03:06:49,Relocation,0
16219,2021-03-31 09:19:48,Higher Studies,1
17607,2023-12-19 18:11:00,Relocation,0
30901,2019-10-02 19:05:22,Relocation,0
15312,2022-10-18 18:10:54,Higher Studies,0
18075,2022-04-01 23:51:20,Higher Studies,0
10605,2022-08-25 22:54:21,Relocation,0
25682,2024-11-18 17:45:38,Better Offer,0
33473,2019-07-28 02:56:39,Personal,0
6139,2023-01-03 15:59:06,Better Offer,1
19153,2022-08-08 06:09:18,Better Offer,0
34636,2020-03-26 16:03:22,Better Offer,0
4543,2024-06-18 10:56:54,Personal,0
27995,2024-09-04 22:24:15,Performance,0
42457,2019-07-18 02:20:50,Performance,0
10554,2020-02-23 22:36:41,Better Offer,0
29172,2021-04-25 14:18:00,Relocation,1
25438,2020-11-16 02:47:28,Higher Studies,0
23150,2023-02-15 18:37:26,Better Offer,1
23029,2024-05-11 21:08:50,Better Offer,0
3808,2024-05-24 11:53:43,Better Offer,0
30161,2023-02-27 06:01:17,Better Offer,0
35419,2022-04-23 02:59:29,Relocation,0
34665,2020-10-27 03:47:16,Better Offer,0
33281,2021-11-10 02:52:09,Better Offer,0
18399,2024-10-22 02:28:52,Performance,0
36688,2021-09-20 17:04:37,Relocation,0
32027,2023-01-13 11:12:39,Higher Studies,0
36193,2022-05-24 09:42:17,Better Offer,1
21383,2022-02-05 20:12:53,Performance,0
9493,2022-12-23 04:29:41,Better Offer,0
40898,2022-01-26 14:40:11,Better Offer,0
40864,2019-08-14 01:43:30,Performance,0
27675,2022-12-01 02:39:44,Higher Studies,0
23979,2023-09-11 03:41:52,Better Offer,0
32934,2019-08-20 08:43:09,Better Offer,0
15107,2020-10-24 13:49:40,Performance,1
32304,2020-03-04 09:03:47,Better Offer,0
10997,2020-11-08 15:08:42,Performance,1
7939,2023-08-17 22:37:56,Health,0
6872,2022-12-04 05:54:28,Better Offer,0
23496,2019-08-31 09:52:57,Higher Studies,0
14512,2025-09-02 18:22:48,Better Offer,1
34927,2025-10-02 10:25:15,Better Offer,0
5060,2020-12-04 00:44:10,Relocation,0
20787,2019-12-08 08:41:37,Relocation,1
3633,2023-10-04 21:35:25,Higher Studies,0
28273,2019-11-15 01:42:10,Personal,0
21239,2024-12-27 18:49:57,Better Offer,0
19040,2024-05-26 13:20:05,Better Offer,1
26286,2024-11-12 21:39:09,Performance,0
42943,2025-06-05 20:45:45,Better Offer,0
39634,2020-12-20 11:54:42,Relocation,1
8846,2021-03-19 15:27:08,Better Offer,0
25049,2024-05-21 09:55:04,Higher Studies,0
15448,2023-06-02 14:21:42,Better Offer,0
17621,2020-03-21 17:10:01,Better Offer,0
2878,2024-11-16 03:39:44,Personal,0
42312,2023-06-04 10:07:32,Better Offer,0
21341,2021-11-30 18:10:56,Better Offer,0
10990,2021-01-15 09:00:42,Higher Studies,0
30327,2023-07-11 21:26:00,Better Offer,0
10550,2022-10-10 08:27:54,Better Offer,0
25204,2024-11-22 23:13:17,Better Offer,1
4252,2022-04-07 07:32:11,Better Offer,0
35917,2019-07-30 20:24:28,Health,0
23136,2022-08-21 10:04:42,Health,0
855,2019-07-11 15:31:29,Performance,0
9563,2021-05-19 07:32:30,Better Offer,0
20131,2023-06-20 05:29:15,Better Offer,0
19375,2020-09-14 22:00:31,Better Offer,0
6263,2022-06-29 18:50:52,Performance,1
37254,2021-03-27 01:54:09,Better Offer,0
40483,2023-09-03 06:54:43,Personal,0
17141,2022-02-10 21:57:19,Better Offer,0
5000,2021-09-23 01:03:46,Better Offer,0
1572,2023-01-20 04:21:25,Performance,0
39932,2019-07-08 06:49:34,Better Offer,1
10090,2025-02-09 11:46:10,Better Offer,0
9597,2020-09-09 19:09:32,Relocation,0
34627,2020-04-15 05:12:52,Relocation,1
37346,2023-05-03 20:58:33,Better Offer,0
2288,2022-05-10 10:04:18,Relocation,0
39436,2022-06-25 09:35:03,Higher Studies,1
5241,2022-03-01 03:09:49,Health,1
18287,2023-12-29 06:16:28,Higher Studies,0
28407,2021-07-28 02:31:11,Better Offer,0
17930,2020-08-11 07:36:18,Better Offer,0
2058,2022-03-21 17:00:21,Better Offer,0
12794,2025-06-07 10:12:11,Relocation,1
22058,2021-09-10 12:03:21,Better Offer,0
20081,2023-09-24 01:00:30,Better Offer,0
16716,2020-06-17 08:38:13,Better Offer,0
36543,2021-04-25 00:37:40,Better Offer,0
9185,2023-06-06 23:47:07,Personal,0
9623,2023-01-03 03:55:45,Better Offer,0
21892,2020-04-23 06:18:08,Relocation,1
35512,2019-09-03 06:03:13,Performance,0
12337,2021-10-10 05:27:00,Relocation,1
3032,2023-01-29 04:02:27,Better Offer,0
26956,2020-04-23 06:15:49,Relocation,1
21941,2020-04-28 21:39:54,Better Offer,1
32805,2024-01-07 20:05:35,Better Offer,0
5915,2022-10-31 08:57:34,Better Offer,0
10249,2020-07-03 00:17:24,Higher Studies,0
32762,2020-03-06 06:36:42,Performance,0
22963,2020-03-24 13:02:05,Relocation,1
5005,2021-08-23 10:04:42,Higher Studies,0
25403,2020-06-19 17:51:40,Better Offer,1
31300,2022-11-01 23:29:32,Better Offer,1
12504,2022-05-21 16:50:29,Better Offer,1
5176,2019-12-07 17:39:32,Better Offer,0
27190,2021-05-22 06:22:02,Better Offer,0
30944,2021-04-08 05:18:54,Better Offer,0
35010,2021-12-06 10:47:19,Better Offer,0
26896,2019-10-10 00:57:38,Relocation,1
21962,2024-04-10 18:20:51,Better Offer,1
13928,2021-12-30 08:14:47,Relocation,1
16270,2021-04-05 05:23:17,Better Offer,1
27857,2020-07-13 14:43:38,Better Offer,1
22047,2021-10-14 18:53:12,Better Offer,0
7086,2021-12-11 18:44:20,Better Offer,1
39494,2022-07-19 07:27:53,Personal,0
3660,2019-12-01 09:56:05,Higher Studies,0
25592,2019-10-29 14:36:41,Personal,0
17888,2019-10-11 09:57:48,Better Offer,0
41492,2023-01-30 02:27:00,Better Offer,1
39236,2023-01-04 02:04:46,Personal,1
17229,2021-10-28 16:24:56,Better Offer,0
19059,2020-04-29 16:09:48,Better Offer,1
2569,2022-03-16 02:54:51,Health,0
13817,2021-02-04 08:10:41,Better Offer,1
9132,2021-01-06 18:56:53,Better Offer,0
25364,2022-05-03 12:05:20,Relocation,0
42636,2025-03-04 07:44:22,Higher Studies,0
16897,2025-06-09 03:56:47,Relocation,0
32486,2025-06-10 23:24:44,Better Offer,0
5769,2020-09-04 07:42:49,Better Offer,0
6414,2020-04-06 23:16:32,Better Offer,0
43158,2024-05-25 12:41:54,Better Offer,1
12542,2023-05-23 23:00:57,Better Offer,0
31583,2019-09-08 11:10:04,Better Offer,1
36391,2021-04-09 21:37:14,Higher Studies,0
32722,2025-07-03 04:06:44,Performance,0
11068,2023-06-01 20:17:18,Better Offer,0
25644,2023-05-18 09:02:03,Better Offer,0
31745,2021-06-29 07:51:58,Better Offer,0
41312,2025-08-30 14:11:39,Better Offer,0
41961,2023-09-17 05:37:22,Relocation,0
35218,2025-10-31 11:07:33,Better Offer,0
42609,2023-04-19 15:39:47,Better Offer,0
28816,2020-07-31 17:08:40,Higher Studies,0
20600,2025-04-21 10:09:56,Personal,0
34294,2021-12-23 07:40:52,Better Offer,0
6869,2021-01-04 12:22:34,Personal,0
27596,2025-07-11 16:27:19,Better Offer,0
4084,2021-06-28 10:52:34,Better Offer,0
39758,2023-04-12 12:20:43,Better Offer,1
23805,2020-07-29 09:12:25,Performance,1
40568,2019-09-26 12:55:52,Better Offer,0
35742,2024-05-27 09:58:07,Better Offer,0
20364,2019-08-25 23:02:03,Personal,0
19625,2022-10-24 07:32:41,Better Offer,0
5508,2023-08-11 11:20:27,Better Offer,0
33264,2024-06-28 13:52:26,Better Offer,0
20391,2024-03-16 19:23:57,Better Offer,0
26252,2024-05-01 12:36:04,Better Offer,0
37749,2022-08-25 14:16:58,Better Offer,0
2559,2023-11-17 00:50:01,Performance,0
41181,2023-01-17 12:32:29,Better Offer,0
4788,2021-08-08 06:20:35,Performance,0
20857,2020-06-16 21:08:22,Performance,1
33087,2024-11-18 05:36:43,Better Offer,0
20922,2025-07-09 18:31:06,Higher Studies,0
7196,2022-09-11 03:55:03,Better Offer,0
1070,2022-10-02 07:53:23,Better Offer,0
39890,2024-08-16 02:41:25,Better Offer,0
39230,2019-09-09 20:36:39,Relocation,1
42809,2023-08-27 21:31:45,Better Offer,0
39440,2024-05-12 14:17:46,Higher Studies,0
17632,2021-12-25 07:53:55,Higher Studies,0
22389,2022-12-13 01:38:40,Higher Studies,0
37649,2020-07-08 16:19:02,Better Offer,0
35411,2021-08-07 05:59:36,Better Offer,0
25841,2020-09-21 13:32:05,Performance,0
12850,2024-10-09 10:56:05,Performance,1
24086,2022-01-12 07:37:29,Personal,0
36983,2023-02-28 03:18:04,Health,0
6365,2021-09-27 16:51:17,Relocation,0
10648,2025-07-02 08:52:48,Better Offer,0
5756,2024-06-05 02:22:21,Personal,0
43059,2023-11-30 11:58:02,Performance,1
41496,2022-02-23 16:31:41,Performance,0
1456,2023-11-20 02:46:02,Better Offer,0
22435,2023-11-19 03:25:06,Better Offer,1
23138,2025-02-11 18:03:10,Performance,0
5364,2021-05-22 23:00:58,Better Offer,0
32707,2020-02-26 13:43:13,Better Offer,0
7384,2020-04-01 21:55:05,Performance,0
35795,2022-04-02 06:21:36,Personal,0
39589,2021-05-03 11:18:19,Better Offer,0
13527,2020-03-25 20:45:02,Higher Studies,0
42961,2025-09-01 16:43:12,Performance,1
10004,2022-03-15 11:03:45,Relocation,1
30861,2023-08-23 10:27:47,Better Offer,0
3912,2023-10-18 17:32:21,Better Offer,0
26138,2023-06-24 14:27:07,Better Offer,1
39377,2021-02-26 21:46:12,Better Offer,0
31759,2022-01-12 09:07:50,Better Offer,0
42410,2024-08-25 10:18:57,Personal,1
41163,2022-03-30 10:15:08,Personal,1
8096,2022-10-18 00:23:15,Health,0
39363,2023-10-28 06:54:46,Better Offer,0
36009,2024-06-06 15:09:04,Personal,0
3631,2024-12-12 10:10:25,Better Offer,0
38378,2025-10-12 00:48:33,Personal,0
2784,2024-07-30 19:44:08,Better Offer,0
15421,2020-10-01 16:15:33,Performance,0
25201,2022-06-08 17:34:43,Higher Studies,0
16172,2024-12-22 11:25:37,Better Offer,0
33251,2023-06-09 01:46:47,Personal,0
26497,2023-06-20 04:39:49,Relocation,1
29144,2021-08-31 09:57:40,Better Offer,1
13846,2019-09-07 09:33:02,Better Offer,0
30953,2020-12-24 19:54:09,Health,0
16380,2024-09-05 08:47:40,Better Offer,1
39867,2022-01-26 00:58:40,Personal,0
20601,2023-05-01 20:25:39,Personal,0
33223,2025-02-23 05:56:46,Better Offer,0
8068,2022-12-28 10:20:22,Higher Studies,0
6226,2023-08-05 01:13:50,Performance,0
7820,2020-03-16 21:01:37,Better Offer,0
31104,2019-08-12 19:34:12,Performance,0
4050,2023-02-23 04:16:42,Relocation,1
17395,2024-11-22 13:04:22,Health,0
37760,2024-09-08 03:41:28,Personal,0
31057,2024-07-21 02:30:55,Better Offer,0
38947,2019-12-12 15:31:11,Better Offer,0
10360,2019-09-22 01:36:45,Performance,0
31344,2019-08-08 20:02:01,Health,0
24037,2022-03-17 02:53:35,Performance,0
25492,2020-07-07 07:07:20,Relocation,0
5989,2020-06-10 12:57:47,Better Offer,0
32559,2020-12-01 01:54:02,Personal,0
1757,2021-01-15 12:04:34,Personal,0
40258,2024-05-23 18:49:33,Better Offer,0
34408,2025-08-14 09:30:01,Relocation,1
2240,2024-08-29 22:20:00,Higher Studies,0
14601,2021-11-25 17:38:17,Better Offer,0
14018,2022-02-11 10:22:14,Better Offer,0
6507,2023-05-22 23:35:59,Better Offer,0
7579,2019-08-01 15:33:29,Better Offer,0
1062,2023-05-22 20:21:07,Better Offer,1
27831,2020-07-22 17:16:33,Better Offer,0
27081,2019-07-31 02:20:07,Health,0
3229,2020-03-30 04:11:15,Better Offer,0
23777,2023-08-24 19:08:45,Health,0
28917,2024-08-16 04:52:54,Better Offer,0
3194,2022-05-04 12:13:02,Better Offer,0
36035,2021-08-16 19:43:05,Performance,0
38396,2023-07-02 23:05:38,Relocation,0
18119,2021-01-30 10:51:37,Better Offer,0
30580,2024-10-28 13:57:31,Personal,1
13040,2025-04-22 02:16:26,Relocation,1
4973,2023-11-17 01:40:19,Performance,0
36010,2024-09-23 22:06:13,Personal,1
40708,2024-06-22 03:05:32,Better Offer,0
36555,2020-04-01 07:39:21,Better Offer,0
20557,2021-04-29 19:54:02,Better Offer,0
6637,2020-10-09 15:21:59,Health,1
5411,2020-07-14 03:22:51,Relocation,0
12547,2020-06-04 17:34:12,Better Offer,0
18900,2020-04-30 16:35:46,Performance,1
15259,2025-10-31 21:57:52,Better Offer,1
19606,2024-02-15 21:55:47,Better Offer,1
30237,2021-04-11 08:16:25,Better Offer,1
34416,2021-12-06 21:18:30,Personal,0
11726,2025-10-14 09:27:04,Relocation,1
2104,2022-11-25 17:11:56,Personal,0
11481,2023-06-02 06:52:00,Personal,1
24366,2024-08-08 10:33:29,Relocation,0
1623,2023-12-10 05:17:27,Performance,1
36088,2022-03-31 02:33:45,Better Offer,0
41183,2023-12-07 15:29:12,Higher Studies,0
32610,2021-11-06 18:09:14,Higher Studies,0
10109,2021-07-14 11:39:43,Better Offer,1
14951,2025-01-24 16:48:08,Performance,1
35858,2021-03-30 18:41:35,Performance,0
5108,2021-07-01 20:13:44,Better Offer,0
15095,2023-10-17 21:54:37,Higher Studies,0
23274,2025-08-19 08:35:18,Better Offer,0
38865,2020-12-21 02:02:38,Health,0
36544,2022-11-01 12:59:35,Performance,0
8206,2022-02-15 20:25:41,Personal,0
17020,2022-11-18 08:20:32,Personal,0
33032,2020-04-01 22:09:16,Better Offer,0
30413,2024-12-17 05:56:26,Health,1
17260,2021-01-18 13:05:04,Better Offer,1
10337,2020-04-12 12:49:15,Relocation,0
6530,2023-11-08 11:47:52,Better Offer,0
30167,2022-11-15 13:27:16,Better Offer,1
38949,2024-03-01 23:31:19,Better Offer,0
23802,2023-05-19 19:32:34,Better Offer,1
24999,2024-06-02 03:37:42,Better Offer,0
8430,2024-12-16 05:20:25,Better Offer,0
20299,2023-03-01 03:33:06,Better Offer,0
21211,2019-11-27 11:43:15,Personal,1
23108,2021-09-01 15:52:05,Relocation,0
19412,2024-07-06 11:32:31,Performance,0
2510,2022-10-16 13:20:58,Performance,0
373,2024-10-22 17:00:46,Better Offer,1
12160,2023-07-15 13:27:43,Better Offer,1
11720,2020-06-19 15:01:59,Relocation,0
6128,2022-10-08 16:37:14,Personal,0
13772,2021-01-20 13:12:44,Higher Studies,1
20241,2020-10-01 03:00:14,Better Offer,1
34543,2020-11-24 11:55:26,Better Offer,0
20989,2021-12-23 23:37:06,Better Offer,0
33979,2024-07-22 20:45:17,Better Offer,0
41252,2023-09-12 06:51:18,Better Offer,0
10077,2023-03-25 04:28:44,Relocation,0
11890,2022-07-07 05:31:49,Relocation,0
14385,2025-10-02 11:35:42,Performance,1
35155,2022-04-30 21:31:20,Performance,0
5402,2021-09-30 11:39:35,Relocation,0
30691,2020-05-03 00:14:10,Higher Studies,0
41689,2020-03-12 11:27:39,Health,1
33989,2020-06-02 23:33:30,Better Offer,1
3490,2024-05-30 22:22:19,Better Offer,1
9458,2020-05-28 16:38:18,Performance,0
10279,2022-07-03 21:44:24,Performance,0
35639,2024-10-26 06:08:43,Higher Studies,0
32305,2020-07-31 06:07:41,Better Offer,0
6420,2024-09-24 06:59:49,Better Offer,1
24326,2022-07-06 18:55:46,Better Offer,0
21646,2022-03-12 12:41:22,Relocation,0
37378,2025-05-19 17:17:30,Better Offer,0
23877,2023-02-12 02:44:13,Better Offer,0
36929,2023-04-01 11:13:32,Better Offer,1
12881,2022-06-05 18:07:21,Better Offer,0
27394,2024-01-23 03:36:18,Performance,0
24261,2021-09-23 10:05:39,Health,0
19636,2021-05-18 02:31:16,Relocation,0
17243,2020-05-17 05:34:39,Personal,1
41645,2021-04-22 06:53:27,Better Offer,0
26026,2024-07-31 00:40:22,Higher Studies,1
21157,2023-05-30 12:04:35,Better Offer,0
41051,2022-01-19 05:26:47,Higher Studies,1
20997,2024-11-16 16:17:03,Better Offer,0
23218,2024-05-20 01:30:55,Better Offer,0
25655,2020-12-14 00:58:50,Relocation,0
34516,2024-03-24 12:00:51,Relocation,0
14443,2022-06-24 17:58:32,Better Offer,1
39525,2024-11-22 02:37:00,Better Offer,1
34962,2021-03-11 03:43:02,Relocation,0
14550,2020-03-29 11:53:34,Better Offer,1
37261,2025-08-11 23:04:02,Performance,0
38151,2022-07-02 15:24:00,Higher Studies,0
12238,2023-09-16 12:13:02,Better Offer,0
36207,2020-10-23 12:12:36,Relocation,0
21798,2022-05-03 15:13:51,Relocation,0
37281,2020-03-04 19:35:36,Better Offer,0
36340,2021-08-30 17:22:27,Personal,1
5569,2024-08-08 05:52:28,Better Offer,0
38303,2023-05-07 16:30:09,Health,0
110,2024-01-29 10:19:30,Better Offer,1
5990,2023-05-08 05:55:58,Performance,0
8262,2025-09-03 13:45:32,Relocation,0
1702,2021-09-23 07:09:13,Higher Studies,1
16197,2020-05-30 02:01:25,Better Offer,1
5482,2021-08-19 22:07:29,Better Offer,0
17789,2023-10-26 00:17:12,Relocation,1
1398,2022-05-01 03:24:02,Better Offer,1
3410,2024-06-05 16:17:19,Performance,0
21718,2020-02-05 10:14:29,Better Offer,1
1764,2023-03-01 20:08:18,Relocation,1
21097,2024-01-28 15:58:54,Higher Studies,0
27533,2020-09-19 09:57:42,Performance,0
1997,2021-04-28 02:14:39,Better Offer,0
5776,2021-05-31 21:55:12,Performance,0
25564,2023-10-19 01:04:56,Performance,1
37723,2022-02-01 02:20:15,Relocation,0
34671,2025-01-06 00:29:40,Personal,0
5122,2022-05-09 15:38:43,Personal,1
32521,2021-12-30 19:19:30,Performance,1
3709,2022-02-13 13:25:27,Relocation,1
29440,2020-12-04 18:01:23,Better Offer,1
13761,2020-01-25 20:10:33,Relocation,0
17264,2024-10-09 04:28:22,Performance,0
17460,2025-09-24 06:24:32,Better Offer,0
234,2020-10-25 00:29:03,Performance,0
36859,2023-01-23 20:18:35,Better Offer,1
12590,2024-04-24 18:47:33,Better Offer,0
28582,2020-04-11 12:47:59,Better Offer,0
31830,2019-09-22 16:46:08,Relocation,0
3113,2024-06-24 05:05:59,Better Offer,0
32718,2021-01-09 00:16:50,Better Offer,0
6082,2024-05-19 04:50:24,Relocation,0
31210,2023-07-19 22:31:40,Better Offer,0
38235,2022-05-21 21:45:40,Health,0
14255,2025-08-22 10:13:52,Better Offer,0
2438,2025-02-07 08:11:13,Better Offer,0
1712,2019-08-27 23:23:42,Performance,0
19368,2020-01-29 09:17:45,Personal,0
21019,2020-02-19 10:17:05,Performance,0
26613,2020-04-19 22:22:27,Performance,0
23042,2025-09-28 03:06:58,Better Offer,0
31937,2020-08-04 04:31:08,Higher Studies,0
41143,2024-10-07 03:50:59,Performance,0
31392,2021-12-23 08:50:33,Performance,1
917,2020-05-09 02:18:56,Better Offer,1
4499,2024-02-02 10:48:11,Higher Studies,0
25352,2021-11-09 11:01:48,Better Offer,1
35366,2025-04-02 05:39:22,Relocation,1
4507,2021-06-06 01:10:18,Performance,0
19377,2020-12-14 16:22:16,Relocation,1
41740,2020-08-05 13:13:20,Better Offer,0
26415,2021-10-10 05:15:25,Higher Studies,0
3781,2023-01-18 22:05:31,Better Offer,1
4844,2020-08-06 15:06:33,Better Offer,0
19941,2023-05-14 07:47:30,Relocation,0
14615,2020-06-05 16:32:04,Better Offer,0
173,2020-04-20 06:19:21,Relocation,0
13791,2024-05-18 15:40:33,Personal,0
5808,2022-04-25 06:43:51,Better Offer,0
24662,2021-03-09 00:39:52,Performance,0
39147,2021-12-27 14:47:50,Better Offer,0
36374,2024-05-09 15:38:39,Health,0
9451,2022-08-18 00:08:45,Relocation,0
12203,2022-06-26 18:21:15,Performance,1
41476,2019-09-30 00:04:32,Higher Studies,0
30004,2021-11-15 18:05:53,Personal,0
4992,2023-01-01 19:18:40,Health,0
216,2024-02-04 17:00:07,Personal,1
15617,2025-06-15 04:56:48,Better Offer,0
11571,2022-08-15 16:17:19,Better Offer,0
9236,2020-08-07 19:03:47,Personal,1
41510,2020-06-11 12:39:25,Performance,0
38677,2023-05-08 13:12:35,Better Offer,1
18057,2025-09-14 22:03:58,Personal,1
24784,2022-07-12 00:39:15,Better Offer,0
31286,2023-03-22 06:49:37,Better Offer,1
30247,2023-12-15 04:30:26,Better Offer,0
17542,2019-09-16 17:33:46,Relocation,1
683,2021-01-09 22:38:16,Health,1
2342,2021-08-25 22:31:01,Higher Studies,0
34596,2024-02-14 04:16:41,Better Offer,0
22930,2025-03-10 06:43:40,Health,0
22871,2023-07-16 18:39:22,Better Offer,1
19289,2020-07-12 03:03:47,Personal,0
17119,2021-03-06 01:52:22,Better Offer,0
7944,2019-12-13 06:14:22,Higher Studies,0
9006,2022-04-12 07:44:34,Performance,0
9095,2022-03-24 18:18:19,Personal,0
21791,2021-02-27 13:20:11,Performance,0
724,2024-04-11 10:58:28,Higher Studies,0
25484,2020-05-23 06:00:41,Health,0
21746,2019-11-13 01:20:29,Better Offer,0
17198,2023-08-07 23:13:35,Better Offer,0
28769,2023-07-30 23:20:25,Health,0
35813,2020-04-14 06:05:16,Better Offer,1
40341,2023-06-18 09:58:23,Performance,0
25541,2024-10-12 19:58:16,Relocation,0
24857,2021-04-24 06:01:15,Better Offer,0
18827,2023-03-31 21:58:40,Performance,1
26053,2025-04-06 07:57:40,Performance,1
31974,2025-01-29 05:18:06,Better Offer,0
30187,2021-05-30 08:54:53,Better Offer,0
19566,2021-02-19 00:02:40,Personal,0
114,2022-05-31 18:25:11,Personal,1
16850,2021-08-26 17:21:15,Better Offer,0
20581,2025-08-18 00:57:50,Better Offer,0
41563,2019-08-05 08:39:10,Better Offer,1
18031,2025-09-03 08:08:21,Performance,0
5410,2025-01-05 01:56:58,Better Offer,1
23804,2021-02-05 21:41:47,Relocation,0
39850,2024-11-07 23:26:37,Better Offer,0
10955,2024-10-02 23:13:47,Better Offer,1
32394,2024-09-12 04:13:17,Better Offer,0
35171,2025-02-13 06:18:31,Relocation,0
39356,2020-04-21 11:31:24,Health,1
9225,2024-10-18 11:36:43,Performance,0
33736,2024-07-19 08:47:47,Better Offer,0
38948,2022-09-20 10:48:52,Performance,0
13181,2020-12-03 12:26:55,Personal,0
2971,2021-04-12 20:44:58,Performance,0
40618,2023-04-08 06:43:50,Relocation,0
2091,2023-07-17 16:51:03,Health,0
3890,2021-03-06 23:01:36,Better Offer,0
35154,2019-09-30 05:58:49,Health,1
37995,2021-01-05 22:36:44,Better Offer,0
14730,2022-06-21 07:45:16,Health,0
21601,2021-05-15 17:39:13,Relocation,0
32297,2019-07-09 17:04:52,Performance,0
35986,2021-07-29 17:08:52,Higher Studies,1
32956,2021-04-07 17:04:21,Performance,0
10383,2020-10-10 01:56:52,Performance,0
16705,2024-08-21 03:23:07,Performance,1
5937,2019-12-07 15:23:06,Higher Studies,1
17584,2025-10-13 14:26:27,Health,0
42623,2023-03-30 21:11:03,Personal,0
8809,2019-07-28 01:08:41,Better Offer,0
26546,2024-11-26 12:54:35,Better Offer,0
2936,2022-12-30 17:04:23,Performance,0
35034,2022-05-24 00:36:25,Relocation,1
27297,2023-02-23 08:27:31,Better Offer,0
10036,2021-03-15 02:57:15,Better Offer,1
17625,2019-09-29 08:32:12,Personal,0
12815,2020-11-24 13:37:19,Performance,0
40213,2024-01-31 11:26:09,Better Offer,0
25589,2025-05-10 22:51:52,Better Offer,0
9320,2023-06-11 15:09:49,Personal,0
34228,2025-05-23 04:31:40,Better Offer,1
2217,2021-04-23 12:10:12,Relocation,0
42473,2024-11-10 06:01:37,Better Offer,0
5429,2020-07-01 16:52:03,Better Offer,0
7616,2021-02-20 16:53:49,Better Offer,0
754,2023-01-12 18:49:53,Better Offer,0
30050,2024-01-11 12:22:35,Personal,0
3555,2022-08-21 01:57:54,Better Offer,1
3714,2023-01-09 04:23:23,Better Offer,0
6909,2023-05-25 11:58:45,Higher Studies,0
19502,2020-01-21 02:28:21,Personal,0
27872,2025-09-12 18:49:05,Better Offer,0
10900,2024-07-24 20:08:55,Better Offer,0
38207,2020-10-04 07:49:23,Better Offer,1
23387,2023-03-04 04:40:15,Better Offer,0
4328,2024-11-20 18:29:56,Relocation,0
14710,2023-10-20 00:04:35,Better Offer,1
1760,2025-03-13 10:47:36,Higher Studies,0
19078,2025-01-11 21:47:37,Relocation,0
29731,2024-11-06 16:01:22,Better Offer,0
36582,2022-06-19 21:09:40,Performance,1
19887,2024-07-03 23:12:23,Relocation,1
24896,2023-10-09 14:02:21,Better Offer,0
28562,2023-06-23 21:09:43,Better Offer,0
39834,2022-07-08 05:12:04,Better Offer,1
23463,2023-02-09 04:01:14,Better Offer,0
9234,2022-12-12 10:32:22,Performance,0
9902,2020-01-01 00:19:42,Better Offer,0
31751,2022-09-20 15:04:01,Better Offer,1
39968,2025-04-08 16:31:26,Health,1
17515,2019-11-19 21:10:39,Relocation,0
9608,2022-05-27 03:13:44,Relocation,0
36464,2024-10-31 07:16:04,Better Offer,0
22508,2025-09-26 04:40:40,Higher Studies,0
26396,2023-10-17 08:40:57,Better Offer,0
19283,2019-08-10 08:00:33,Personal,1
8850,2020-07-21 10:26:18,Health,0
38031,2021-05-23 12:59:10,Better Offer,1
10410,2019-09-03 09:22:33,Performance,1
32899,2020-02-21 10:00:13,Better Offer,0
27364,2020-07-15 11:27:07,Better Offer,0
35345,2021-11-15 03:11:56,Better Offer,0
6586,2022-06-24 02:16:09,Personal,0
40105,2021-02-13 03:31:01,Better Offer,0
20756,2024-04-12 00:45:10,Health,0
1244,2023-09-12 09:31:59,Better Offer,0
37951,2025-01-27 21:45:59,Relocation,0
34833,2022-09-30 04:22:32,Performance,1
34587,2023-10-13 01:31:53,Better Offer,0
8450,2021-06-10 11:07:33,Better Offer,1
24333,2024-12-27 23:05:01,Health,1
9644,2021-04-05 04:51:48,Relocation,0
24832,2022-01-14 09:40:59,Better Offer,0
13788,2022-12-12 04:31:27,Better Offer,0
8716,2025-08-24 21:57:41,Personal,0
26054,2020-09-27 20:29:25,Relocation,1
12,2022-02-16 11:25:14,Personal,0
19544,2022-03-01 10:06:13,Relocation,1
30656,2019-11-16 09:13:48,Better Offer,1
17300,2024-01-24 19:21:28,Relocation,0
8556,2020-05-09 15:58:17,Better Offer,0
4928,2020-12-07 09:50:54,Personal,0
6994,2020-05-22 03:31:42,Better Offer,0
15517,2024-04-30 01:23:54,Better Offer,0
9927,2022-12-04 22:37:21,Better Offer,0
15146,2022-07-21 20:13:06,Performance,0
42373,2020-08-07 21:33:50,Higher Studies,1
10027,2025-03-24 18:58:19,Relocation,0
34469,2024-04-15 18:48:14,Performance,0
16178,2019-12-02 07:03:57,Better Offer,0
29145,2025-07-03 20:58:26,Better Offer,1
11328,2024-08-27 18:09:22,Better Offer,1
38361,2021-12-02 10:51:33,Health,0
40476,2020-01-18 20:29:53,Personal,0
14304,2024-09-17 08:03:00,Performance,0
27953,2023-10-07 18:29:12,Better Offer,0
5193,2019-08-20 12:57:05,Performance,0
14125,2024-01-10 18:49:17,Better Offer,0
21222,2022-07-24 01:59:56,Better Offer,0
17511,2022-01-02 01:13:10,Personal,0
5184,2025-10-08 05:21:58,Better Offer,0
25580,2020-01-25 09:04:17,Better Offer,0
1344,2023-08-04 08:13:40,Better Offer,1
7367,2023-03-25 13:49:06,Better Offer,0
11915,2022-11-10 19:40:47,Better Offer,1
31515,2021-01-11 04:47:23,Better Offer,1
39168,2025-02-15 08:40:36,Performance,0
34432,2023-11-21 08:35:03,Performance,0
8155,2020-01-31 15:21:11,Better Offer,1
31522,2021-07-15 05:23:57,Better Offer,0
28604,2019-10-25 19:35:39,Relocation,1
445,2021-11-07 03:42:53,Performance,0
15646,2024-11-10 16:22:24,Better Offer,1
30145,2022-07-13 06:54:18,Better Offer,0
30048,2021-11-26 22:14:57,Better Offer,1
22513,2025-06-10 13:15:44,Better Offer,0
25159,2020-06-13 03:15:22,Better Offer,0
6275,2020-01-01 17:25:24,Better Offer,0
33178,2023-12-17 19:44:29,Relocation,1
32785,2024-08-05 13:29:47,Better Offer,0
6121,2024-02-21 07:50:56,Better Offer,1
36448,2020-03-05 17:01:49,Health,1
5780,2024-12-02 22:51:57,Performance,0
4293,2020-06-21 21:15:56,Performance,1
36764,2022-01-30 02:42:51,Personal,0
30876,2021-06-14 01:20:33,Better Offer,1
19705,2023-02-19 21:27:30,Performance,1
22232,2024-08-11 13:44:31,Better Offer,0
38122,2020-12-15 19:15:28,Better Offer,1
40415,2022-04-02 18:13:11,Better Offer,1
15465,2022-10-18 09:47:18,Better Offer,1
39994,2022-02-19 12:16:18,Higher Studies,0
38109,2024-07-20 08:21:52,Better Offer,1
35363,2025-05-10 05:35:33,Better Offer,0
3268,2022-05-05 06:41:46,Health,0
20351,2020-04-12 00:59:23,Relocation,0
31629,2024-03-11 17:25:49,Performance,1
37623,2021-12-15 00:32:30,Better Offer,1
25202,2021-11-05 16:16:45,Relocation,0
8137,2020-06-10 02:43:10,Performance,0
41594,2023-07-28 13:50:24,Better Offer,0
1926,2021-08-12 05:19:13,Better Offer,0
1054,2021-05-12 07:55:54,Better Offer,0
6814,2020-11-04 22:51:03,Better Offer,0
37976,2024-06-04 13:39:42,Better Offer,1
33644,2021-04-19 20:23:17,Performance,0
11047,2023-06-30 02:16:57,Performance,0
42649,2024-10-31 12:05:18,Better Offer,0
8837,2023-01-27 04:24:31,Better Offer,0
2520,2021-11-24 09:49:55,Better Offer,0
28028,2024-11-06 14:45:32,Better Offer,0
21794,2025-02-25 17:13:59,Higher Studies,0
28708,2019-11-25 09:35:41,Better Offer,1
39283,2020-04-19 20:20:59,Performance,0
31376,2022-08-25 12:09:23,Personal,0
38732,2019-11-28 00:34:02,Relocation,1
31536,2023-06-26 06:24:44,Personal,0
12314,2025-05-22 09:21:00,Relocation,0
41670,2020-09-22 09:40:27,Personal,0
26752,2022-04-16 21:05:50,Personal,0
10329,2023-05-28 05:25:53,Personal,0
22281,2022-10-31 06:37:19,Personal,0
13531,2021-11-21 08:09:12,Better Offer,0
19098,2020-01-16 11:56:54,Better Offer,0
36150,2022-02-12 16:07:17,Personal,0
18371,2022-11-01 11:50:59,Relocation,0
18879,2021-05-23 00:23:58,Better Offer,1
20225,2020-07-11 11:11:56,Higher Studies,1
34158,2020-01-28 04:39:03,Personal,0
15268,2024-09-30 03:02:38,Relocation,1
25006,2024-03-29 11:15:50,Relocation,0
29785,2025-06-28 23:04:48,Personal,0
29128,2025-01-15 08:40:19,Better Offer,1
30525,2019-10-31 12:19:00,Better Offer,1
11880,2022-01-11 20:03:46,Better Offer,0
2197,2021-02-11 10:58:12,Better Offer,0
28682,2023-07-24 09:16:00,Personal,1
2377,2020-12-17 06:29:50,Performance,0
20379,2024-04-05 00:35:52,Personal,0
16493,2023-11-24 07:06:14,Better Offer,1
29528,2020-10-17 00:27:19,Better Offer,0
19907,2019-07-29 13:44:46,Relocation,0
33599,2023-09-12 10:59:17,Performance,1
23442,2020-01-27 07:15:27,Personal,1
1561,2022-06-22 02:03:40,Better Offer,0
33461,2021-02-12 18:02:02,Better Offer,0
34095,2020-08-26 11:07:06,Relocation,0
1846,2020-05-05 23:04:28,Relocation,0
18614,2023-10-26 00:08:46,Better Offer,0
11647,2025-07-13 17:07:45,Better Offer,0
40370,2023-07-10 17:37:53,Better Offer,1
23702,2023-09-03 11:27:32,Personal,1
29484,2021-07-08 20:10:40,Better Offer,0
38302,2023-02-23 01:26:07,Health,0
8816,2024-06-07 17:56:59,Personal,0
24020,2025-10-31 05:17:43,Relocation,0
11841,2023-10-11 02:36:11,Personal,0
7411,2023-04-15 12:05:09,Better Offer,0
31895,2019-07-17 05:02:59,Performance,0
15358,2023-07-22 16:09:23,Health,0
38944,2024-07-06 05:13:20,Better Offer,1
33325,2025-08-05 19:59:57,Better Offer,1
15227,2020-06-04 03:05:12,Higher Studies,0
41280,2023-03-13 01:17:34,Better Offer,1
6387,2024-05-03 20:23:26,Performance,0
11757,2023-11-19 06:50:46,Better Offer,1
12076,2022-11-09 11:16:20,Higher Studies,0
40865,2023-11-03 22:24:03,Performance,1
38689,2023-12-10 02:25:49,Better Offer,0
42829,2024-07-29 14:58:12,Relocation,0
20055,2022-09-19 03:55:09,Relocation,1
15847,2025-08-21 20:22:19,Better Offer,0
29079,2023-03-03 23:02:53,Performance,0
19023,2023-10-13 20:10:51,Performance,0
1636,2020-03-12 01:35:24,Better Offer,0
4322,2022-03-05 17:57:38,Personal,0
5495,2020-12-29 17:32:36,Better Offer,1
27221,2022-12-27 18:32:34,Personal,0
6176,2024-10-27 16:16:36,Performance,0
13868,2020-03-29 05:55:23,Better Offer,1
40320,2024-05-08 23:41:23,Better Offer,0
25318,2019-10-01 08:33:38,Personal,1
5350,2023-03-27 16:38:18,Relocation,1
32353,2023-01-31 20:38:36,Relocation,0
33912,2023-05-03 11:34:57,Performance,1
1119,2020-03-31 01:08:06,Personal,0
9411,2020-04-18 22:54:00,Better Offer,0
34778,2023-07-06 01:08:05,Relocation,0
39458,2024-02-09 23:21:33,Higher Studies,0
264,2020-12-18 18:38:57,Better Offer,1
18998,2021-09-21 21:42:41,Better Offer,1
8486,2025-10-21 17:28:00,Performance,1
12948,2024-07-25 03:27:23,Better Offer,0
22356,2023-01-04 11:38:45,Performance,0
9307,2022-07-22 00:44:00,Performance,1
25481,2025-06-20 01:11:07,Performance,0
2255,2020-12-26 04:09:05,Personal,0
20336,2019-10-30 20:07:09,Performance,0
27193,2022-06-10 05:06:06,Personal,0
23275,2022-01-03 16:25:11,Personal,1
14069,2023-06-19 20:51:25,Performance,1
15629,2025-06-28 11:45:06,Performance,0
25948,2024-07-01 05:08:35,Performance,0
14596,2019-10-29 11:27:36,Relocation,0
40795,2022-05-18 03:40:54,Performance,0
21926,2023-11-29 01:33:11,Relocation,0
31532,2021-04-16 04:31:17,Better Offer,0
8788,2021-11-25 06:28:50,Higher Studies,1
7555,2023-02-10 04:39:48,Better Offer,1
6002,2024-03-10 19:55:34,Relocation,0
2353,2023-05-25 11:00:58,Better Offer,0
17202,2025-10-15 12:01:37,Personal,0
38356,2024-03-08 01:29:45,Higher Studies,0
7134,2022-03-28 03:23:59,Personal,0
5888,2025-08-22 09:02:02,Better Offer,0
40196,2023-06-09 10:17:32,Performance,1
31960,2025-06-27 19:55:10,Performance,1
19711,2023-10-14 12:11:16,Better Offer,0
11784,2025-02-21 13:16:15,Better Offer,1
31166,2023-08-23 07:36:33,Better Offer,0
20739,2021-03-31 06:34:12,Personal,1
25316,2024-11-23 16:46:47,Better Offer,0
3233,2024-05-20 13:44:00,Performance,0
14603,2022-12-02 18:34:04,Better Offer,0
41517,2021-09-12 00:16:30,Performance,0
33206,2023-09-19 18:27:22,Better Offer,1
18872,2022-03-08 08:07:32,Better Offer,0
2490,2019-09-27 19:56:13,Higher Studies,0
7843,2023-09-26 11:17:55,Personal,1
37090,2025-02-25 20:02:35,Higher Studies,0
30288,2022-04-08 02:25:12,Higher Studies,0
32999,2022-11-13 15:48:50,Better Offer,0
8452,2023-02-03 17:31:48,Better Offer,0
1813,2020-10-03 20:04:23,Higher Studies,1
15850,2020-04-25 02:32:07,Better Offer,0
25218,2020-02-25 12:44:45,Performance,0
26301,2023-07-25 16:39:12,Personal,0
32072,2022-10-05 21:11:43,Better Offer,0
30369,2022-02-12 22:22:35,Health,0
8671,2023-09-14 02:17:10,Higher Studies,0
13716,2021-09-05 04:11:54,Performance,0
33572,2019-07-31 02:07:03,Performance,0
3538,2023-02-04 22:04:01,Better Offer,0
32653,2024-01-02 10:17:51,Health,0
31956,2020-07-21 14:28:22,Better Offer,1
2985,2024-06-04 18:40:44,Better Offer,0
22143,2022-10-23 09:23:08,Better Offer,0
22807,2021-12-14 08:47:55,Personal,0
24300,2020-11-15 19:33:41,Higher Studies,1
6678,2022-05-30 04:15:11,Performance,0
20150,2024-06-07 05:16:41,Better Offer,1
27383,2021-05-12 16:52:25,Better Offer,0
16526,2020-05-08 17:57:41,Performance,0
18350,2022-12-20 22:15:07,Better Offer,0
16330,2023-09-07 20:02:48,Personal,1
4878,2020-07-03 16:06:21,Better Offer,0
1365,2023-07-31 05:41:49,Better Offer,1
13642,2025-01-30 05:05:33,Better Offer,1
30064,2023-06-29 17:37:38,Better Offer,0
40958,2021-06-20 23:44:25,Performance,1
14614,2024-07-31 17:35:29,Health,0
25099,2021-08-11 17:33:46,Better Offer,0
27318,2021-09-11 20:50:05,Higher Studies,1
18403,2019-10-16 16:34:19,Performance,1
20369,2021-06-03 22:39:53,Better Offer,1
6634,2024-06-27 11:27:59,Performance,0
28401,2020-08-18 17:38:39,Performance,1
39405,2025-06-23 13:41:15,Performance,0
29626,2020-09-02 17:08:43,Higher Studies,0
22380,2021-07-05 01:06:37,Better Offer,0
21000,2022-01-31 06:15:29,Performance,0
30918,2023-10-15 09:39:56,Relocation,0
35960,2021-11-25 18:43:31,Personal,1
39439,2025-07-05 22:24:18,Better Offer,0
13262,2023-09-12 17:03:19,Performance,0
28076,2024-04-23 02:11:07,Performance,1
826,2021-04-22 09:12:59,Performance,1
11126,2022-08-24 13:17:00,Relocation,1
15795,2024-03-08 20:18:37,Health,0
21830,2024-09-17 21:18:36,Better Offer,0
12641,2023-12-29 01:13:23,Better Offer,0
29564,2020-08-10 08:45:20,Performance,0
27589,2019-11-07 08:41:29,Better Offer,1
10731,2020-10-29 01:42:52,Better Offer,1
5930,2022-05-23 09:10:56,Better Offer,0
31566,2020-10-28 11:28:52,Relocation,0
25228,2024-11-13 10:50:44,Better Offer,1
21735,2022-01-16 21:33:34,Better Offer,0
38045,2022-10-25 22:37:49,Better Offer,0
16911,2020-03-24 20:48:37,Performance,0
11932,2025-10-23 05:30:34,Better Offer,0
42701,2022-10-03 06:21:16,Higher Studies,0
693,2024-09-10 09:29:29,Personal,0
8739,2021-11-10 11:46:27,Performance,0
36601,2019-10-17 22:41:46,Better Offer,0
42942,2023-11-29 03:38:44,Better Offer,0
34159,2023-04-15 02:37:47,Better Offer,0
7447,2019-07-14 23:59:31,Relocation,0
8451,2020-03-19 12:47:27,Better Offer,1
5969,2024-05-09 21:59:56,Higher Studies,1
33914,2019-08-12 02:32:34,Better Offer,0
9611,2023-03-16 14:34:52,Better Offer,0
2463,2024-11-21 20:12:05,Relocation,0
42699,2022-06-09 15:57:34,Personal,0
17991,2020-07-20 14:30:47,Relocation,0
17353,2025-08-07 17:56:57,Better Offer,0
13352,2023-06-06 01:44:18,Health,0
28311,2021-01-30 10:34:43,Relocation,1
3446,2021-11-29 16:52:45,Personal,0
32561,2020-07-07 00:45:45,Performance,0
7107,2020-02-27 21:13:42,Better Offer,1
41669,2023-06-13 09:38:24,Performance,1
8917,2023-12-20 22:20:49,Personal,0
25875,2022-09-04 11:02:54,Personal,0
29706,2025-07-23 02:05:53,Better Offer,0
16549,2023-08-09 00:58:24,Higher Studies,1
29549,2021-05-09 19:25:27,Better Offer,0
18996,2022-04-29 06:23:43,Better Offer,0
22878,2025-04-08 02:51:42,Personal,1
1732,2025-09-02 18:28:52,Better Offer,0
2345,2020-08-30 03:00:02,Better Offer,0
36121,2022-10-03 00:09:05,Performance,1
19923,2022-08-16 23:27:41,Health,0
37406,2025-10-02 09:45:19,Better Offer,0
6988,2022-04-24 07:58:02,Better Offer,0
11562,2020-01-31 01:56:58,Relocation,0
12085,2023-05-04 00:39:11,Performance,0
31564,2021-06-13 10:48:13,Better Offer,0
8597,2022-09-13 06:32:14,Better Offer,0
8231,2023-05-26 14:05:08,Performance,0
19447,2025-06-29 21:11:53,Better Offer,0
35045,2022-05-13 16:04:37,Relocation,0
14002,2024-11-19 03:04:35,Relocation,1
13420,2019-07-04 20:13:52,Better Offer,0
1705,2020-05-12 22:26:22,Better Offer,1
7545,2022-10-06 01:39:50,Performance,0
30005,2025-04-18 22:53:17,Better Offer,0
41687,2022-09-09 18:08:11,Better Offer,0
22173,2021-09-04 14:19:46,Better Offer,0
24056,2020-11-30 02:12:03,Health,0
37493,2020-10-19 02:08:30,Better Offer,0
5494,2023-05-23 22:01:48,Performance,1
37416,2024-11-18 04:30:26,Relocation,0
6274,2022-03-22 13:28:14,Relocation,0
22188,2022-12-11 04:33:59,Better Offer,0
14531,2019-09-23 03:29:46,Better Offer,0
20231,2020-02-26 21:15:29,Performance,0
22331,2021-05-29 05:22:43,Health,1
1923,2023-03-24 13:24:42,Better Offer,0
32191,2021-08-24 05:45:00,Better Offer,0
23908,2024-12-20 08:17:48,Personal,0
14638,2023-05-01 19:15:22,Higher Studies,1
6609,2022-08-01 11:20:54,Better Offer,0
2014,2023-11-21 15:01:50,Better Offer,0
34036,2019-11-19 07:56:33,Relocation,1
33337,2023-09-22 15:29:18,Better Offer,1
37348,2023-06-28 15:58:06,Performance,0
3405,2021-11-06 19:12:34,Better Offer,0
42596,2022-09-24 22:24:43,Better Offer,0
23914,2021-05-29 17:12:19,Higher Studies,0
32262,2025-10-08 22:41:25,Relocation,1
39978,2021-03-02 15:29:42,Health,0
43127,2022-06-12 04:12:49,Better Offer,0
28874,2022-11-27 13:24:25,Better Offer,1
24763,2020-01-24 09:46:35,Personal,0
37043,2022-07-05 02:30:13,Health,0
18986,2021-10-06 12:35:54,Better Offer,0
38880,2020-07-30 04:52:35,Better Offer,1
33700,2022-08-12 19:27:44,Better Offer,0
16725,2021-11-07 09:16:26,Better Offer,0
30990,2021-05-30 06:59:14,Better Offer,1
20207,2020-08-16 09:29:13,Better Offer,0
9781,2021-05-01 08:19:12,Better Offer,0
13394,2020-12-08 23:59:30,Better Offer,0
4655,2024-11-25 00:22:47,Health,0
2069,2019-12-11 08:59:34,Better Offer,1
6500,2023-02-01 03:08:10,Performance,0
2192,2025-07-21 13:06:18,Better Offer,1
27742,2020-09-05 21:37:14,Performance,0
5456,2025-03-25 02:17:55,Performance,0
15588,2024-04-21 08:43:43,Health,1
11927,2021-08-03 22:55:12,Better Offer,0
14993,2025-07-30 16:40:42,Higher Studies,0
21009,2025-02-13 14:00:37,Performance,1
14311,2022-07-23 01:28:47,Relocation,1
27430,2021-11-19 19:35:08,Better Offer,0
30331,2019-11-29 07:01:44,Personal,0
20962,2021-01-24 15:19:59,Better Offer,0
2262,2020-02-04 18:19:48,Better Offer,1
27937,2019-07-04 14:22:06,Performance,0
12108,2021-07-11 23:32:17,Personal,0
26905,2021-02-24 03:48:05,Personal,0
10748,2022-10-19 02:51:18,Better Offer,0
9504,2023-10-19 07:43:56,Personal,0
8774,2024-12-16 03:03:17,Health,1
28151,2025-03-24 05:27:32,Performance,1
29195,2020-12-05 05:39:14,Performance,0
3615,2020-07-07 03:17:27,Better Offer,0
40136,2019-10-10 00:50:23,Better Offer,1
24560,2024-09-02 18:50:56,Better Offer,0
23842,2024-10-13 04:43:05,Better Offer,0
30554,2025-01-04 22:18:50,Health,0
30440,2023-08-29 11:06:00,Personal,0
22327,2020-07-30 18:51:46,Better Offer,0
8792,2025-04-07 01:10:59,Better Offer,0
16444,2019-08-21 02:46:29,Personal,1
23594,2021-03-02 18:00:02,Better Offer,1
38958,2023-07-19 10:48:08,Performance,1
15205,2019-10-03 02:25:11,Personal,1
16910,2021-09-30 05:34:00,Better Offer,1
5533,2023-06-26 01:03:42,Relocation,0
23520,2025-05-04 11:56:30,Relocation,0
28984,2019-10-02 07:47:04,Better Offer,0
1718,2021-10-31 18:45:38,Better Offer,1
2000,2021-08-10 14:41:19,Performance,1
7177,2024-05-21 21:05:47,Better Offer,1
26298,2025-09-17 09:41:57,Better Offer,1
1087,2022-07-13 17:58:13,Performance,1
24469,2025-08-18 19:59:21,Better Offer,0
36213,2021-07-21 14:52:49,Personal,0
42577,2024-05-20 10:20:54,Performance,0
18381,2023-04-17 12:18:01,Better Offer,0
32688,2025-02-01 04:26:40,Better Offer,1
22522,2020-12-09 16:48:16,Better Offer,0
35874,2025-03-07 15:54:58,Better Offer,0
24382,2022-12-15 03:48:19,Performance,1
10217,2021-09-13 16:23:33,Better Offer,0
16111,2022-05-13 09:32:31,Better Offer,0
20138,2022-08-10 10:58:39,Performance,1
219,2020-08-14 03:34:38,Better Offer,0
24129,2023-10-14 15:13:08,Performance,0
34959,2022-08-18 13:07:34,Performance,1
3541,2022-05-22 07:36:54,Higher Studies,1
13681,2022-05-08 23:43:43,Relocation,1
1729,2021-10-12 12:32:29,Better Offer,0
4036,2024-09-02 11:14:14,Better Offer,0
36284,2024-05-21 12:31:35,Relocation,1
36355,2025-02-09 08:25:48,Personal,0
19849,2024-04-29 23:29:13,Better Offer,0
23317,2020-10-20 09:19:47,Relocation,0
8247,2019-08-25 21:07:42,Health,0
29252,2022-07-01 10:49:06,Performance,0
6774,2025-10-08 22:57:01,Better Offer,0
9001,2024-06-05 06:32:22,Performance,1
4465,2020-10-22 03:47:46,Performance,1
26718,2020-10-06 14:00:35,Health,0
12997,2024-05-28 12:27:02,Better Offer,0
40817,2020-07-20 14:23:56,Better Offer,0
17409,2021-09-11 06:04:43,Personal,0
5490,2020-08-20 19:23:25,Health,0
11830,2024-08-10 07:51:10,Better Offer,1
33908,2019-09-27 20:43:04,Personal,0
25624,2020-11-11 02:14:05,Performance,0
15441,2019-11-12 08:47:24,Health,0
3145,2020-05-27 00:41:25,Personal,0
8503,2024-11-05 13:40:15,Better Offer,0
12829,2025-05-18 05:43:14,Relocation,1
8696,2024-07-30 03:58:01,Personal,0
564,2021-03-24 15:11:51,Personal,0
27537,2022-01-11 19:33:45,Better Offer,1
30294,2021-10-27 07:20:42,Better Offer,0
31499,2020-11-24 04:39:04,Personal,0
15710,2020-11-02 09:33:20,Better Offer,0
15856,2024-10-05 13:45:30,Relocation,0
14643,2020-02-03 11:43:57,Performance,0
26869,2024-11-01 14:33:42,Relocation,1
31986,2020-07-05 07:24:39,Better Offer,0
34869,2022-11-14 15:23:27,Performance,0
4063,2024-09-04 05:37:27,Performance,0
9839,2019-12-23 01:52:14,Personal,1
23480,2020-02-06 18:29:27,Better Offer,0
34415,2021-08-05 06:59:23,Better Offer,0
13113,2025-05-31 07:44:38,Better Offer,0
1525,2023-09-23 08:10:38,Relocation,0
11756,2025-03-26 19:50:21,Better Offer,0
14130,2024-12-25 00:37:11,Personal,0
15490,2023-07-20 07:21:35,Performance,0
40531,2025-01-05 01:36:18,Relocation,0
18035,2022-11-24 02:43:14,Performance,0
34816,2024-01-28 10:59:19,Better Offer,0
19561,2023-06-04 14:22:41,Better Offer,0
17563,2024-03-22 17:28:02,Better Offer,0
31052,2021-09-30 22:25:35,Relocation,1
6745,2020-03-08 00:30:08,Better Offer,0
26845,2024-06-18 16:11:09,Better Offer,0
29380,2019-11-01 15:35:08,Better Offer,1
102,2022-12-11 01:43:04,Health,0
16605,2024-10-10 08:33:35,Higher Studies,0
11946,2019-11-15 00:19:21,Better Offer,0
18600,2025-06-10 13:56:06,Performance,0
15769,2024-12-29 10:51:12,Better Offer,0
17406,2022-01-09 21:23:57,Better Offer,1
2846,2023-08-02 05:47:19,Relocation,1
43103,2025-05-12 09:38:02,Performance,1
1285,2024-09-05 06:34:30,Personal,0
41754,2023-10-12 03:05:17,Personal,1
25370,2022-11-30 04:00:37,Health,0
35807,2021-01-04 17:21:20,Personal,0
43132,2025-06-01 16:18:10,Better Offer,0
25067,2025-04-11 17:37:22,Performance,1
27641,2024-12-28 09:59:15,Higher Studies,0
31062,2021-04-20 06:20:58,Better Offer,0
3455,2020-03-09 10:12:00,Better Offer,1
5265,2021-10-18 04:37:39,Relocation,0
14090,2023-01-14 16:38:31,Performance,1
11526,2021-06-30 14:59:25,Better Offer,0
22997,2023-07-14 22:36:26,Better Offer,0
17664,2023-10-30 15:41:24,Better Offer,1
11522,2025-05-18 16:31:39,Higher Studies,1
39895,2021-09-20 00:20:03,Health,0
30256,2023-11-05 16:37:57,Better Offer,0
9351,2023-05-08 09:30:11,Better Offer,0
36415,2019-10-03 19:32:23,Performance,0
12960,2020-04-23 01:52:40,Performance,0
26886,2025-05-28 07:17:45,Better Offer,1
532,2020-04-15 03:05:28,Personal,0
33201,2019-08-24 23:21:52,Relocation,0
33074,2025-04-28 15:22:33,Personal,0
43012,2024-05-24 08:45:53,Better Offer,0
4245,2020-08-09 19:49:21,Better Offer,0
43130,2024-11-21 01:03:15,Health,1
40343,2024-10-12 14:34:54,Better Offer,1
14108,2021-12-13 00:12:37,Better Offer,1
14915,2022-10-11 10:58:36,Relocation,1
38348,2024-08-15 00:14:50,Better Offer,0
22402,2021-08-03 13:27:30,Better Offer,0
24343,2024-11-23 10:01:28,Relocation,0
10018,2025-01-09 14:43:45,Relocation,0
14026,2020-07-04 00:02:30,Relocation,0
36465,2022-07-04 05:31:13,Better Offer,1
25879,2021-09-11 07:52:57,Higher Studies,0
34878,2021-03-28 22:33:29,Performance,1
2967,2024-06-09 10:42:01,Better Offer,1
24441,2023-09-27 00:53:39,Higher Studies,1
33731,2024-06-22 23:11:15,Performance,0
20905,2024-12-08 00:37:06,Better Offer,1
27287,2021-06-17 01:21:41,Personal,0
16689,2020-05-13 07:01:05,Health,1
42458,2021-03-23 13:36:25,Relocation,0
21016,2023-06-16 01:03:36,Better Offer,0
19546,2024-07-04 14:04:43,Better Offer,0
7486,2021-08-25 10:11:37,Higher Studies,1
13990,2024-05-10 11:47:27,Better Offer,0
28875,2024-02-02 13:36:55,Personal,0
8368,2023-03-09 17:22:44,Relocation,0
298,2023-04-28 23:07:05,Health,0
7058,2024-05-01 10:36:38,Better Offer,0
547,2024-06-07 14:44:58,Better Offer,0
14578,2020-08-11 02:07:57,Relocation,0
34276,2022-06-25 05:15:11,Better Offer,1
23131,2020-06-22 04:11:33,Relocation,0
25059,2025-10-11 19:47:49,Higher Studies,1
15585,2024-08-17 13:35:31,Relocation,0
35819,2021-02-19 16:41:11,Personal,0
26666,2020-05-16 21:20:59,Better Offer,1
34835,2024-03-12 15:44:45,Better Offer,0
12873,2022-11-03 14:25:54,Performance,1
19347,2021-03-15 22:55:22,Performance,0
42776,2022-02-25 12:08:32,Better Offer,0
24629,2025-04-10 09:18:02,Performance,0
21502,2020-07-20 12:06:24,Better Offer,0
31209,2020-09-27 13:55:02,Health,1
38495,2024-12-12 01:58:50,Better Offer,0
3235,2019-10-08 13:19:33,Better Offer,0
7935,2023-02-13 19:55:47,Better Offer,0
14191,2021-09-23 08:52:59,Health,0
40460,2025-06-21 12:57:47,Better Offer,0
15754,2022-07-30 20:27:49,Better Offer,0
19674,2025-10-22 19:48:12,Personal,0
19366,2020-12-09 13:51:12,Higher Studies,0
23285,2022-04-04 02:37:33,Better Offer,0
4834,2019-08-19 08:42:53,Relocation,0
37322,2020-10-28 04:23:40,Better Offer,0
9015,2023-09-24 19:35:25,Better Offer,0
25377,2023-03-11 09:43:12,Performance,0
22499,2020-10-10 18:04:58,Higher Studies,0
26398,2022-11-29 21:34:50,Performance,0
42987,2023-05-04 17:40:11,Better Offer,0
21126,2022-08-26 06:07:52,Performance,1
2057,2024-11-19 22:14:44,Relocation,0
30175,2022-07-15 01:46:58,Higher Studies,0
5619,2020-11-08 04:06:28,Better Offer,1
33994,2023-10-22 12:36:01,Better Offer,0
26852,2019-09-30 21:49:45,Better Offer,0
23432,2021-07-22 04:43:11,Better Offer,1
9610,2020-02-23 22:09:29,Personal,0
1844,2020-03-11 22:18:43,Better Offer,0
31847,2025-07-18 23:00:09,Better Offer,0
30258,2021-11-13 20:26:43,Better Offer,1
33904,2020-07-30 12:30:27,Personal,0
23883,2021-11-14 07:16:49,Better Offer,0
36475,2019-12-10 12:16:45,Better Offer,0
42392,2023-10-29 06:53:57,Better Offer,0
2075,2021-07-25 00:54:13,Personal,1
37249,2023-02-18 04:53:34,Better Offer,0
10097,2021-12-30 20:41:47,Personal,1
411,2023-11-13 05:29:20,Health,0
16210,2025-07-08 22:48:13,Better Offer,0
8793,2021-04-29 02:20:21,Relocation,0
28332,2025-08-28 20:01:14,Better Offer,0
16817,2021-08-03 14:52:28,Better Offer,0
16960,2024-01-27 17:45:28,Personal,1
17410,2023-05-29 22:36:04,Relocation,0
7630,2025-09-10 00:41:28,Higher Studies,0
33578,2023-07-31 20:10:38,Better Offer,0
22980,2022-07-22 18:40:53,Better Offer,1
29413,2023-07-31 22:59:09,Performance,0
11325,2022-02-13 07:34:30,Health,0
31896,2021-08-01 11:21:53,Better Offer,0
24946,2020-05-18 00:37:15,Health,1
14785,2025-08-18 14:14:03,Health,0
27038,2019-07-13 04:09:52,Higher Studies,0
8263,2024-12-24 11:03:58,Better Offer,0
14479,2022-08-27 00:15:52,Higher Studies,0
13459,2025-02-01 21:03:34,Higher Studies,1
25531,2019-08-09 14:03:12,Higher Studies,0
4354,2022-04-01 22:13:25,Higher Studies,1
6302,2021-05-18 16:01:09,Relocation,1
324,2023-12-15 01:41:17,Relocation,0
23185,2024-09-08 14:47:34,Higher Studies,0
1077,2025-04-09 04:04:30,Better Offer,1
42407,2020-07-14 11:47:18,Performance,0
38153,2022-06-22 20:09:39,Better Offer,0
11241,2022-03-01 20:53:48,Health,0
22947,2022-03-15 01:34:08,Better Offer,0
25302,2024-10-22 08:57:15,Better Offer,1
22241,2025-04-16 22:43:03,Relocation,1
30075,2021-06-07 22:03:21,Personal,1
30717,2024-07-06 02:36:47,Personal,0
21206,2022-11-06 04:34:22,Better Offer,0
15143,2020-07-30 19:55:48,Better Offer,0
39203,2020-03-26 14:11:00,Higher Studies,0
36979,2021-10-21 20:44:47,Performance,0
10029,2021-02-08 22:12:50,Health,0
2661,2020-08-21 18:15:24,Better Offer,0
15708,2025-07-19 13:24:51,Better Offer,0
32121,2022-02-18 09:47:52,Better Offer,0
24394,2021-08-26 06:09:57,Performance,0
24494,2022-04-23 00:16:09,Performance,0
38130,2020-06-01 15:34:05,Better Offer,0
42593,2025-09-30 16:29:25,Higher Studies,1
27758,2021-01-30 00:55:24,Health,1
13436,2023-12-29 11:45:05,Performance,0
4443,2022-08-23 15:17:30,Higher Studies,1
33699,2020-06-16 02:50:46,Higher Studies,1
14814,2019-12-15 23:01:10,Health,0
37289,2020-07-02 13:25:12,Better Offer,0
42135,2024-07-10 00:31:51,Better Offer,1
11449,2024-10-16 04:21:54,Higher Studies,1
36843,2023-11-22 12:00:31,Better Offer,1
11098,2024-03-29 07:22:39,Better Offer,0
2887,2024-04-13 01:05:01,Better Offer,1
27426,2024-11-19 07:21:35,Better Offer,0
12150,2024-05-19 13:23:53,Better Offer,0
38916,2021-10-27 08:39:23,Better Offer,0
40966,2021-10-05 07:28:22,Better Offer,1
13929,2020-06-06 17:44:06,Personal,0
6818,2022-01-01 19:56:25,Higher Studies,1
24165,2024-12-25 08:30:32,Better Offer,1
14050,2020-02-14 02:37:12,Better Offer,1
22922,2023-10-24 03:18:04,Better Offer,0
8516,2025-07-16 01:57:03,Better Offer,0
3471,2022-09-16 04:34:08,Performance,0
12908,2022-06-06 10:23:44,Relocation,0
39852,2021-09-01 23:05:34,Better Offer,1
20753,2020-04-17 18:03:10,Performance,0
3276,2019-11-29 09:36:50,Health,1
6606,2024-01-31 06:34:17,Better Offer,1
26984,2022-01-28 06:17:07,Higher Studies,1
29728,2023-10-20 06:40:41,Better Offer,0
32557,2024-12-14 19:01:02,Health,0
10663,2025-02-07 03:32:31,Performance,0
39814,2024-12-03 05:15:11,Better Offer,0
21445,2020-04-20 09:53:53,Better Offer,0
22164,2022-12-08 00:02:38,Relocation,0
32700,2021-01-14 22:48:15,Relocation,0
34326,2020-07-24 04:40:15,Better Offer,0
18868,2020-06-13 11:07:17,Better Offer,0
24262,2023-06-24 02:24:50,Performance,0
31916,2025-07-14 00:51:43,Better Offer,0
1639,2021-07-06 10:23:18,Better Offer,0
16342,2021-11-13 13:22:48,Higher Studies,0
41543,2022-10-23 00:06:21,Better Offer,0
24480,2023-07-01 21:23:18,Performance,1
7132,2021-07-29 09:34:21,Health,0
14627,2021-04-20 05:31:49,Better Offer,1
27607,2019-09-04 00:55:22,Better Offer,0
39844,2022-01-25 08:56:41,Performance,0
29552,2023-06-13 21:38:26,Better Offer,0
22404,2022-03-25 14:35:55,Personal,1
15802,2021-11-04 11:34:56,Higher Studies,0
30462,2021-08-13 03:46:14,Performance,0
5729,2022-12-02 17:23:47,Better Offer,0
21684,2023-08-30 01:08:31,Better Offer,0
29029,2022-07-21 14:20:15,Better Offer,0
22395,2023-09-08 22:24:12,Higher Studies,0
23934,2024-12-09 02:38:53,Better Offer,0
29546,2020-03-15 03:26:43,Better Offer,1
16056,2019-09-09 02:31:58,Personal,0
23706,2021-07-21 10:02:11,Personal,1
17186,2019-08-04 08:00:15,Personal,0
40219,2022-11-28 14:27:41,Better Offer,0
31713,2020-09-16 14:11:31,Better Offer,0
12032,2022-11-15 05:15:58,Better Offer,0
32801,2020-07-13 12:09:39,Performance,0
27550,2025-10-04 08:36:10,Performance,0
42683,2022-12-10 02:11:28,Performance,1
25056,2022-01-01 22:41:41,Personal,0
24689,2021-05-09 00:20:19,Higher Studies,0
23972,2019-09-19 17:50:52,Better Offer,0
32777,2024-07-20 19:51:10,Higher Studies,0
5631,2022-05-21 07:30:46,Better Offer,1
21399,2020-04-11 18:14:17,Better Offer,0
28435,2023-01-20 17:38:02,Personal,0
18514,2019-09-01 09:18:55,Relocation,0
32735,2021-01-24 01:45:01,Higher Studies,0
4498,2023-04-14 01:55:18,Relocation,0
36860,2020-10-10 19:17:04,Better Offer,0
37876,2025-10-27 15:08:33,Personal,0
841,2020-11-11 21:14:37,Personal,0
5734,2020-04-10 18:21:09,Better Offer,0
15322,2020-08-04 20:58:01,Personal,1
7933,2021-06-09 12:13:00,Performance,1
31223,2021-09-03 09:43:51,Health,0
5725,2024-02-06 07:17:54,Performance,1
25149,2025-06-09 05:30:14,Higher Studies,0
19271,2023-08-02 08:10:36,Health,0
19519,2019-10-26 09:11:51,Better Offer,0
12973,2021-04-02 16:55:30,Better Offer,1
2918,2021-01-29 22:58:31,Higher Studies,0
27494,2025-02-11 00:19:16,Better Offer,1
29360,2021-07-13 08:00:09,Performance,0
20474,2023-02-23 01:42:11,Relocation,1
16441,2022-10-20 08:50:58,Better Offer,0
23697,2023-11-18 15:32:11,Relocation,1
41366,2025-01-26 05:26:39,Better Offer,0
2303,2019-10-19 08:50:59,Better Offer,0
13332,2021-08-23 14:41:43,Better Offer,0
32771,2023-07-02 09:17:21,Relocation,0
389,2021-02-03 07:54:46,Performance,0
40582,2020-09-25 09:32:23,Relocation,0
41591,2020-05-22 01:45:32,Relocation,0
32126,2021-05-19 10:11:59,Better Offer,1
27333,2023-11-19 16:23:51,Better Offer,0
29004,2024-11-02 07:09:15,Better Offer,0
36705,2020-03-29 03:29:40,Relocation,0
25407,2025-03-18 00:37:13,Better Offer,1
40303,2023-07-25 12:57:45,Better Offer,0
33531,2023-03-25 03:25:19,Performance,1
22836,2022-11-29 23:16:16,Health,0
23058,2024-04-21 23:05:27,Better Offer,1
35329,2024-10-19 00:45:14,Personal,1
41833,2025-01-04 11:59:02,Relocation,0
16386,2023-03-18 02:20:24,Better Offer,0
21384,2019-09-01 08:57:45,Higher Studies,0
6863,2023-10-13 01:47:48,Better Offer,0
35206,2023-08-18 02:37:57,Personal,1
3873,2025-08-02 01:09:10,Higher Studies,0
5798,2023-05-04 23:34:43,Personal,1
4940,2021-12-09 20:28:51,Better Offer,1
497,2024-06-04 18:37:20,Personal,0
26315,2025-02-25 04:51:36,Better Offer,0
2307,2022-04-20 00:18:22,Better Offer,0
12819,2020-07-30 20:22:55,Performance,0
6271,2022-02-20 01:27:02,Better Offer,0
28118,2022-12-12 11:03:35,Better Offer,0
36350,2020-07-31 13:56:28,Health,0
30565,2020-05-15 01:20:54,Better Offer,0
22574,2022-09-14 08:40:24,Better Offer,0
31073,2021-08-18 07:10:30,Relocation,0
11263,2025-06-08 11:13:24,Better Offer,0
16069,2020-12-05 20:26:01,Higher Studies,0
18529,2021-08-21 17:57:44,Better Offer,0
29916,2024-03-10 18:25:34,Better Offer,1
24653,2024-12-03 12:41:53,Relocation,0
9589,2024-12-11 02:42:36,Better Offer,1
10205,2020-01-02 14:37:54,Personal,0
41240,2023-03-27 11:06:09,Better Offer,1
9582,2024-04-06 04:53:44,Better Offer,0
26830,2019-11-16 22:20:41,Personal,0
27399,2022-04-21 23:43:02,Better Offer,0
7822,2023-04-25 16:54:58,Better Offer,0
20038,2020-01-25 16:35:39,Better Offer,0
32278,2023-06-24 02:22:31,Performance,0
33357,2019-12-28 00:52:35,Personal,0
40007,2021-02-17 03:00:53,Performance,0
14509,2020-02-04 08:32:38,Health,1
34290,2024-10-30 14:28:58,Better Offer,0
17796,2021-01-28 23:14:57,Personal,1
28279,2021-03-27 03:56:19,Better Offer,0
16214,2024-01-01 23:33:55,Better Offer,0
16413,2020-02-12 23:45:44,Better Offer,0
945,2024-03-20 03:32:42,Personal,0
13607,2025-06-28 10:27:30,Better Offer,0
42957,2023-03-20 15:45:56,Performance,0
16152,2021-07-25 08:16:54,Better Offer,0
28927,2022-05-16 10:37:03,Health,0
435,2025-10-15 01:02:12,Performance,0
30548,2025-01-30 02:07:50,Better Offer,0
41201,2024-10-30 20:07:08,Performance,1
31979,2023-05-18 22:55:36,Better Offer,0
15866,2023-07-14 04:25:42,Better Offer,1
26383,2020-07-19 05:01:01,Higher Studies,0
41536,2022-02-24 16:33:42,Better Offer,0
8528,2022-03-10 10:29:02,Performance,0
14718,2024-02-29 09:10:11,Better Offer,1
10056,2019-07-18 20:21:35,Better Offer,0
13020,2025-01-27 07:51:40,Personal,0
12891,2025-02-24 12:57:55,Higher Studies,0
14286,2022-07-18 11:34:07,Better Offer,1
33081,2022-08-30 17:44:12,Better Offer,0
42402,2023-09-17 03:14:13,Better Offer,1
16762,2021-11-29 10:08:06,Relocation,0
2309,2021-08-25 18:52:51,Personal,0
16724,2022-09-01 04:31:14,Relocation,1
18330,2025-08-24 08:48:22,Performance,0
31254,2024-12-28 15:49:37,Performance,0
24041,2023-02-27 23:56:29,Relocation,1
11945,2021-06-23 07:08:59,Better Offer,1
39296,2021-11-19 23:34:22,Better Offer,1
21161,2022-11-15 10:10:32,Personal,0
41927,2019-10-21 04:49:41,Better Offer,0
30729,2024-07-26 15:24:59,Better Offer,1
27255,2019-11-17 11:06:21,Better Offer,0
935,2022-12-28 13:24:11,Better Offer,0
32315,2024-02-01 05:01:35,Health,1
9430,2019-12-23 08:39:36,Better Offer,0
18564,2025-08-01 02:13:45,Performance,1
23346,2022-10-11 11:27:02,Better Offer,0
15599,2020-02-24 13:48:54,Relocation,0
30996,2023-11-28 16:56:56,Relocation,0
1955,2022-01-22 07:25:47,Performance,0
5126,2021-12-27 06:47:42,Better Offer,0
2252,2021-05-21 02:59:31,Better Offer,0
42869,2024-10-10 18:49:29,Performance,1
2742,2022-05-09 08:39:13,Better Offer,0
13855,2025-04-06 17:36:14,Better Offer,1
31567,2021-01-26 20:53:28,Relocation,0
32589,2024-04-27 15:42:19,Better Offer,0
27710,2022-06-26 21:35:05,Personal,1
41636,2024-09-16 10:08:53,Better Offer,0
37851,2024-05-02 05:18:45,Better Offer,0
37920,2022-04-13 16:04:10,Better Offer,0
21742,2025-01-29 07:12:39,Better Offer,0
33945,2020-10-27 07:27:04,Better Offer,1
3612,2021-10-04 02:10:40,Better Offer,0
28906,2022-10-27 07:14:34,Performance,0
4611,2021-06-30 01:47:04,Better Offer,0
16890,2025-07-09 12:58:21,Personal,0
33364,2020-08-20 04:01:40,Better Offer,0
17631,2019-10-09 17:59:09,Performance,0
43116,2023-06-12 13:25:57,Higher Studies,0
4598,2022-11-11 00:34:59,Personal,1
15855,2025-03-04 19:40:31,Better Offer,0
33817,2023-10-22 22:24:11,Better Offer,1
36369,2023-07-27 04:49:51,Health,0
14373,2025-05-15 18:53:44,Better Offer,0
12886,2025-01-01 06:27:50,Health,0
32380,2020-02-02 06:44:18,Personal,0
42313,2022-06-12 09:02:22,Better Offer,1
34254,2019-11-01 18:15:14,Relocation,0
18207,2024-02-07 21:25:53,Relocation,0
31722,2024-05-03 18:40:46,Relocation,1
29280,2022-01-17 09:56:27,Higher Studies,0
11384,2020-03-30 07:15:59,Personal,1
34972,2019-09-17 13:30:56,Better Offer,0
31810,2021-06-24 20:42:48,Better Offer,1
34413,2024-04-10 22:45:04,Performance,1
28611,2023-02-10 20:45:27,Better Offer,1
20468,2022-03-26 04:18:36,Higher Studies,1
6891,2022-06-01 08:50:56,Better Offer,0
27249,2021-04-08 23:05:35,Health,0
5799,2020-01-19 17:04:01,Better Offer,0
8822,2023-12-20 23:30:57,Personal,0
15019,2021-07-05 18:13:04,Better Offer,0
35015,2024-10-24 11:50:51,Relocation,0
6460,2022-04-10 08:08:59,Relocation,0
19465,2025-05-23 12:37:18,Health,0
41997,2025-03-24 04:54:06,Better Offer,1
6066,2021-11-30 23:27:25,Better Offer,0
22950,2023-07-12 05:51:36,Relocation,0
4282,2021-09-04 03:38:04,Better Offer,0
23768,2024-02-21 13:19:32,Better Offer,1
4340,2021-10-03 09:33:38,Better Offer,0
26085,2023-11-30 19:35:17,Better Offer,0
14372,2024-08-06 15:37:25,Better Offer,1
19886,2021-02-27 20:51:20,Higher Studies,0
36025,2025-08-14 15:45:10,Performance,1
9853,2022-11-02 07:56:41,Higher Studies,1
4712,2025-09-12 21:06:12,Higher Studies,0
33009,2020-06-06 13:48:22,Health,0
38536,2025-08-22 13:50:33,Personal,1
6873,2023-04-26 20:39:04,Better Offer,0
7844,2023-10-06 23:52:12,Personal,0
24438,2023-01-27 08:34:36,Performance,0
41078,2020-08-04 20:14:51,Performance,0
27814,2024-12-16 05:08:24,Performance,0
3494,2024-06-18 00:14:44,Better Offer,0
42865,2021-07-13 09:52:08,Performance,0
33173,2025-01-30 06:22:13,Better Offer,1
10718,2022-10-18 10:30:19,Better Offer,1
10835,2021-10-15 18:08:33,Relocation,1
27770,2023-10-11 16:29:54,Health,0
176,2020-04-19 03:43:58,Performance,0
6519,2025-06-06 04:46:20,Higher Studies,0
2865,2019-08-21 19:58:47,Health,0
17392,2025-04-20 04:38:46,Better Offer,0
27160,2023-12-21 07:34:21,Better Offer,1
28215,2021-03-07 00:33:27,Higher Studies,0
37147,2020-07-01 00:02:13,Better Offer,0
17619,2025-08-22 10:05:43,Higher Studies,1
7219,2021-09-01 21:09:59,Better Offer,0
5847,2023-05-03 17:46:37,Better Offer,0
39770,2024-05-03 22:44:58,Better Offer,0
29566,2024-07-31 04:56:53,Higher Studies,0
26091,2024-01-31 09:31:21,Relocation,0
10303,2022-10-05 02:26:17,Performance,0
10664,2025-08-26 07:01:23,Higher Studies,1
29458,2021-04-19 22:37:04,Personal,1
1869,2022-01-01 06:47:36,Health,0
10656,2019-08-13 22:52:44,Better Offer,0
17454,2020-04-13 05:22:44,Better Offer,0
28358,2025-01-06 15:15:49,Better Offer,1
26282,2024-03-08 10:37:00,Better Offer,0
10327,2022-12-30 16:49:38,Relocation,0
5600,2021-06-29 16:24:40,Better Offer,0
2838,2019-11-15 20:19:41,Higher Studies,0
36988,2021-02-28 01:52:31,Performance,0
34021,2021-08-03 22:49:58,Personal,0
3261,2022-01-05 14:06:49,Higher Studies,1
9235,2020-11-29 21:16:13,Better Offer,1
37428,2022-09-24 18:13:50,Better Offer,1
20953,2022-07-16 13:23:40,Personal,0
24001,2021-02-16 07:01:53,Relocation,0
38077,2022-05-05 07:33:02,Personal,0
4558,2019-11-02 17:50:36,Personal,0
6564,2020-06-09 19:32:19,Better Offer,0
4026,2022-04-21 18:19:11,Better Offer,0
15244,2023-05-29 16:36:50,Relocation,0
41223,2019-09-25 01:19:42,Relocation,0
28339,2025-07-09 23:03:54,Better Offer,0
23760,2019-08-26 04:16:36,Better Offer,1
11844,2025-10-10 21:53:19,Better Offer,0
10696,2024-07-01 04:14:49,Personal,0
41577,2021-07-06 15:09:46,Better Offer,0
4872,2024-08-08 06:40:23,Better Offer,1
33661,2023-07-23 06:14:43,Performance,0
12503,2020-07-16 03:34:22,Better Offer,0
8790,2023-03-08 04:42:21,Higher Studies,0
15681,2025-05-13 23:23:59,Personal,0
26476,2024-01-14 18:38:24,Better Offer,0
32233,2022-02-26 11:12:18,Better Offer,0
39797,2025-10-26 13:03:18,Better Offer,1
30515,2025-07-27 00:00:21,Better Offer,0
30186,2021-12-03 10:16:09,Performance,0
4163,2025-04-16 14:44:45,Performance,0
35833,2023-10-16 19:20:46,Personal,0
8089,2020-03-25 19:55:56,Performance,0
31677,2024-06-24 18:02:39,Relocation,0
882,2019-12-18 23:27:09,Better Offer,1
27186,2024-03-26 23:03:51,Performance,0
36078,2025-06-05 16:30:20,Better Offer,1
39617,2024-06-16 19:11:07,Better Offer,1
26082,2025-06-28 10:45:38,Better Offer,1
10618,2020-02-17 14:17:40,Performance,1
42666,2021-10-01 12:33:35,Better Offer,1
12137,2019-10-18 18:32:24,Higher Studies,0
275,2024-10-26 05:24:26,Better Offer,0
28415,2025-06-15 08:48:00,Better Offer,0
3697,2023-02-02 22:19:37,Better Offer,0
1160,2021-07-23 23:16:33,Relocation,0
20473,2020-12-03 03:43:18,Better Offer,0
16320,2019-07-30 10:41:59,Performance,0
32091,2020-05-05 05:18:43,Personal,0
2290,2020-10-07 00:56:59,Performance,0
618,2021-10-30 06:18:26,Relocation,1
31502,2024-04-19 10:22:09,Health,0
42859,2020-11-17 00:06:19,Better Offer,0
21679,2025-09-18 22:33:13,Higher Studies,0
28493,2025-07-01 07:03:26,Personal,0
7073,2024-06-10 23:04:54,Relocation,0
27330,2023-01-28 17:58:09,Health,1
13759,2025-06-15 18:00:43,Performance,0
10479,2021-02-05 03:59:37,Higher Studies,1
13094,2024-04-11 13:55:09,Relocation,1
4537,2023-12-14 14:40:24,Performance,1
33854,2022-06-29 06:46:37,Relocation,1
25391,2021-07-30 17:04:12,Relocation,0
203,2021-05-21 14:04:20,Relocation,0
10932,2024-09-23 04:31:29,Better Offer,1
4463,2020-12-14 16:47:33,Performance,0
42538,2020-07-18 20:45:57,Better Offer,0
17351,2025-07-28 06:01:36,Better Offer,0
39058,2024-10-22 04:49:31,Better Offer,0
13956,2024-09-21 18:44:59,Higher Studies,0
42750,2023-08-04 07:44:43,Better Offer,0
15111,2022-10-22 16:03:17,Performance,0
30826,2024-10-29 21:03:17,Personal,1
25157,2020-09-29 15:01:01,Better Offer,0
2788,2021-05-20 14:30:51,Higher Studies,0
20390,2024-01-17 16:48:51,Relocation,0
31795,2021-01-28 23:24:51,Better Offer,1
12416,2025-01-13 12:28:03,Performance,0
26544,2022-11-11 04:59:43,Better Offer,1
20010,2020-04-07 07:25:05,Performance,1
19537,2023-10-09 06:03:06,Higher Studies,0
11017,2019-09-23 04:00:01,Relocation,0
6195,2023-10-15 20:29:55,Relocation,0
6599,2023-04-10 18:49:48,Better Offer,0
41611,2025-05-26 13:55:36,Health,0
27986,2022-01-14 17:11:06,Better Offer,0
11840,2020-01-20 18:45:31,Better Offer,0
42638,2024-09-18 00:35:03,Better Offer,0
27392,2024-08-07 02:49:48,Higher Studies,0
34818,2020-06-10 22:35:49,Personal,1
6484,2025-07-09 03:15:54,Personal,0
38213,2025-05-28 19:32:32,Better Offer,0
27202,2021-05-30 00:01:25,Better Offer,0
40265,2021-07-14 20:11:22,Better Offer,1
11299,2025-05-17 05:01:25,Better Offer,0
32943,2022-07-24 20:20:03,Personal,0
36695,2021-09-04 10:00:30,Better Offer,0
6907,2025-07-12 20:43:26,Performance,1
28306,2024-01-16 13:59:29,Health,0
13959,2021-08-19 15:13:43,Better Offer,1
84,2022-08-18 18:30:20,Higher Studies,0
23309,2025-10-30 15:16:39,Better Offer,0
20724,2022-05-19 04:34:46,Performance,0
2737,2024-07-29 19:37:28,Higher Studies,0
39243,2021-05-01 21:06:15,Health,0
24195,2022-10-21 16:44:51,Performance,0
24404,2019-12-19 02:10:54,Better Offer,0
12525,2024-06-20 08:28:32,Better Offer,0
10300,2019-07-23 19:52:10,Better Offer,0
9598,2021-11-26 10:57:14,Better Offer,0
13011,2021-05-16 15:11:29,Better Offer,0
1935,2025-06-29 18:52:15,Better Offer,0
35498,2021-07-29 17:33:48,Better Offer,0
38328,2021-06-27 10:28:06,Personal,1
7263,2022-04-08 06:22:13,Higher Studies,0
7847,2023-06-27 03:40:30,Personal,1
15296,2025-09-19 10:11:11,Performance,0
12502,2023-05-18 20:13:13,Better Offer,1
17163,2022-02-09 11:33:01,Performance,0
31972,2021-02-06 15:33:38,Relocation,0
20903,2023-07-30 19:27:05,Personal,0
5693,2021-04-28 17:55:28,Performance,0
35594,2020-09-03 07:18:51,Personal,1
35409,2020-12-07 22:15:53,Better Offer,1
10207,2025-09-02 11:17:16,Better Offer,1
18994,2025-03-19 09:20:36,Performance,0
8049,2022-08-05 16:22:57,Performance,0
1123,2019-08-14 03:28:21,Better Offer,0
36199,2020-09-12 02:39:30,Better Offer,1
14441,2024-11-27 02:20:03,Health,0
27171,2025-06-01 07:14:49,Higher Studies,1
5235,2022-11-02 05:38:31,Performance,1
2074,2020-06-19 21:52:30,Performance,0
38533,2021-05-30 10:40:53,Performance,0
27305,2023-03-04 11:48:08,Performance,0
18286,2022-09-26 15:57:58,Performance,0
33872,2022-12-27 13:28:23,Better Offer,1
42097,2022-09-02 11:11:05,Better Offer,1
18093,2019-10-09 16:42:57,Better Offer,0
37350,2021-02-10 13:20:00,Better Offer,1
32241,2020-08-14 17:29:36,Performance,0
23015,2023-12-22 06:46:50,Better Offer,0
3704,2020-09-13 14:17:27,Better Offer,1
21531,2024-11-20 05:32:28,Personal,0
26628,2024-05-01 14:38:36,Better Offer,1
16338,2021-12-04 07:17:13,Better Offer,0
25085,2022-05-22 09:26:03,Higher Studies,0
39288,2022-06-22 15:41:45,Better Offer,0
29680,2020-12-26 18:06:17,Performance,0
16346,2022-06-27 16:16:07,Better Offer,1
28685,2019-09-22 21:33:06,Personal,0
23206,2021-05-20 14:59:02,Health,0
23417,2023-01-20 00:34:12,Better Offer,1
38387,2023-04-10 19:19:58,Personal,0
13302,2021-09-21 13:00:06,Relocation,0
32129,2019-08-11 11:59:14,Better Offer,0
26323,2024-02-11 09:02:08,Better Offer,0
25526,2021-09-11 23:35:34,Better Offer,0
27250,2020-06-05 14:58:39,Personal,0
13435,2021-11-11 20:49:31,Better Offer,0
35940,2023-02-25 17:00:42,Better Offer,0
12537,2025-10-22 10:01:08,Relocation,0
2123,2023-02-23 04:40:22,Better Offer,1
9114,2025-08-14 00:55:00,Better Offer,0
20830,2023-08-06 08:23:26,Better Offer,0
15502,2020-11-21 08:55:09,Better Offer,0
33873,2022-06-14 21:59:48,Health,0
7941,2025-03-13 23:09:02,Personal,0
4914,2023-09-17 16:36:02,Health,1
22259,2019-10-27 00:50:38,Better Offer,0
20558,2022-03-12 18:04:58,Higher Studies,0
34680,2022-04-28 17:12:44,Higher Studies,0
7862,2022-06-20 15:08:15,Better Offer,0
12845,2021-10-14 00:01:03,Personal,0
27554,2019-07-08 20:24:55,Higher Studies,0
12898,2019-12-09 13:40:36,Performance,0
13173,2024-05-07 04:10:56,Personal,0
24888,2020-12-12 15:29:35,Better Offer,0
25714,2025-03-16 20:31:29,Performance,1
9414,2024-10-22 23:07:04,Relocation,1
19272,2024-09-22 08:44:15,Better Offer,0
26652,2024-09-23 14:57:41,Performance,0
17958,2020-11-13 02:12:07,Better Offer,1
41781,2020-08-21 16:07:14,Personal,0
25688,2020-01-09 11:15:26,Relocation,0
13130,2023-09-22 18:58:55,Better Offer,0
37242,2023-08-30 18:20:06,Health,1
20382,2021-07-22 05:32:42,Better Offer,1
32489,2019-07-10 17:36:39,Better Offer,0
42105,2022-08-11 01:20:06,Higher Studies,0
18370,2022-04-01 16:46:46,Better Offer,1
19261,2019-12-29 14:09:04,Performance,0
29641,2024-08-04 13:35:38,Performance,0
23115,2022-08-08 15:52:11,Performance,0
30035,2022-06-17 04:14:10,Personal,0
9731,2022-05-07 18:47:18,Performance,0
11053,2022-04-01 08:56:25,Health,0
1334,2019-11-10 16:30:22,Better Offer,1
16684,2020-08-12 21:47:03,Better Offer,1
8480,2022-05-10 17:21:12,Higher Studies,0
10480,2023-02-10 17:20:04,Performance,0
15690,2021-02-13 08:20:12,Performance,1
7742,2023-03-05 09:34:30,Better Offer,0
32630,2021-01-17 03:43:49,Performance,0
7969,2019-07-04 21:11:29,Better Offer,0
28736,2021-08-09 15:53:43,Better Offer,0
27054,2024-12-02 07:02:07,Performance,1
11330,2020-06-09 03:13:30,Relocation,0
43095,2025-06-06 09:41:23,Better Offer,0
2157,2019-10-16 20:42:15,Relocation,0
28738,2024-03-14 10:15:31,Personal,0
11959,2021-05-18 02:26:31,Better Offer,0
34577,2025-08-12 00:51:23,Relocation,0
42598,2024-10-06 15:13:19,Better Offer,0
21454,2022-12-03 23:22:04,Better Offer,1
7195,2022-02-26 21:27:57,Personal,0
9682,2023-06-07 19:06:12,Higher Studies,0
21663,2023-09-06 09:39:43,Health,0
12792,2020-02-18 16:35:12,Better Offer,0
34280,2024-04-02 13:27:45,Better Offer,0
952,2019-09-12 02:33:34,Performance,0
19258,2023-10-17 22:57:46,Relocation,0
34787,2024-01-23 03:15:46,Personal,0
42033,2022-02-22 22:11:21,Performance,0
12093,2021-03-27 13:47:34,Better Offer,1
27400,2019-09-12 12:51:23,Better Offer,0
4394,2019-07-19 04:01:55,Better Offer,0
7078,2019-07-07 08:15:49,Personal,0
42733,2019-07-13 20:11:31,Better Offer,0
508,2024-04-01 01:39:27,Better Offer,0
5315,2023-04-20 11:10:25,Better Offer,0
4855,2020-12-03 16:38:01,Better Offer,0
13912,2019-11-18 16:04:30,Better Offer,0
18545,2021-01-14 14:14:28,Higher Studies,0
25861,2021-01-28 13:01:46,Health,1
33176,2019-08-08 00:24:15,Personal,1
16276,2023-03-09 03:26:07,Better Offer,0
38888,2020-06-11 19:55:34,Performance,0
30423,2021-08-16 15:24:24,Relocation,1
26680,2022-10-05 08:53:34,Better Offer,1
7787,2022-04-29 02:04:18,Personal,0
9502,2021-03-17 09:50:37,Personal,1
40397,2022-04-26 07:38:29,Higher Studies,0
31235,2021-06-30 23:18:35,Better Offer,0
41057,2022-07-14 01:04:57,Performance,1
9887,2024-01-04 22:47:45,Better Offer,0
37464,2020-07-28 19:33:11,Better Offer,0
31215,2021-06-15 08:21:09,Better Offer,0
4822,2025-09-05 00:43:31,Better Offer,1
18570,2023-10-07 01:15:56,Better Offer,0
29881,2023-12-03 09:17:36,Personal,1
1053,2024-10-11 19:32:19,Better Offer,0
7315,2021-12-17 19:01:43,Personal,1
35719,2022-07-17 02:31:19,Better Offer,0
30118,2023-07-19 03:27:34,Performance,1
25913,2019-10-29 07:04:12,Better Offer,0
25069,2020-04-20 03:17:58,Relocation,0
17450,2020-03-13 14:14:19,Better Offer,0
18196,2023-04-26 17:07:43,Better Offer,0
31777,2021-09-20 17:58:33,Better Offer,0
34025,2021-04-09 07:44:48,Higher Studies,0
20261,2021-03-02 07:54:10,Performance,0
34893,2025-10-28 02:25:30,Better Offer,0
2540,2025-01-13 01:30:50,Better Offer,1
24887,2023-11-06 07:53:22,Higher Studies,1
39848,2020-02-25 01:09:23,Performance,0
4606,2023-04-29 07:33:45,Personal,0
10353,2025-02-14 02:39:32,Performance,0
27994,2024-02-08 21:15:47,Better Offer,0
397,2022-01-31 04:40:28,Personal,0
34953,2021-06-07 13:59:27,Better Offer,0
36337,2019-07-23 02:46:21,Better Offer,0
38672,2021-05-29 11:47:18,Higher Studies,0
34862,2023-08-27 15:31:52,Better Offer,0
18772,2024-02-08 17:57:26,Performance,0
36875,2021-01-19 13:10:30,Higher Studies,1
32403,2020-01-15 21:07:33,Better Offer,1
19091,2021-11-04 03:25:43,Better Offer,0
26287,2023-12-24 03:37:49,Performance,0
13617,2019-08-28 23:10:00,Higher Studies,0
22294,2021-09-21 05:45:12,Relocation,0
20864,2022-05-29 21:27:21,Higher Studies,0
30253,2025-01-19 05:30:15,Higher Studies,0
15689,2022-08-04 20:18:49,Better Offer,1
34964,2022-04-21 02:32:25,Performance,1
10690,2022-01-04 16:03:25,Better Offer,0
22307,2020-10-15 14:12:05,Relocation,0
39938,2019-07-18 09:54:28,Better Offer,0
22336,2020-05-19 22:36:45,Performance,0
6208,2024-07-16 05:56:13,Better Offer,1
39847,2020-08-11 08:25:11,Better Offer,1
2429,2024-08-07 07:16:38,Better Offer,1
19291,2020-05-08 20:22:06,Performance,0
13300,2021-10-15 01:27:21,Performance,0
17241,2020-12-22 20:56:53,Performance,1
21854,2022-10-29 12:40:11,Better Offer,0
25430,2020-02-03 02:29:28,Higher Studies,0
11861,2020-06-19 23:50:14,Relocation,0
34963,2019-12-30 20:22:10,Better Offer,1
34434,2024-11-17 14:00:46,Better Offer,0
23398,2021-08-12 14:31:44,Personal,0
13509,2021-03-04 05:45:26,Better Offer,0
1294,2023-12-04 12:52:38,Better Offer,0
3799,2022-11-20 05:07:22,Higher Studies,1
5426,2025-01-19 17:46:05,Personal,0
6802,2025-05-24 04:48:53,Better Offer,0
43131,2025-04-07 23:29:32,Health,0
6076,2024-08-14 18:10:25,Performance,0
31945,2021-11-06 12:07:42,Better Offer,0
31175,2025-01-03 17:14:49,Better Offer,0
29466,2024-11-05 02:07:23,Performance,0
21675,2025-05-18 18:18:12,Better Offer,0
12449,2024-11-16 22:21:48,Performance,0
29512,2019-09-30 01:35:48,Better Offer,1
22075,2025-07-06 10:17:58,Better Offer,0
38338,2022-05-05 05:19:40,Better Offer,0
5787,2021-03-11 02:24:48,Higher Studies,1
6874,2023-08-14 03:43:54,Better Offer,0
40442,2025-03-13 05:15:32,Higher Studies,0
255,2021-03-08 06:28:17,Better Offer,1
4645,2022-04-07 18:29:40,Relocation,1
30536,2025-09-23 00:48:40,Better Offer,0
26432,2025-04-29 10:42:34,Higher Studies,1
9748,2024-05-31 22:16:37,Higher Studies,1
33436,2022-05-30 04:55:59,Better Offer,0
27939,2025-07-10 20:56:43,Performance,1
8604,2021-09-06 21:09:37,Performance,0
10506,2024-09-23 05:07:35,Better Offer,0
4262,2019-12-29 20:16:54,Performance,0
39882,2024-05-04 13:01:01,Higher Studies,0
41699,2020-01-06 01:27:37,Better Offer,0
33373,2025-03-22 14:45:08,Personal,0
39041,2024-06-08 21:57:22,Better Offer,0
17124,2024-08-29 05:57:34,Personal,0
27693,2021-12-17 01:57:44,Better Offer,0
33322,2020-03-04 03:45:49,Performance,0
42632,2019-12-08 17:26:28,Better Offer,1
37815,2024-12-25 20:28:37,Better Offer,1
23633,2024-02-29 14:33:21,Health,0
15740,2021-04-02 15:44:26,Performance,1
3616,2023-03-16 13:53:07,Health,0
6330,2025-06-18 09:07:37,Performance,1
33121,2023-11-19 14:57:34,Better Offer,0
36170,2025-08-10 22:16:07,Relocation,0
18612,2022-08-18 10:10:50,Better Offer,0
17270,2024-12-14 14:02:28,Better Offer,0
39706,2024-08-09 17:50:04,Better Offer,0
18864,2025-07-09 18:37:37,Better Offer,0
14991,2019-09-14 05:33:41,Performance,0
15700,2019-07-17 05:16:20,Better Offer,0
12157,2021-06-14 01:21:51,Performance,0
23507,2023-08-26 09:43:02,Higher Studies,0
1118,2022-11-17 03:12:06,Performance,0
7157,2020-09-01 22:56:21,Relocation,0
30348,2021-05-10 07:05:28,Better Offer,1
8086,2020-05-08 01:32:29,Health,0
11503,2025-03-21 07:39:34,Better Offer,0
8465,2021-04-15 02:23:32,Better Offer,0
2500,2024-06-06 01:58:54,Better Offer,0
170,2020-03-02 16:02:41,Better Offer,0
9212,2024-10-13 22:52:20,Personal,1
36693,2025-07-11 03:35:50,Personal,1
20814,2023-11-11 04:51:57,Personal,0
37377,2020-01-13 13:40:35,Better Offer,1
23335,2020-06-13 18:58:53,Better Offer,0
18599,2024-06-05 07:23:48,Better Offer,0
1348,2023-07-25 21:19:23,Better Offer,1
15331,2021-07-05 08:39:27,Higher Studies,0
39346,2023-01-24 22:50:59,Better Offer,1
21764,2024-01-10 02:52:27,Better Offer,0
2173,2022-01-20 01:32:27,Better Offer,0
12444,2023-09-17 05:32:19,Better Offer,0
16235,2019-11-22 21:50:16,Higher Studies,1
39010,2020-01-03 11:48:30,Performance,0
7883,2025-10-17 01:26:05,Better Offer,0
11315,2021-02-12 10:39:11,Better Offer,0
12921,2024-06-06 15:34:57,Better Offer,0
36826,2024-08-28 19:49:42,Health,1
20523,2020-08-31 23:08:21,Performance,1
14407,2020-03-16 14:20:08,Better Offer,0
25740,2025-01-01 02:00:07,Better Offer,0
27363,2020-05-15 23:54:45,Better Offer,0
5383,2023-05-19 22:16:32,Better Offer,0
13701,2023-01-13 06:26:38,Relocation,0
7851,2023-12-25 19:04:04,Better Offer,1
29149,2019-10-15 01:15:39,Personal,0
6540,2020-10-12 13:11:05,Better Offer,0
4690,2021-07-13 19:13:24,Personal,0
40231,2023-11-17 09:45:10,Better Offer,0
19953,2021-12-27 09:08:44,Better Offer,1
5307,2021-12-16 12:57:49,Personal,0
3071,2021-09-07 19:52:50,Relocation,0
6454,2022-04-21 21:34:02,Better Offer,0
13145,2023-11-06 06:31:08,Performance,1
18569,2024-08-22 21:14:13,Relocation,0
30131,2023-08-16 16:35:50,Health,1
3891,2020-08-05 05:52:55,Better Offer,0
40278,2024-02-22 12:26:34,Higher Studies,1
34306,2019-11-23 05:08:31,Higher Studies,1
10060,2022-03-31 15:56:35,Better Offer,0
16244,2024-07-16 17:57:49,Personal,0
27059,2020-07-27 15:20:41,Better Offer,1
14642,2020-04-25 18:05:26,Higher Studies,1
4,2021-04-26 05:25:26,Relocation,0
7513,2022-02-20 07:05:08,Higher Studies,0
31674,2023-12-23 01:18:45,Better Offer,0
31093,2021-05-04 15:57:23,Health,0
20013,2025-09-12 22:59:56,Higher Studies,0
23089,2021-02-04 23:09:32,Better Offer,1
29708,2023-01-01 08:45:32,Performance,0
22770,2024-12-11 06:24:52,Higher Studies,0
8261,2020-07-27 01:11:29,Better Offer,0
32239,2024-10-10 18:17:57,Personal,0
33508,2021-11-20 18:40:48,Better Offer,0
34983,2021-04-28 01:58:39,Better Offer,0
420,2021-06-08 08:36:18,Relocation,0
20527,2022-10-16 20:55:41,Higher Studies,0
36807,2025-04-25 11:14:22,Health,0
39109,2021-11-23 04:00:27,Higher Studies,0
26186,2022-11-29 18:22:48,Higher Studies,0
23658,2024-10-19 01:00:48,Better Offer,1
37776,2024-10-18 03:59:47,Health,0
21670,2022-12-08 18:12:49,Better Offer,1
26392,2019-10-17 16:58:14,Performance,0
26705,2020-10-12 23:43:27,Higher Studies,0
6959,2023-05-17 20:31:57,Better Offer,0
14812,2021-02-15 23:47:58,Higher Studies,0
5585,2022-11-07 05:39:28,Relocation,1
40675,2021-07-06 16:02:31,Better Offer,0
39744,2024-02-22 18:27:04,Better Offer,0
32227,2020-08-10 03:51:37,Health,1
31910,2023-11-03 14:30:48,Better Offer,1
39238,2022-09-21 12:37:18,Relocation,1
21994,2023-04-07 07:28:11,Personal,0
12609,2021-01-31 06:39:08,Better Offer,0
23297,2025-06-14 05:27:39,Health,0
19619,2023-10-06 04:33:13,Better Offer,1
38183,2024-04-25 03:11:39,Better Offer,0
38196,2021-07-20 13:18:10,Higher Studies,0
13451,2023-02-05 09:41:55,Performance,1
3954,2020-01-13 06:05:59,Performance,1
20270,2022-07-04 20:59:00,Better Offer,0
13497,2021-07-27 14:21:27,Personal,0
41620,2024-12-09 18:07:12,Better Offer,0
182,2025-06-24 02:11:57,Better Offer,0
13270,2023-12-02 00:14:23,Better Offer,0
21978,2024-07-15 18:41:58,Higher Studies,0
2237,2020-06-25 12:24:38,Better Offer,1
16029,2021-06-04 00:10:46,Better Offer,0
39897,2019-12-20 07:51:15,Better Offer,0
35140,2025-07-04 12:15:35,Performance,0
40719,2024-04-06 21:21:26,Better Offer,1
16031,2021-06-09 06:43:45,Relocation,1
5564,2021-05-28 09:34:18,Performance,1
3284,2022-10-05 12:05:09,Better Offer,0
25034,2021-06-17 15:35:04,Relocation,1
35056,2025-02-05 10:36:46,Relocation,0
17022,2021-06-11 22:13:50,Performance,0
31620,2023-05-08 02:52:13,Better Offer,1
31135,2020-03-11 18:51:04,Better Offer,1
9325,2022-04-12 20:14:39,Better Offer,0
10615,2024-01-07 12:51:00,Personal,1
41817,2022-09-10 17:00:14,Relocation,0
17856,2023-04-19 05:03:23,Better Offer,0
21398,2020-07-02 00:00:37,Better Offer,0
9942,2023-03-30 03:57:58,Better Offer,0
35217,2022-02-12 10:03:56,Better Offer,0
3987,2025-10-07 17:39:31,Health,1
23728,2021-02-06 18:24:46,Better Offer,0
32289,2020-10-26 06:36:34,Relocation,1
8323,2022-06-01 23:55:56,Better Offer,0
12579,2021-12-29 16:28:48,Better Offer,0
41192,2021-09-10 18:06:44,Personal,0
32844,2020-07-03 15:56:41,Performance,0
40661,2021-06-01 21:41:08,Better Offer,0
21929,2021-02-24 00:49:31,Health,0
24914,2020-04-30 22:03:42,Higher Studies,0
8609,2025-02-20 21:08:25,Performance,0
33886,2023-06-20 04:30:13,Better Offer,1
32299,2020-07-04 03:48:00,Personal,0
13877,2025-06-16 16:23:28,Better Offer,1
41944,2020-07-10 08:45:37,Relocation,1
11586,2022-09-21 04:11:38,Performance,0
28007,2024-06-28 06:22:10,Relocation,1
21215,2023-07-31 05:19:06,Performance,0
9922,2024-06-03 18:56:05,Relocation,0
20771,2020-11-14 10:41:04,Better Offer,1
17012,2020-10-22 04:22:49,Relocation,0
22558,2022-12-07 17:47:06,Personal,0
15291,2020-10-28 17:54:55,Better Offer,0
42288,2020-10-07 16:42:48,Relocation,0
28619,2023-10-19 20:20:18,Better Offer,0
31753,2021-05-21 10:03:37,Performance,0
19881,2021-07-27 02:14:29,Better Offer,0
19207,2021-09-12 19:28:29,Health,0
29830,2021-12-18 13:48:58,Better Offer,1
33681,2025-02-15 13:16:36,Performance,0
7874,2023-10-17 18:44:54,Personal,0
37861,2024-11-26 16:29:07,Higher Studies,0
33458,2022-04-23 17:09:47,Performance,0
22882,2023-11-12 19:54:19,Better Offer,0
42376,2025-03-29 04:29:53,Better Offer,0
12913,2025-05-02 17:01:15,Better Offer,1
22784,2023-11-25 11:17:50,Better Offer,1
34129,2021-07-13 14:37:03,Better Offer,0
19401,2024-10-08 21:28:22,Performance,0
17678,2024-04-20 15:48:10,Performance,0
8574,2023-04-18 03:31:58,Performance,1
25545,2024-05-30 06:42:23,Higher Studies,0
29887,2022-11-13 14:00:42,Personal,0
22081,2023-06-25 23:56:08,Relocation,0
1825,2025-08-07 05:43:27,Performance,0
25724,2022-10-21 20:35:57,Better Offer,1
11129,2024-05-10 14:58:41,Better Offer,0
8359,2021-05-15 19:16:54,Better Offer,0
13285,2023-11-24 16:30:43,Personal,0
13216,2025-02-25 13:17:41,Personal,0
27313,2024-12-08 06:06:06,Better Offer,0
28087,2019-10-11 22:57:21,Personal,0
1009,2022-05-12 04:42:20,Better Offer,0
18446,2021-12-15 18:10:03,Performance,0
5483,2021-11-17 08:16:46,Better Offer,1
15210,2024-09-12 09:09:39,Relocation,0
27877,2023-04-13 01:39:57,Higher Studies,0
41671,2021-09-21 01:13:06,Better Offer,1
9293,2025-06-08 05:15:53,Health,0
6830,2025-06-11 02:57:06,Personal,0
38416,2021-06-06 21:23:07,Relocation,1
19651,2023-05-27 08:36:20,Better Offer,0
23623,2024-08-14 22:14:09,Better Offer,0
2386,2023-08-20 08:46:48,Better Offer,0
12078,2020-05-26 06:30:24,Better Offer,1
14250,2022-09-22 15:22:31,Performance,0
17653,2025-02-06 19:20:19,Relocation,0
38829,2020-12-23 04:58:42,Better Offer,0
6930,2020-11-04 09:30:23,Better Offer,1
36056,2024-08-21 13:57:34,Higher Studies,0
14455,2020-02-08 08:22:31,Health,0
31924,2021-09-01 13:18:53,Personal,0
28797,2024-08-07 14:45:53,Better Offer,0
5277,2020-10-06 04:22:37,Better Offer,0
22819,2019-09-04 17:54:53,Better Offer,0
307,2019-10-02 20:27:27,Relocation,0
15481,2024-11-06 05:34:47,Better Offer,1
17928,2025-04-07 23:30:13,Higher Studies,0
1204,2020-10-21 07:13:35,Relocation,0
15792,2019-07-22 05:44:21,Relocation,0
5359,2021-08-18 09:52:58,Personal,0
34120,2025-01-16 02:23:33,Better Offer,0
25791,2023-08-03 03:40:00,Better Offer,0
42686,2024-10-13 14:35:13,Personal,0
13891,2022-06-10 21:37:24,Better Offer,0
6755,2020-04-29 19:04:16,Better Offer,0
16575,2021-07-17 01:27:27,Better Offer,0
42952,2024-10-10 18:21:00,Better Offer,0
34648,2020-11-24 15:28:59,Performance,0
5782,2020-05-17 20:29:57,Better Offer,0
7881,2023-12-27 14:17:19,Better Offer,0
9915,2024-11-29 12:34:16,Performance,0
6071,2020-07-23 05:58:27,Better Offer,1
34485,2020-03-17 14:43:09,Better Offer,0
26604,2021-11-24 07:46:01,Better Offer,0
7419,2025-06-09 02:36:01,Health,0
25266,2022-10-23 08:57:58,Better Offer,0
15343,2021-06-17 08:46:23,Better Offer,0
18257,2025-01-15 13:50:30,Performance,0
33078,2021-03-24 18:41:27,Performance,0
36923,2024-03-11 10:15:35,Better Offer,0
8176,2021-02-24 02:44:31,Performance,0
22658,2020-12-23 05:14:28,Better Offer,0
23495,2021-11-23 12:45:55,Better Offer,0
9602,2025-02-17 05:19:39,Better Offer,0
16224,2023-02-23 17:30:46,Performance,1
9971,2023-09-04 12:44:21,Better Offer,0
43192,2021-05-29 20:05:02,Better Offer,1
28000,2020-09-09 15:28:24,Better Offer,0
37896,2022-09-02 23:58:37,Performance,0
8228,2021-03-08 21:52:12,Better Offer,0
23455,2020-11-19 22:51:21,Relocation,0
5097,2019-12-19 19:11:41,Better Offer,0
40696,2019-09-28 00:46:04,Relocation,1
40850,2022-06-12 20:47:07,Better Offer,1
37793,2023-05-21 06:16:14,Better Offer,0
28993,2020-03-20 23:40:18,Better Offer,0
40012,2023-12-12 01:00:36,Better Offer,1
24804,2023-04-10 03:17:51,Performance,0
7422,2021-12-06 18:05:26,Better Offer,1
38602,2021-09-16 17:31:25,Better Offer,1
10161,2022-02-14 16:19:46,Higher Studies,0
35904,2019-12-03 01:38:09,Better Offer,0
2236,2020-03-26 07:58:16,Performance,0
32769,2024-10-24 11:29:31,Performance,0
34213,2022-03-28 13:42:03,Better Offer,0
5858,2021-12-12 08:39:20,Personal,1
41592,2021-12-25 02:54:35,Performance,0
23154,2021-12-02 06:00:55,Better Offer,1
5131,2022-04-15 03:17:13,Better Offer,0
30383,2020-06-15 05:47:50,Better Offer,0
35600,2020-11-21 06:51:25,Better Offer,0
32215,2020-09-11 08:24:18,Higher Studies,1
1779,2024-11-05 12:39:04,Health,0
22175,2021-02-12 22:11:41,Better Offer,0
19898,2020-08-02 08:11:47,Better Offer,1
40852,2023-03-10 21:26:47,Better Offer,0
19365,2020-01-28 19:23:40,Better Offer,0
16353,2023-10-22 12:44:24,Better Offer,0
7233,2023-02-06 11:19:26,Relocation,0
40050,2021-05-05 18:49:50,Relocation,0
40681,2022-01-22 16:21:10,Better Offer,0
2775,2023-05-23 20:56:18,Better Offer,0
28750,2022-03-05 14:12:04,Higher Studies,0
4075,2023-03-15 18:59:49,Better Offer,0
41739,2023-06-19 01:43:51,Personal,1
8332,2020-10-12 16:16:29,Better Offer,0
17672,2021-12-11 19:02:14,Performance,0
10840,2025-09-04 13:52:24,Personal,0
14845,2023-01-22 07:26:21,Performance,0
40362,2021-01-20 20:24:43,Health,0
43047,2020-05-27 09:48:43,Health,0
29373,2024-09-18 23:57:12,Better Offer,0
14958,2023-06-28 05:30:30,Personal,1
8209,2019-10-15 20:54:59,Personal,0
10810,2021-10-23 08:40:54,Better Offer,0
26695,2022-10-25 22:26:56,Performance,1
18567,2023-03-17 19:07:58,Personal,0
4811,2025-01-08 21:21:31,Better Offer,0
15284,2024-10-24 12:16:55,Personal,0
36461,2024-01-31 01:12:52,Better Offer,0
32699,2020-10-16 23:10:01,Personal,0
35252,2023-08-24 05:59:47,Performance,1
49,2019-10-28 18:52:37,Better Offer,1
43194,2021-01-09 06:29:42,Better Offer,1
40800,2023-04-03 02:27:31,Personal,1
15981,2024-06-22 13:20:26,Better Offer,0
16918,2025-07-03 16:59:36,Better Offer,0
5054,2020-08-26 07:35:52,Relocation,0
15148,2019-08-04 00:45:41,Relocation,1
19444,2021-07-08 04:20:49,Relocation,0
4332,2024-09-20 09:22:17,Health,0
11200,2023-05-27 10:14:16,Higher Studies,1
19975,2025-06-22 07:07:24,Better Offer,0
28922,2020-06-30 16:32:28,Higher Studies,0
40862,2020-09-22 18:40:00,Better Offer,0
38434,2023-09-27 04:55:03,Performance,0
6061,2022-04-12 04:58:08,Performance,0
17053,2021-01-30 16:32:05,Better Offer,0
35092,2023-07-22 20:15:35,Better Offer,0
5353,2025-02-05 04:20:28,Better Offer,0
38977,2023-02-10 00:24:10,Personal,0
25133,2019-09-14 11:31:05,Personal,0
25418,2022-07-06 11:00:06,Better Offer,1
4671,2022-12-05 02:44:56,Higher Studies,0
21444,2025-10-28 05:28:19,Better Offer,0
33567,2020-04-29 10:26:36,Better Offer,0
21628,2022-04-16 13:21:32,Personal,0
41333,2024-10-19 02:07:41,Higher Studies,0
33746,2023-06-13 02:48:21,Higher Studies,0
34137,2023-09-17 19:08:36,Personal,0
26062,2020-10-10 13:31:26,Better Offer,0
16515,2023-08-18 18:27:55,Performance,1
22525,2023-09-23 21:36:39,Performance,0
39886,2021-07-19 00:08:41,Higher Studies,0
4398,2020-11-16 10:15:32,Performance,0
15186,2024-01-18 18:28:21,Better Offer,0
19527,2024-10-19 18:01:38,Better Offer,0
34834,2024-03-17 09:28:25,Performance,0
36173,2025-06-18 18:07:51,Higher Studies,0
36233,2022-10-06 22:06:09,Performance,1
30735,2023-12-28 23:39:38,Better Offer,0
12351,2025-06-04 00:39:00,Better Offer,1
32550,2021-09-24 11:22:51,Better Offer,1
21377,2022-09-19 03:34:23,Higher Studies,0
34529,2024-02-29 11:29:33,Better Offer,0
40176,2024-12-15 08:57:33,Higher Studies,1
34224,2022-05-21 08:09:05,Relocation,1
13800,2022-09-10 15:13:12,Health,0
6044,2024-03-24 23:25:45,Better Offer,0
24589,2024-01-13 13:33:40,Better Offer,0
40839,2021-09-18 16:34:43,Performance,0
6047,2025-04-19 17:03:10,Better Offer,0
32725,2022-10-13 05:32:05,Relocation,0
930,2022-05-14 11:30:04,Personal,0
6245,2020-06-06 19:14:03,Health,1
42680,2025-04-18 11:57:37,Relocation,0
9058,2024-07-04 04:43:06,Relocation,0
18141,2021-12-01 14:43:56,Personal,0
24720,2019-09-28 12:02:35,Better Offer,0
1475,2024-10-31 21:39:13,Health,0
22370,2024-01-07 10:57:20,Relocation,1
2422,2019-08-05 21:44:46,Relocation,0
26379,2020-07-30 10:58:58,Better Offer,0
36226,2022-06-14 03:58:29,Better Offer,1
25657,2020-03-27 21:17:33,Better Offer,0
11711,2023-09-04 07:26:44,Relocation,0
15647,2020-07-03 23:34:08,Personal,0
2830,2024-02-14 08:15:51,Better Offer,0
14317,2024-10-16 19:59:17,Relocation,1
10585,2021-03-26 10:59:06,Better Offer,0
43061,2024-04-28 23:12:33,Personal,0
33765,2019-11-12 23:45:09,Personal,0
3690,2024-11-28 09:55:18,Better Offer,0
29766,2024-09-26 06:26:20,Relocation,0
9453,2020-10-22 13:54:45,Better Offer,0
4462,2021-02-22 11:47:22,Better Offer,0
13792,2024-03-01 09:15:59,Better Offer,0
34649,2024-10-13 01:20:38,Better Offer,0
4466,2024-01-28 12:57:58,Better Offer,1
35669,2023-03-04 20:51:53,Personal,0
11648,2020-02-08 10:49:13,Better Offer,1
8606,2023-12-10 17:19:04,Higher Studies,0
41248,2025-09-05 15:12:43,Relocation,0
11995,2024-05-27 00:15:35,Health,1
5824,2020-07-16 05:21:47,Better Offer,0
23756,2023-09-17 11:56:26,Better Offer,1
33657,2021-08-26 14:43:27,Better Offer,0
25554,2023-01-15 21:23:37,Performance,0
17968,2022-09-10 06:56:16,Better Offer,0
3341,2024-02-09 16:50:44,Better Offer,0
43075,2019-09-25 15:51:16,Better Offer,1
9066,2024-03-20 02:26:47,Better Offer,0
24131,2022-01-12 14:31:08,Relocation,0
37470,2021-09-20 23:16:06,Better Offer,0
23439,2022-05-03 01:46:02,Better Offer,0
17075,2020-07-14 03:42:09,Better Offer,0
9811,2022-06-06 17:58:45,Better Offer,0
37753,2024-08-13 20:18:06,Performance,0
11475,2025-09-17 20:34:34,Better Offer,0
7945,2024-11-24 15:20:32,Performance,0
11848,2019-09-14 16:09:02,Better Offer,1
21554,2021-09-19 02:14:55,Relocation,0
37016,2023-05-15 04:48:14,Better Offer,1
21402,2025-02-10 13:07:27,Performance,0
10883,2024-10-23 10:46:01,Better Offer,0
10478,2020-10-21 09:13:00,Performance,0
35058,2025-01-08 06:33:12,Better Offer,0
39050,2020-06-11 22:56:19,Better Offer,0
19780,2025-05-09 03:47:31,Performance,0
23713,2024-12-08 17:52:41,Performance,1
24685,2021-07-05 11:42:16,Better Offer,1
20469,2020-11-25 02:27:18,Higher Studies,1
9046,2024-09-08 13:06:21,Better Offer,0
4628,2024-09-14 06:51:33,Personal,0
957,2022-04-30 16:33:17,Performance,0
25014,2020-03-28 06:22:59,Higher Studies,0
38315,2023-02-19 17:30:59,Personal,0
16677,2023-06-15 16:42:13,Higher Studies,0
13458,2025-10-24 01:17:24,Performance,1
29540,2022-08-24 02:33:40,Relocation,0
17983,2019-10-10 11:48:21,Relocation,0
8570,2024-10-23 01:49:42,Health,1
15809,2022-03-14 07:03:21,Better Offer,0
26569,2020-04-24 23:40:12,Relocation,0
41890,2019-10-07 09:44:00,Better Offer,0
13264,2022-06-28 10:32:00,Higher Studies,0
34926,2022-03-23 09:25:04,Performance,0
4190,2024-06-03 04:07:39,Higher Studies,0
19025,2021-10-06 23:24:46,Personal,0
14187,2023-06-09 07:19:23,Better Offer,0
27240,2023-01-07 02:04:46,Performance,0
23095,2024-02-14 17:04:28,Better Offer,0
17938,2025-01-28 18:32:19,Better Offer,0
11490,2020-02-18 08:20:28,Better Offer,0
6515,2021-02-03 20:41:20,Personal,0
40324,2019-10-28 06:41:53,Better Offer,0
4560,2020-12-16 21:34:15,Higher Studies,0
40614,2021-08-18 22:18:36,Higher Studies,1
22104,2021-12-27 18:19:58,Better Offer,1
34199,2019-11-10 06:33:36,Higher Studies,1
25235,2023-05-02 10:59:58,Higher Studies,0
37086,2024-02-20 06:54:57,Performance,0
42888,2019-07-26 09:40:40,Better Offer,1
24535,2022-04-30 15:29:15,Relocation,0
8204,2023-06-02 03:15:46,Performance,0
15590,2020-04-23 15:27:18,Performance,1
30039,2025-06-08 13:36:43,Performance,1
19550,2023-06-23 21:49:53,Better Offer,0
18972,2019-12-21 04:25:32,Performance,0
28368,2022-07-27 23:29:51,Better Offer,0
20552,2023-03-04 15:35:30,Better Offer,0
20990,2024-08-02 03:47:10,Better Offer,0
32496,2020-10-03 16:29:19,Better Offer,0
28810,2020-05-11 06:15:30,Better Offer,1
31441,2023-12-30 07:46:47,Performance,0
20184,2019-10-22 21:40:17,Higher Studies,0
7295,2020-10-03 11:35:58,Better Offer,0
34232,2020-02-21 20:19:03,Relocation,1
35958,2025-01-20 14:38:22,Higher Studies,0
3791,2021-06-16 06:57:21,Better Offer,0
21967,2023-11-02 23:07:51,Performance,0
14237,2024-04-19 10:25:02,Better Offer,0
31650,2024-12-28 03:22:14,Personal,1
19664,2022-04-24 18:08:47,Personal,0
5460,2025-07-29 12:46:12,Better Offer,0
20384,2021-03-05 18:22:13,Health,0
40386,2021-12-05 01:32:33,Better Offer,1
4306,2025-10-23 02:15:34,Better Offer,0
26448,2021-06-27 21:36:05,Better Offer,1
16616,2019-07-01 15:43:03,Higher Studies,1
39477,2025-01-22 20:07:07,Better Offer,1
26288,2024-09-27 11:57:34,Performance,1
8009,2021-01-08 01:56:45,Higher Studies,0
42066,2023-03-12 03:34:19,Better Offer,0
16658,2022-12-21 09:40:08,Relocation,0
661,2023-02-21 04:19:16,Performance,1
1306,2022-11-29 02:19:23,Relocation,1
11929,2025-07-25 08:56:52,Personal,0
2317,2021-03-31 09:09:39,Better Offer,0
17130,2021-12-04 10:09:59,Personal,1
5348,2020-02-16 20:52:00,Better Offer,0
26279,2023-08-22 08:28:36,Personal,0
21292,2019-09-20 08:13:31,Performance,0
413,2020-06-08 01:14:47,Performance,0
27642,2024-02-16 12:39:28,Performance,0
16904,2025-05-05 00:20:02,Better Offer,1
26663,2020-09-03 00:19:15,Performance,0
22639,2019-10-02 16:31:47,Performance,1
38518,2022-06-02 05:04:01,Higher Studies,1
24294,2022-12-28 10:37:12,Performance,0
20572,2025-07-09 22:48:36,Better Offer,0
36377,2023-03-11 15:49:12,Health,0
19176,2024-11-29 15:46:46,Better Offer,0
12154,2019-07-12 13:10:44,Higher Studies,1
39899,2022-08-03 15:42:13,Relocation,0
32148,2020-11-24 10:32:48,Better Offer,0
15316,2024-01-28 04:51:09,Better Offer,0
41502,2020-04-12 23:40:10,Higher Studies,0
23649,2024-09-13 05:56:47,Better Offer,0
23227,2020-07-05 01:47:51,Relocation,1
6993,2023-12-03 02:08:22,Better Offer,0
8978,2019-10-29 08:54:48,Higher Studies,0
11063,2020-04-29 07:57:12,Personal,0
42916,2022-05-11 04:37:58,Better Offer,0
9737,2024-06-13 19:50:30,Health,0
2473,2024-12-14 10:26:40,Higher Studies,0
39150,2021-01-17 20:53:27,Better Offer,0
6103,2025-01-07 14:55:14,Performance,0
15360,2023-08-31 13:40:04,Better Offer,0
16663,2021-12-05 15:54:32,Performance,0
4952,2025-01-11 07:00:55,Better Offer,0
32645,2022-03-27 03:01:04,Health,0
1686,2024-07-22 21:03:13,Performance,0
28577,2023-05-14 10:48:38,Better Offer,0
26217,2025-03-20 14:19:58,Performance,0
35205,2025-10-14 07:21:06,Better Offer,1
20866,2024-03-11 08:34:23,Better Offer,0
10655,2023-06-13 02:32:47,Better Offer,0
31688,2021-01-11 13:19:10,Relocation,1
34906,2024-12-06 16:27:57,Personal,0
37139,2024-06-10 14:37:29,Relocation,0
37012,2020-09-28 00:46:31,Higher Studies,0
7227,2019-09-08 08:55:18,Personal,1
22505,2021-07-09 19:13:29,Relocation,1
39352,2024-03-16 17:44:03,Higher Studies,1
21098,2025-10-20 16:34:04,Better Offer,0
36271,2021-07-19 14:38:59,Better Offer,0
8106,2024-10-03 12:26:47,Higher Studies,0
6008,2022-09-03 12:34:00,Performance,0
12861,2021-12-31 08:55:45,Better Offer,0
36778,2024-04-07 00:04:40,Better Offer,0
16727,2024-05-30 18:27:03,Better Offer,0
18189,2025-06-07 21:10:59,Higher Studies,0
30313,2022-02-15 01:54:03,Higher Studies,0
1455,2023-11-22 02:43:20,Relocation,0
28566,2019-10-21 23:45:24,Health,0
39955,2022-06-21 15:33:08,Better Offer,1
33002,2022-02-06 05:23:47,Performance,1
40164,2019-12-19 20:32:19,Performance,0
1533,2021-08-12 12:06:23,Personal,0
14999,2019-08-17 04:39:26,Personal,1
9684,2023-09-23 00:38:47,Better Offer,1
17336,2025-03-13 14:37:31,Higher Studies,0
41667,2023-01-28 18:32:08,Relocation,0
15639,2025-06-11 15:11:13,Better Offer,0
24291,2024-01-01 20:22:01,Relocation,0
15890,2025-10-26 02:40:37,Better Offer,0
40309,2025-01-16 02:21:51,Relocation,0
19592,2023-03-14 19:49:52,Performance,0
15168,2024-08-12 20:14:39,Better Offer,1
23833,2023-07-23 06:01:11,Better Offer,0
26788,2023-04-07 14:13:32,Relocation,0
866,2021-09-04 01:28:05,Relocation,1
13596,2020-10-03 00:31:06,Better Offer,0
13116,2022-05-12 10:55:17,Performance,0
18091,2020-06-25 07:48:20,Better Offer,0
30014,2024-09-19 03:49:26,Better Offer,0
23508,2024-12-30 13:16:19,Health,0
25923,2022-04-24 03:33:19,Relocation,0
39418,2024-08-14 16:01:53,Better Offer,0
9210,2020-12-14 01:33:08,Personal,0
34077,2024-07-12 05:02:34,Personal,0
38448,2023-07-13 04:47:09,Performance,0
1694,2022-09-19 21:27:42,Personal,0
22684,2020-08-11 06:34:01,Better Offer,1
8180,2024-10-07 15:12:15,Personal,1
17375,2019-07-03 09:57:34,Health,1
25193,2019-11-29 02:19:11,Better Offer,0
1668,2019-12-17 22:39:18,Better Offer,1
41899,2019-11-29 13:16:13,Better Offer,1
25643,2021-01-25 05:25:12,Performance,0
26987,2021-02-05 04:21:10,Higher Studies,0
17547,2020-10-07 20:51:38,Higher Studies,1
19135,2025-01-19 12:46:14,Higher Studies,0
3041,2020-03-24 02:28:41,Personal,0
36342,2021-01-23 21:20:58,Health,0
34977,2024-05-18 12:09:24,Better Offer,0
16559,2023-09-15 10:48:34,Better Offer,0
15486,2024-02-18 13:04:34,Better Offer,0
14526,2022-04-16 17:03:51,Better Offer,0
39306,2019-12-03 01:44:15,Personal,1
35462,2022-02-16 15:21:47,Better Offer,0
3723,2023-11-17 05:16:44,Performance,0
4045,2025-09-29 13:19:29,Better Offer,0
27048,2021-04-16 11:10:37,Better Offer,0
18157,2025-06-23 15:23:56,Better Offer,1
23193,2021-09-07 16:25:27,Performance,0
38519,2023-10-09 23:01:04,Better Offer,1
20865,2020-09-22 08:53:29,Better Offer,0
21066,2022-09-13 07:59:16,Performance,1
27731,2021-07-28 07:48:44,Relocation,0
28895,2020-11-27 13:55:20,Performance,0
5198,2021-03-27 08:29:24,Higher Studies,1
2263,2024-10-29 10:38:52,Better Offer,1
5319,2025-04-22 16:23:29,Better Offer,0
20840,2023-06-10 08:06:46,Better Offer,0
17389,2021-07-09 06:52:31,Better Offer,1
32433,2020-07-25 20:22:42,Health,0
41065,2023-10-29 19:12:59,Performance,0
17434,2021-07-29 17:08:13,Better Offer,0
43074,2025-10-16 00:14:50,Better Offer,1
29107,2023-07-24 17:00:00,Performance,1
5256,2023-06-29 11:38:11,Better Offer,0
14843,2019-12-01 04:28:41,Higher Studies,0
1268,2020-06-23 22:54:26,Performance,1
32445,2020-07-17 22:07:57,Health,0
32294,2024-06-16 23:07:51,Better Offer,0
11388,2021-04-26 15:37:53,Better Offer,0
36422,2025-03-15 15:54:15,Better Offer,0
3097,2019-07-07 09:08:06,Performance,0
19623,2020-03-23 20:08:23,Better Offer,0
17688,2021-06-22 07:06:55,Personal,0
34490,2022-02-14 16:04:28,Better Offer,1
40072,2021-08-21 18:08:43,Better Offer,1
2006,2022-11-11 23:50:03,Better Offer,0
2543,2024-04-29 10:11:08,Personal,0
3733,2022-03-17 04:11:18,Relocation,1
41631,2022-09-11 15:21:46,Better Offer,0
22106,2019-08-25 08:15:36,Better Offer,1
17319,2021-06-11 16:23:51,Better Offer,1
35424,2023-08-17 12:09:45,Personal,1
29496,2019-08-15 01:16:31,Higher Studies,0
28806,2019-11-08 13:13:10,Personal,0
12205,2020-07-16 00:31:59,Higher Studies,0
28141,2025-09-01 20:40:13,Better Offer,0
7549,2023-03-16 16:24:28,Relocation,0
9044,2024-09-20 07:59:43,Better Offer,0
21201,2024-10-24 17:35:39,Better Offer,1
35321,2021-12-13 21:33:35,Better Offer,0
35839,2021-08-07 22:12:09,Better Offer,1
29925,2025-04-08 17:31:42,Performance,1
26552,2020-04-14 04:48:45,Better Offer,0
24723,2022-01-20 01:09:05,Better Offer,0
29767,2021-03-02 06:03:33,Performance,0
30803,2024-06-18 11:06:13,Performance,0
5772,2023-11-23 02:51:10,Performance,1
29802,2021-05-16 05:46:22,Better Offer,0
26490,2024-03-25 07:10:55,Better Offer,0
18245,2022-01-06 21:51:12,Better Offer,0
26749,2023-10-21 05:30:50,Higher Studies,0
29765,2024-01-12 23:04:21,Higher Studies,0
17032,2021-01-17 14:16:54,Better Offer,0
3089,2022-09-26 00:51:23,Better Offer,0
39766,2025-08-20 01:39:18,Better Offer,1
30009,2023-04-17 06:49:38,Health,0
3813,2023-12-22 11:58:52,Better Offer,0
40590,2024-09-06 15:26:19,Relocation,0
23587,2022-02-21 19:54:33,Health,1
25855,2022-01-26 11:23:06,Performance,1
18211,2023-03-23 10:10:51,Better Offer,0
13234,2023-06-01 18:51:20,Personal,1
22724,2021-08-07 02:37:01,Relocation,0
39473,2023-02-14 20:40:30,Higher Studies,1
33718,2023-08-12 15:32:12,Performance,0
13651,2020-01-28 07:23:42,Personal,0
40077,2025-03-19 16:14:52,Better Offer,0
17495,2025-04-12 21:11:16,Better Offer,0
36995,2021-03-16 04:29:29,Better Offer,0
11658,2023-03-30 14:01:15,Better Offer,0
29175,2020-03-08 11:21:35,Better Offer,0
24808,2020-02-27 20:53:19,Better Offer,0
55,2021-09-18 12:14:14,Better Offer,0
25388,2022-12-08 00:42:56,Relocation,0
11901,2024-09-16 14:45:32,Personal,1
10982,2020-07-20 15:33:21,Health,0
7042,2025-05-22 22:56:29,Better Offer,0
10758,2020-07-04 07:43:51,Performance,0
30623,2021-09-12 18:34:03,Relocation,1
2868,2021-02-02 06:45:04,Better Offer,0
38540,2024-08-11 07:30:49,Higher Studies,0
7455,2025-10-23 05:23:42,Better Offer,0
35242,2024-05-10 12:21:54,Relocation,0
28882,2020-12-21 22:02:01,Performance,0
15929,2021-06-02 04:14:45,Performance,0
1643,2020-01-17 23:17:10,Better Offer,0
38267,2023-10-24 02:05:23,Better Offer,1
19120,2020-05-03 18:33:43,Higher Studies,0
39889,2023-11-04 10:19:31,Personal,0
32966,2021-06-17 09:48:32,Relocation,0
39764,2022-09-07 21:01:37,Better Offer,1
5685,2020-01-28 00:45:22,Performance,1
28782,2019-12-13 23:51:51,Better Offer,0
13090,2020-08-10 09:54:20,Performance,0
3130,2025-10-28 11:40:42,Higher Studies,0
4326,2019-07-16 14:39:54,Better Offer,0
27303,2022-03-26 04:01:06,Better Offer,0
12709,2021-06-23 16:15:29,Better Offer,0
33104,2022-05-28 00:07:51,Performance,1
14723,2021-05-07 20:47:12,Better Offer,0
4480,2021-03-17 15:44:15,Performance,0
35356,2020-04-10 16:28:09,Relocation,0
25330,2021-07-27 09:31:22,Better Offer,0
28572,2021-04-11 13:31:06,Better Offer,0
2858,2021-06-06 11:53:07,Better Offer,0
3414,2021-05-15 13:04:54,Higher Studies,0
20289,2021-10-14 12:34:44,Health,1
25008,2024-11-05 07:54:04,Better Offer,0
23338,2025-07-05 22:04:32,Higher Studies,0
39244,2023-04-09 06:54:02,Better Offer,1
8823,2022-11-16 09:30:23,Higher Studies,0
17344,2020-03-06 15:15:12,Better Offer,0
17603,2019-09-02 23:30:41,Better Offer,0
9224,2022-04-11 20:28:43,Performance,0
21471,2022-01-16 03:12:48,Better Offer,0
36781,2024-04-01 13:18:20,Personal,0
20536,2020-12-28 17:41:07,Better Offer,0
4255,2022-02-18 21:45:36,Higher Studies,1
14504,2025-05-14 03:33:49,Relocation,0
35732,2022-12-30 06:26:03,Better Offer,1
9599,2020-05-23 05:35:28,Personal,0
4384,2024-12-03 13:19:40,Better Offer,0
6183,2025-06-06 20:52:37,Performance,1
11785,2020-01-03 14:47:47,Better Offer,0
5207,2024-12-15 22:59:53,Better Offer,0
22317,2024-07-15 10:57:22,Performance,1
23345,2023-12-18 11:34:53,Performance,0
3295,2024-02-13 21:32:48,Better Offer,0
38961,2025-04-18 22:00:50,Personal,0
9782,2021-08-18 13:32:36,Better Offer,0
2175,2023-05-31 19:26:29,Better Offer,0
22105,2023-03-09 14:20:21,Personal,0
32105,2020-03-15 16:24:53,Relocation,0
30716,2021-06-13 16:22:18,Personal,0
13080,2021-04-29 22:52:41,Higher Studies,0
27141,2022-08-28 04:49:58,Better Offer,1
42658,2020-06-17 05:50:34,Health,0
5757,2025-02-25 09:19:00,Relocation,0
18938,2023-06-16 00:28:26,Relocation,1
5154,2022-11-04 14:29:17,Higher Studies,0
23752,2023-10-22 17:01:09,Personal,0
30115,2023-07-19 05:47:08,Better Offer,1
24392,2022-12-09 12:25:03,Better Offer,0
16050,2024-03-19 01:39:24,Better Offer,0
9490,2021-02-05 19:35:42,Better Offer,0
21536,2022-08-29 15:27:54,Personal,0
18834,2021-07-12 12:31:25,Better Offer,0
17362,2024-08-17 09:17:10,Better Offer,1
31255,2025-08-16 15:39:11,Performance,0
26115,2025-02-08 22:21:05,Better Offer,0
38940,2022-12-14 15:35:13,Personal,0
12767,2022-04-03 00:25:06,Performance,0
34144,2024-08-16 16:04:11,Health,1
23646,2025-06-06 03:28:53,Relocation,0
38971,2020-04-22 20:02:41,Higher Studies,0
7269,2024-05-03 00:54:48,Better Offer,0
22996,2020-01-27 17:28:24,Better Offer,0
4478,2023-03-29 18:38:04,Relocation,1
6153,2020-09-09 15:24:24,Health,1
13294,2025-10-21 05:34:52,Better Offer,0
30196,2020-04-30 05:59:10,Better Offer,1
22825,2022-04-18 09:49:14,Relocation,0
7417,2021-05-20 04:24:57,Performance,1
27644,2021-05-31 08:27:54,Better Offer,0
31346,2021-12-06 21:59:31,Better Offer,1
16695,2023-12-05 07:19:01,Better Offer,0
25872,2024-06-12 04:32:58,Better Offer,0
7286,2025-09-27 10:17:01,Health,0
16914,2020-10-21 21:24:58,Performance,0
39341,2021-11-02 04:47:48,Better Offer,0
40019,2023-01-12 19:27:29,Higher Studies,1
32595,2023-09-23 08:46:51,Better Offer,0
41574,2023-08-06 21:25:05,Better Offer,1
29199,2025-03-20 11:19:29,Higher Studies,0
23901,2023-02-06 00:56:59,Personal,0
41141,2020-06-03 01:02:39,Health,1
7522,2021-05-31 10:05:34,Performance,0
20023,2022-07-16 10:48:00,Relocation,1
15005,2024-07-09 19:55:28,Personal,0
41075,2022-10-18 17:54:29,Performance,1
22217,2024-09-30 22:41:33,Better Offer,0
28695,2022-10-29 00:01:09,Personal,0
28904,2021-08-22 14:06:41,Personal,0
39950,2025-07-25 01:14:53,Better Offer,0
31845,2024-05-01 22:27:03,Relocation,0
3930,2020-06-13 19:15:27,Health,1
9536,2024-08-28 18:19:36,Personal,0
40311,2024-02-05 18:58:27,Personal,0
35515,2020-06-21 09:51:07,Better Offer,0
18491,2024-01-18 17:03:27,Performance,0
28117,2022-04-10 17:07:43,Health,1
32784,2022-04-03 15:28:18,Better Offer,0
41922,2023-04-04 07:36:20,Better Offer,0
24189,2019-07-13 13:22:12,Higher Studies,1
38746,2024-07-29 20:06:43,Relocation,0
25679,2025-01-19 11:29:16,Better Offer,0
16118,2025-09-11 18:39:35,Performance,0
6431,2023-09-19 23:07:09,Better Offer,0
38645,2019-07-30 23:45:28,Personal,0
29212,2024-01-18 20:39:28,Performance,1
18983,2021-11-25 04:49:05,Better Offer,0
13185,2020-07-05 04:33:03,Better Offer,0
13053,2023-05-11 11:45:51,Relocation,0
30632,2022-11-25 17:56:41,Better Offer,0
20127,2023-08-18 21:08:57,Performance,0
16073,2020-03-26 23:57:22,Better Offer,0
34172,2025-04-05 05:04:21,Performance,0
19529,2021-08-27 01:03:03,Personal,0
29818,2020-01-04 18:18:38,Personal,1
23312,2019-12-16 21:54:01,Better Offer,0
1323,2022-08-06 14:33:18,Health,0
40306,2023-09-11 09:30:51,Performance,1
4627,2022-09-16 02:22:57,Better Offer,1
25482,2023-08-24 04:25:15,Health,1
11808,2022-08-28 23:15:54,Performance,0
23481,2023-11-13 06:21:19,Relocation,1
28321,2020-08-24 23:43:54,Higher Studies,0
27244,2022-09-23 01:00:38,Better Offer,1
18885,2022-08-11 14:32:09,Better Offer,1
5785,2024-08-31 20:28:12,Better Offer,1
6349,2022-05-20 10:38:54,Health,0
3678,2020-05-04 18:20:49,Better Offer,1
25042,2020-11-26 14:02:18,Personal,0
38724,2024-02-15 19:40:23,Relocation,0
1769,2020-08-16 08:43:39,Better Offer,1
25284,2022-10-24 12:21:59,Health,0
23715,2021-08-27 05:20:07,Performance,1
9375,2024-10-11 17:20:28,Better Offer,0
42222,2024-02-19 16:53:58,Better Offer,1
7180,2025-08-01 12:44:03,Better Offer,0
38586,2021-11-26 09:24:22,Health,1
22,2023-05-23 01:25:56,Better Offer,0
7880,2024-12-28 16:52:17,Higher Studies,0
12270,2024-07-14 00:09:03,Better Offer,0
3187,2023-09-22 20:49:56,Performance,0
14060,2023-01-18 19:49:00,Higher Studies,0
29851,2019-10-24 05:48:52,Better Offer,1
26973,2025-06-22 09:41:04,Performance,0
16683,2020-02-08 03:08:57,Better Offer,1
42551,2023-09-12 05:28:40,Health,1
34108,2025-04-06 01:04:06,Personal,0
32313,2023-07-07 23:57:19,Health,0
6469,2023-09-19 05:07:46,Better Offer,0
36436,2021-07-29 10:01:02,Performance,1
5258,2020-07-21 22:31:25,Better Offer,1
5242,2023-01-18 17:38:11,Better Offer,0
31238,2022-06-20 01:42:16,Personal,0
15923,2020-04-13 20:47:43,Higher Studies,0
37358,2024-11-02 18:25:35,Higher Studies,1
42341,2024-06-25 10:51:23,Personal,0
23876,2021-10-31 04:26:21,Personal,1
29668,2020-07-06 10:26:33,Better Offer,0
22763,2024-10-06 12:28:05,Performance,0
35937,2021-06-24 11:27:03,Higher Studies,0
28055,2022-03-26 21:46:01,Relocation,0
15510,2025-10-07 17:33:10,Better Offer,0
24562,2024-01-24 21:33:57,Performance,1
18443,2022-12-30 07:21:16,Performance,0
1696,2024-03-14 19:36:46,Performance,1
14449,2023-11-06 17:29:01,Better Offer,1
31577,2022-10-20 08:32:01,Better Offer,0
18683,2025-06-04 03:23:35,Relocation,0
27208,2023-03-14 10:57:18,Better Offer,0
4289,2021-12-24 14:04:08,Better Offer,0
11613,2021-10-01 11:02:30,Better Offer,0
19107,2025-02-28 07:20:44,Better Offer,0
10855,2019-09-09 02:21:32,Better Offer,0
39167,2022-12-12 03:41:57,Better Offer,0
10354,2025-01-21 20:52:44,Relocation,0
10882,2022-07-11 07:57:48,Better Offer,0
10331,2022-03-12 17:32:20,Health,0
16017,2024-04-04 23:09:24,Higher Studies,1
10451,2021-01-16 11:35:05,Higher Studies,1
8001,2020-09-24 16:09:44,Better Offer,0
25556,2024-12-05 14:11:57,Better Offer,0
43035,2020-05-11 08:49:38,Higher Studies,0
39255,2023-08-29 10:40:13,Relocation,0
10189,2022-01-15 06:13:51,Relocation,1
27491,2025-02-27 15:02:26,Health,0
30142,2022-06-09 14:44:02,Personal,0
34162,2019-11-09 12:14:09,Better Offer,0
13839,2019-10-12 09:59:00,Better Offer,0
6496,2024-02-12 16:11:07,Better Offer,1
22422,2023-09-06 10:09:45,Better Offer,0
6553,2025-03-16 22:05:54,Higher Studies,1
41701,2023-12-18 14:28:08,Personal,1
5433,2023-06-21 07:23:56,Higher Studies,0
14369,2025-06-11 18:27:07,Better Offer,0
2604,2019-12-21 05:35:54,Better Offer,0
30954,2023-11-22 00:50:48,Relocation,0
39415,2024-03-02 22:32:39,Better Offer,1
3738,2024-05-25 16:15:19,Personal,0
7451,2023-06-19 17:47:56,Personal,0
5250,2021-07-04 09:24:25,Better Offer,1
12780,2024-02-15 06:45:58,Better Offer,0
38455,2021-09-05 06:55:03,Better Offer,0
22130,2024-09-23 05:06:56,Better Offer,0
41919,2025-01-26 08:16:37,Relocation,1
41643,2021-04-23 08:42:33,Better Offer,0
42580,2024-07-05 12:28:53,Better Offer,0
24597,2024-03-13 09:56:50,Better Offer,0
14111,2020-09-23 22:09:12,Better Offer,0
29610,2021-11-23 02:10:39,Personal,0
15512,2022-09-05 21:42:08,Better Offer,0
15549,2020-02-09 17:00:41,Performance,0
14513,2021-01-13 01:44:26,Better Offer,0
27602,2024-10-17 09:12:54,Better Offer,0
14998,2023-06-11 06:58:19,Personal,0
29669,2020-09-26 21:58:28,Personal,0
38422,2020-08-24 07:40:37,Performance,0
12878,2019-12-03 23:50:44,Relocation,1
3319,2023-10-15 11:21:04,Relocation,1
11119,2019-12-13 16:19:37,Health,0
17379,2021-12-23 21:12:44,Better Offer,1
9086,2021-01-20 18:22:13,Better Offer,0
15294,2025-02-16 17:52:58,Higher Studies,0
34975,2024-06-28 13:12:34,Performance,0
42641,2024-10-23 23:11:22,Higher Studies,0
42166,2022-06-09 01:25:56,Higher Studies,0
7942,2020-05-24 16:27:08,Better Offer,0
35069,2023-04-15 19:23:26,Relocation,0
563,2022-11-28 12:36:30,Higher Studies,0
7487,2024-07-22 18:46:12,Personal,0
13320,2022-09-17 08:54:25,Better Offer,0
10278,2022-08-25 20:45:49,Better Offer,0
30012,2022-10-31 23:15:46,Better Offer,0
869,2024-10-02 18:35:30,Higher Studies,0
24142,2022-08-25 09:22:26,Better Offer,0
12513,2024-08-07 23:37:09,Better Offer,0
37847,2024-03-28 21:13:11,Better Offer,0
34659,2023-01-15 22:08:47,Relocation,0
17078,2021-10-16 18:38:33,Performance,0
11302,2019-10-06 16:03:40,Better Offer,1
39108,2020-06-23 09:17:32,Performance,0
9822,2023-07-01 10:25:01,Higher Studies,0
16268,2020-03-23 06:09:07,Better Offer,0
11493,2023-01-29 18:41:54,Better Offer,0
2080,2025-08-15 16:37:54,Higher Studies,0
13149,2024-08-25 07:03:49,Better Offer,0
1333,2020-05-14 15:42:18,Higher Studies,1
28182,2023-11-23 13:15:30,Better Offer,0
299,2021-10-05 22:09:46,Better Offer,0
3840,2024-09-15 16:18:19,Better Offer,0
28220,2025-07-24 05:06:55,Performance,0
39789,2022-03-20 21:36:47,Health,0
21134,2025-10-29 16:28:16,Higher Studies,0
18551,2024-07-29 17:47:54,Performance,0
36644,2024-11-13 00:24:57,Better Offer,1
366,2021-06-02 20:16:58,Better Offer,0
25122,2025-08-19 01:01:57,Better Offer,1
32124,2024-08-16 13:55:26,Better Offer,0
12857,2025-05-27 14:47:01,Better Offer,0
33942,2024-06-27 10:52:33,Health,0
38433,2025-06-16 02:05:40,Better Offer,1
26505,2020-12-21 22:55:14,Better Offer,0
27587,2021-02-02 18:17:52,Better Offer,0
18019,2021-03-09 06:41:14,Better Offer,0
13946,2025-05-29 11:33:13,Higher Studies,1
25368,2024-08-01 03:35:51,Better Offer,0
23529,2023-06-27 06:51:31,Performance,0
25626,2024-09-09 03:34:48,Personal,0
74,2020-12-15 04:49:59,Performance,0
40455,2022-12-12 06:00:16,Performance,1
19748,2025-04-05 05:58:28,Better Offer,0
20401,2023-02-20 18:13:14,Better Offer,1
15719,2023-09-20 08:04:18,Health,0
6776,2024-06-12 23:11:55,Better Offer,1
40328,2021-12-28 05:56:05,Performance,0
17684,2024-07-05 21:54:24,Better Offer,0
25577,2019-10-28 04:48:59,Personal,1
35423,2022-03-11 06:48:46,Health,0
24481,2019-08-22 22:31:56,Better Offer,0
34849,2025-02-02 00:05:45,Better Offer,0
16060,2020-08-15 15:29:28,Better Offer,0
13269,2024-04-20 05:14:01,Better Offer,0
21627,2021-04-27 12:02:50,Better Offer,1
35488,2020-08-10 19:25:09,Better Offer,0
452,2025-09-17 00:37:11,Personal,0
19102,2025-05-11 00:51:06,Higher Studies,0
8422,2019-10-18 02:04:23,Better Offer,0
15822,2024-02-15 22:18:02,Performance,0
29302,2022-07-13 16:38:46,Better Offer,0
25633,2023-03-08 16:20:50,Better Offer,0
6409,2023-07-13 01:03:09,Better Offer,0
10469,2022-02-20 16:30:03,Personal,0
12988,2023-09-01 14:20:52,Better Offer,0
3262,2023-01-27 04:20:38,Better Offer,0
31381,2020-04-05 17:51:35,Personal,1
632,2022-02-10 06:13:36,Better Offer,0
17955,2020-12-12 17:24:29,Better Offer,0
23180,2019-11-01 05:09:31,Higher Studies,0
32491,2019-11-02 19:44:50,Relocation,0
3218,2024-08-30 20:13:29,Personal,0
22127,2025-10-29 19:32:56,Relocation,0
36485,2025-08-30 12:28:04,Personal,0
9268,2020-04-25 01:00:08,Higher Studies,0
39066,2020-01-07 02:38:10,Better Offer,0
4316,2022-10-02 04:11:37,Relocation,0
22180,2022-08-30 21:50:49,Better Offer,0
41942,2021-05-28 22:18:04,Health,0
33517,2020-08-29 05:34:44,Personal,0
10041,2021-09-15 05:42:42,Better Offer,0
6388,2019-10-24 06:48:36,Personal,0
35981,2025-09-02 15:31:49,Higher Studies,0
22136,2021-12-03 18:44:16,Performance,0
29707,2020-07-07 13:51:05,Better Offer,1
18985,2022-12-22 15:28:50,Relocation,1
37214,2024-07-09 10:12:51,Better Offer,0
25142,2020-10-20 13:12:13,Relocation,0
35401,2024-03-10 11:33:07,Personal,1
293,2024-10-05 04:27:53,Personal,0
37887,2023-12-18 08:11:04,Better Offer,0
33950,2020-05-29 19:16:18,Better Offer,1
309,2021-06-28 13:15:39,Better Offer,0
5728,2020-06-08 07:35:23,Relocation,1
1173,2020-04-08 03:07:50,Higher Studies,1
41531,2024-08-11 03:40:08,Better Offer,0
29871,2022-10-14 02:15:34,Personal,0
29640,2020-09-18 23:27:51,Better Offer,0
31435,2022-03-11 14:37:14,Better Offer,0
27261,2022-08-30 12:56:52,Better Offer,0
8785,2024-11-05 23:51:28,Better Offer,0
41321,2019-11-12 13:10:35,Personal,0
20413,2020-03-01 15:43:35,Higher Studies,0
39661,2025-03-21 00:31:48,Performance,0
7418,2023-01-15 13:36:33,Performance,0
14201,2021-11-23 06:29:23,Performance,0
30408,2021-08-27 09:14:26,Better Offer,0
18384,2019-11-30 08:38:31,Personal,0
17035,2023-07-27 03:14:01,Better Offer,0
38836,2024-01-28 03:27:52,Better Offer,0
503,2025-03-13 17:19:13,Personal,0
16763,2023-10-21 20:18:55,Performance,0
36659,2020-01-10 04:51:32,Better Offer,0
16969,2021-08-12 00:28:39,Personal,0
29580,2019-09-11 23:38:55,Better Offer,0
19124,2024-12-27 03:25:06,Performance,1
29664,2024-08-21 00:06:51,Performance,0
30262,2023-07-27 15:30:25,Better Offer,0
7439,2023-04-30 23:26:45,Better Offer,0
38013,2021-07-02 02:26:20,Better Offer,0
25955,2025-03-29 22:14:46,Better Offer,1
18565,2021-03-20 09:04:15,Better Offer,0
40906,2023-09-29 17:03:57,Better Offer,0
18586,2022-12-12 01:35:31,Better Offer,0
356,2021-11-21 12:11:15,Better Offer,0
1001,2024-01-20 14:28:19,Better Offer,0
8056,2022-08-01 23:10:49,Better Offer,1
14803,2023-05-17 16:26:49,Relocation,0
30916,2022-10-30 08:40:14,Health,0
17832,2021-06-26 12:37:52,Personal,0
40763,2020-09-21 16:18:22,Relocation,0
5165,2023-05-21 15:11:11,Personal,0
5608,2020-01-30 22:13:21,Personal,0
28421,2025-05-11 13:55:21,Better Offer,1
33353,2020-02-15 13:18:53,Personal,0
13613,2019-09-29 09:09:10,Better Offer,0
28403,2022-09-07 10:08:43,Relocation,0
20765,2025-03-28 23:25:46,Relocation,1
7910,2024-11-26 05:55:39,Better Offer,0
38834,2022-11-21 03:58:35,Better Offer,1
714,2020-11-02 11:17:33,Relocation,0
12418,2020-04-23 12:05:47,Better Offer,0
16220,2025-01-22 07:33:55,Better Offer,0
39081,2023-01-23 16:35:26,Personal,0
21086,2019-12-13 05:20:18,Better Offer,1
15718,2022-03-03 00:34:21,Better Offer,1
36491,2024-06-18 12:17:29,Relocation,0
36800,2019-11-05 16:18:10,Performance,0
34799,2022-04-25 20:02:50,Better Offer,0
3184,2024-07-30 14:49:50,Better Offer,0
10291,2021-04-01 19:49:19,Higher Studies,0
23949,2019-07-30 04:56:26,Personal,0
16848,2020-08-18 10:43:54,Performance,0
306,2023-02-16 05:30:07,Relocation,0
20537,2022-10-10 11:45:06,Better Offer,1
23549,2024-04-12 20:20:05,Higher Studies,0
24501,2023-12-02 22:26:05,Better Offer,1
4958,2021-09-06 08:49:06,Personal,0
9733,2023-07-22 04:53:01,Relocation,0
7453,2021-07-15 06:22:55,Relocation,1
19734,2019-12-10 21:46:44,Relocation,1
8078,2024-04-16 06:45:25,Personal,1
4151,2024-10-27 06:27:08,Better Offer,0
40878,2021-06-12 10:36:34,Personal,0
43040,2024-04-03 05:57:18,Better Offer,1
6371,2024-06-15 16:22:53,Better Offer,0
21738,2023-07-26 17:14:08,Relocation,1
2794,2021-12-22 23:15:42,Relocation,0
28210,2025-10-05 21:27:27,Performance,0
41506,2020-01-10 20:30:32,Better Offer,0
42320,2025-02-18 21:17:30,Better Offer,0
37229,2020-01-31 01:04:03,Relocation,0
17393,2022-08-16 01:10:51,Health,0
7002,2022-04-26 02:36:11,Better Offer,0
19416,2021-10-11 01:42:12,Better Offer,0
19608,2020-05-26 08:25:40,Personal,1
31947,2024-06-01 22:58:06,Better Offer,1
34262,2021-01-14 05:53:32,Relocation,0
34841,2022-01-29 14:44:36,Performance,0
8868,2024-03-18 16:02:10,Personal,0
17341,2020-02-26 15:16:00,Better Offer,0
22719,2020-02-01 05:34:42,Personal,1
23800,2019-12-09 22:52:18,Better Offer,1
9354,2023-03-01 07:08:51,Higher Studies,0
2993,2023-03-16 12:05:05,Performance,1
37799,2020-06-20 21:16:19,Better Offer,1
7250,2023-04-19 04:53:23,Personal,1
1653,2025-09-15 07:53:56,Better Offer,0
33352,2020-03-30 18:01:44,Better Offer,1
8799,2024-11-01 11:36:32,Performance,1
3387,2025-05-26 19:39:32,Better Offer,0
31545,2020-02-15 16:04:59,Better Offer,1
23247,2021-12-07 06:49:55,Health,0
27692,2024-09-24 11:40:15,Higher Studies,0
3843,2023-03-02 13:15:08,Better Offer,0
2280,2024-04-11 18:07:56,Better Offer,0
11695,2025-04-07 17:50:33,Health,0
31385,2023-06-28 13:31:19,Better Offer,0
26823,2022-03-19 05:16:50,Better Offer,1
39560,2020-05-05 11:21:30,Better Offer,0
20296,2022-11-02 18:30:13,Better Offer,0
21596,2022-02-27 01:06:07,Relocation,0
10145,2020-03-28 11:08:24,Personal,1
32837,2022-06-16 03:59:32,Better Offer,0
14061,2020-04-18 17:56:26,Better Offer,1
42713,2021-09-21 07:34:24,Relocation,0
12299,2024-06-16 04:49:02,Performance,0
39837,2024-01-04 02:42:40,Better Offer,0
22500,2020-04-16 22:25:45,Better Offer,0
22459,2025-03-12 03:50:37,Better Offer,1
12315,2024-03-05 19:04:18,Better Offer,0
15905,2022-06-26 16:32:03,Better Offer,0
34081,2021-10-22 10:35:11,Better Offer,0
39663,2021-01-28 01:16:14,Better Offer,0
13129,2019-07-10 04:52:37,Performance,0
41707,2023-07-16 10:08:50,Performance,0
28957,2025-01-31 07:06:57,Better Offer,0
20110,2021-10-31 08:05:16,Relocation,0
12473,2024-09-16 21:11:13,Better Offer,1
14510,2023-06-18 16:39:30,Better Offer,0
8699,2024-05-16 11:32:15,Health,1
7100,2022-12-16 20:31:19,Personal,0
9048,2024-12-11 23:58:22,Better Offer,1
16191,2022-05-28 07:40:08,Better Offer,0
4470,2022-04-18 18:26:25,Better Offer,1
36028,2019-09-24 04:56:10,Personal,0
30936,2023-06-12 15:59:20,Relocation,1
133,2021-03-02 08:31:11,Health,1
502,2020-07-03 18:35:42,Relocation,0
4777,2019-08-16 00:10:54,Better Offer,0
24108,2025-05-05 01:43:54,Better Offer,0
13935,2022-12-01 22:16:19,Performance,0
35811,2025-05-27 05:09:15,Better Offer,1
37149,2023-11-18 13:19:32,Better Offer,0
16761,2025-06-04 07:24:34,Health,0
37830,2019-12-19 18:01:23,Relocation,0
23664,2025-09-21 00:16:06,Better Offer,1
7469,2020-05-26 06:42:27,Better Offer,1
30395,2019-10-19 15:33:58,Better Offer,1
42685,2022-02-04 15:54:36,Relocation,1
25089,2019-09-05 02:12:02,Higher Studies,0
25786,2024-02-18 05:46:53,Better Offer,0
2488,2022-02-24 20:35:49,Better Offer,0
30733,2023-03-04 15:27:23,Better Offer,0
5484,2020-05-01 02:12:26,Better Offer,0
1353,2021-02-26 03:52:54,Health,0
30318,2025-02-20 09:19:21,Better Offer,1
31461,2025-03-17 05:43:07,Better Offer,0
34259,2021-10-22 09:07:19,Better Offer,0
28484,2024-04-06 15:54:54,Personal,0
37398,2021-01-19 15:28:05,Better Offer,0
34933,2025-10-05 15:17:02,Better Offer,1
6807,2023-10-27 20:25:40,Better Offer,0
41378,2020-01-20 19:51:56,Relocation,0
21468,2023-04-26 10:15:11,Better Offer,0
24781,2020-04-19 16:18:09,Better Offer,0
32260,2021-11-17 13:01:34,Better Offer,0
20111,2023-01-21 19:53:28,Better Offer,0
34782,2022-11-08 21:28:48,Better Offer,0
13476,2021-10-13 14:04:12,Performance,0
17839,2020-10-28 15:47:55,Better Offer,0
30822,2019-11-07 11:00:01,Better Offer,0
27545,2023-03-28 22:12:31,Better Offer,0
37287,2020-06-09 21:29:05,Better Offer,0
12290,2021-02-09 07:47:56,Personal,0
24006,2020-04-20 19:31:51,Relocation,0
18763,2024-08-12 18:16:27,Better Offer,0
40963,2020-06-09 05:18:33,Better Offer,0
37389,2025-10-06 16:28:23,Personal,0
9875,2022-02-11 17:07:31,Higher Studies,0
8022,2021-04-06 03:54:49,Personal,0
33845,2021-10-20 10:43:07,Better Offer,1
14376,2022-12-27 09:08:17,Better Offer,0
30925,2023-10-06 16:04:42,Performance,0
15686,2022-05-02 07:58:18,Better Offer,0
25444,2021-07-31 11:40:32,Better Offer,1
6649,2021-08-08 00:44:03,Relocation,0
5828,2024-03-06 05:32:22,Performance,1
33490,2025-02-07 09:34:08,Health,0
5753,2023-09-04 11:01:14,Personal,0
32465,2019-11-07 14:55:53,Better Offer,1
26587,2019-12-27 00:25:58,Relocation,0
4912,2024-12-12 17:13:29,Personal,0
42582,2022-08-13 09:12:29,Better Offer,0
35863,2023-09-06 01:03:20,Personal,0
41679,2022-06-02 14:01:44,Health,1
21076,2022-09-24 16:07:49,Performance,1
4417,2022-10-26 05:56:08,Personal,0
19223,2024-03-06 00:19:24,Better Offer,0
30704,2024-03-14 14:52:31,Better Offer,1
18520,2025-07-06 15:09:14,Performance,0
3655,2020-07-27 20:09:55,Personal,0
30202,2023-03-02 11:11:56,Relocation,0
37391,2021-09-22 22:06:28,Better Offer,1
33982,2021-05-03 10:00:47,Better Offer,0
5949,2021-03-04 18:16:33,Performance,0
30207,2021-09-12 14:43:19,Better Offer,1
19061,2020-08-05 18:51:41,Health,0
36614,2020-03-30 00:24:13,Relocation,1
4179,2020-03-01 20:24:22,Health,0
8266,2022-07-25 20:02:00,Performance,0
5632,2024-09-01 14:47:50,Higher Studies,0
13806,2021-08-10 04:34:26,Personal,0
41265,2023-09-14 09:31:32,Better Offer,0
31092,2019-10-12 16:16:20,Personal,1
15096,2023-03-17 15:06:01,Personal,1
18784,2023-05-03 14:50:37,Performance,0
20345,2024-07-18 16:37:10,Better Offer,0
2282,2020-03-07 21:36:24,Better Offer,0
475,2021-12-12 07:57:57,Better Offer,0
34950,2019-07-28 02:17:03,Health,1
20333,2023-08-25 10:36:31,Better Offer,1
926,2022-02-01 02:23:42,Better Offer,0
18165,2020-04-17 04:26:45,Higher Studies,0
5280,2024-10-01 07:29:27,Higher Studies,0
38770,2025-09-13 04:18:28,Better Offer,0
25317,2025-03-22 12:15:02,Relocation,0
11570,2021-03-02 13:22:46,Better Offer,0
24789,2024-08-28 20:54:54,Better Offer,0
37019,2020-02-25 23:42:12,Higher Studies,0
42334,2022-01-12 10:12:46,Relocation,0
1403,2022-12-09 04:54:20,Higher Studies,0
21062,2024-11-27 05:13:12,Better Offer,1
8277,2019-08-01 06:27:24,Personal,0
4204,2020-10-29 09:58:20,Better Offer,1
27001,2025-02-02 09:19:06,Better Offer,1
12674,2023-07-26 19:02:44,Performance,0
42868,2020-04-24 08:41:14,Personal,0
16939,2022-06-13 20:04:58,Better Offer,1
40210,2021-11-22 10:55:01,Relocation,0
29835,2021-05-29 15:16:29,Better Offer,0
26745,2022-02-02 00:28:39,Performance,1
7018,2022-05-29 20:28:46,Better Offer,0
5715,2021-02-08 13:56:32,Better Offer,0
3762,2019-11-04 21:07:37,Better Offer,0
41390,2024-02-13 04:01:04,Relocation,0
15702,2019-10-28 20:27:11,Performance,0
36999,2024-09-27 22:37:13,Better Offer,0
34688,2024-11-03 11:27:49,Relocation,0
41062,2024-04-19 05:33:27,Performance,0
6355,2023-02-26 05:09:24,Performance,0
22653,2024-05-17 11:49:52,Health,0
24090,2025-02-19 00:03:36,Performance,0
16306,2021-06-11 19:29:03,Health,1
34939,2021-11-25 17:41:58,Performance,0
29208,2025-08-30 03:43:14,Health,1
40666,2025-02-14 02:16:10,Health,0
42620,2025-02-23 16:26:01,Relocation,0
33154,2024-03-04 09:05:54,Better Offer,0
16417,2023-06-01 15:58:54,Performance,1
16859,2025-06-24 17:49:40,Higher Studies,0
35392,2020-05-21 23:30:11,Better Offer,0
22501,2021-02-28 06:52:06,Performance,0
19515,2024-04-07 11:05:24,Higher Studies,0
41271,2021-01-06 22:26:52,Health,0
21212,2022-03-29 10:37:43,Better Offer,0
42129,2025-08-29 11:37:58,Better Offer,1
91,2024-11-16 02:44:42,Performance,0
3342,2024-06-14 01:40:30,Better Offer,0
16566,2023-05-12 04:00:55,Better Offer,0
6714,2023-03-14 00:21:36,Health,0
8661,2020-09-08 09:00:04,Higher Studies,0
12696,2025-07-12 04:41:43,Health,0
8321,2023-11-13 00:46:50,Personal,0
16440,2025-02-23 06:51:56,Better Offer,1
22405,2024-06-12 20:47:35,Better Offer,1
12174,2020-12-24 02:01:01,Higher Studies,0
12429,2021-04-13 12:27:31,Performance,0
6007,2021-10-25 20:37:32,Relocation,0
31575,2020-10-26 14:30:49,Better Offer,0
40029,2024-03-05 20:32:44,Relocation,0
27433,2023-06-27 09:40:34,Better Offer,0
16336,2020-03-09 17:24:55,Better Offer,0
6163,2020-08-20 15:43:54,Better Offer,0
7829,2023-10-03 20:41:09,Better Offer,0
31812,2019-10-01 04:12:11,Performance,0
35385,2022-11-13 14:20:22,Personal,0
17679,2025-05-10 05:09:33,Better Offer,0
10539,2021-05-05 01:31:45,Better Offer,1
23393,2024-08-28 19:12:48,Better Offer,0
38754,2020-09-22 19:33:26,Relocation,0
17330,2025-01-08 19:45:51,Better Offer,0
42557,2023-01-02 14:17:32,Better Offer,0
13172,2021-11-14 12:11:01,Health,1
11169,2023-05-28 21:37:13,Performance,0
20541,2023-02-17 13:46:23,Better Offer,0
33116,2020-07-30 01:48:04,Health,0
21367,2022-01-10 04:13:48,Better Offer,0
17784,2022-05-16 13:37:54,Better Offer,0
19645,2023-04-10 13:56:59,Better Offer,0
33906,2021-07-27 04:38:26,Better Offer,0
7707,2022-11-16 02:59:59,Relocation,1
8444,2021-12-06 15:51:34,Performance,0
19687,2024-04-28 03:48:27,Better Offer,1
35778,2024-09-27 11:54:01,Better Offer,0
30168,2019-08-12 00:07:18,Better Offer,0
5276,2021-02-07 12:32:03,Relocation,0
19311,2021-11-18 19:10:31,Higher Studies,0
25513,2022-05-17 14:17:04,Better Offer,1
8895,2020-11-28 12:27:30,Higher Studies,0
33495,2024-09-24 13:50:12,Better Offer,0
29645,2020-07-10 18:06:48,Better Offer,0
19754,2021-12-31 09:04:38,Better Offer,1
40374,2023-08-11 10:56:39,Higher Studies,0
2184,2025-03-14 09:35:09,Performance,0
20934,2025-09-22 17:20:18,Better Offer,1
12379,2020-01-14 06:31:55,Better Offer,0
21678,2020-02-06 23:56:03,Better Offer,0
10544,2021-03-05 19:31:58,Performance,0
34117,2021-05-29 05:39:57,Health,0
8053,2021-04-12 13:07:25,Better Offer,0
35240,2021-03-05 13:29:18,Better Offer,0
27876,2021-01-19 17:45:46,Better Offer,0
5248,2023-10-27 02:05:06,Higher Studies,0
6060,2021-04-01 22:52:14,Better Offer,0
32814,2022-09-20 08:48:28,Better Offer,0
7441,2020-01-18 05:52:09,Higher Studies,1
31486,2021-07-14 04:54:46,Higher Studies,0
16633,2024-03-29 23:50:28,Better Offer,1
16652,2020-11-03 18:35:40,Better Offer,0
34693,2022-03-25 12:47:21,Better Offer,0
34340,2025-05-12 12:49:01,Better Offer,1
7009,2020-09-08 05:30:37,Better Offer,0
1602,2020-03-17 16:31:22,Performance,0
31804,2023-06-04 17:27:57,Performance,0
19675,2020-10-25 09:41:01,Higher Studies,1
7979,2019-11-10 04:43:17,Higher Studies,0
1280,2021-10-13 02:54:22,Relocation,0
26772,2023-03-23 12:20:55,Better Offer,0
6633,2021-11-07 07:46:58,Better Offer,0
9263,2025-04-23 00:21:20,Performance,0
248,2025-04-19 08:25:21,Better Offer,0
22021,2024-11-09 21:23:48,Personal,1
19251,2023-03-27 16:49:00,Better Offer,0
27808,2024-02-07 08:12:05,Personal,0
14339,2024-06-14 19:49:06,Better Offer,1
38584,2024-06-27 04:57:55,Better Offer,0
2393,2025-07-21 05:25:45,Personal,0
31558,2024-04-25 22:50:56,Better Offer,1
26576,2021-02-09 12:09:59,Better Offer,0
31068,2024-02-22 07:56:40,Better Offer,1
23427,2022-02-26 17:00:59,Better Offer,0
27848,2020-01-29 07:59:35,Better Offer,0
20713,2021-08-01 21:36:40,Relocation,0
4753,2022-06-28 01:45:49,Relocation,0
16371,2020-08-09 01:44:01,Better Offer,0
12490,2020-09-12 17:59:30,Personal,0
12626,2021-12-17 20:26:43,Personal,0
20741,2025-02-24 22:10:33,Better Offer,1
19437,2021-09-15 23:31:13,Personal,0
41570,2019-11-07 17:38:14,Better Offer,0
29819,2025-09-14 15:41:39,Performance,0
26614,2023-06-05 07:28:23,Better Offer,0
8125,2020-11-17 04:26:46,Relocation,0
2884,2021-08-05 18:44:59,Performance,0
19053,2023-05-28 19:48:07,Health,0
28231,2021-06-05 09:38:49,Better Offer,0
19588,2022-10-31 01:12:49,Performance,1
35699,2025-05-18 20:02:07,Higher Studies,1
33948,2024-01-01 08:55:25,Better Offer,0
19631,2021-02-10 04:48:42,Better Offer,1
42308,2024-09-30 04:49:05,Higher Studies,0
5702,2024-06-13 13:37:20,Performance,0
36736,2024-04-16 12:51:20,Better Offer,0
39112,2020-10-05 13:36:46,Higher Studies,0
22848,2022-10-13 18:02:31,Better Offer,0
37064,2021-08-12 04:02:46,Personal,0
6589,2022-07-21 11:04:16,Better Offer,1
36896,2025-07-27 10:20:12,Better Offer,1
26655,2024-07-08 10:31:40,Personal,1
24962,2021-06-23 05:30:55,Better Offer,0
10062,2021-01-08 20:46:12,Personal,1
24949,2021-09-15 11:59:05,Personal,1
36617,2025-01-28 05:10:24,Relocation,1
33773,2024-12-22 02:14:15,Better Offer,0
18065,2019-10-26 06:05:49,Performance,0
20550,2024-08-30 02:11:45,Better Offer,0
10425,2025-06-22 16:26:08,Performance,1
30657,2024-04-12 22:06:14,Relocation,0
23362,2021-10-30 04:34:07,Personal,0
29047,2024-09-06 17:58:56,Personal,0
21050,2021-02-19 17:02:50,Better Offer,0
1321,2024-08-19 09:09:36,Better Offer,0
10684,2024-01-21 12:00:19,Higher Studies,0
3139,2021-02-15 01:07:04,Relocation,0
6733,2025-01-14 07:59:48,Better Offer,0
13315,2020-02-18 03:02:32,Higher Studies,0
6405,2020-04-25 07:24:38,Relocation,0
7273,2024-09-29 05:08:52,Relocation,0
34843,2019-08-10 13:10:14,Performance,0
16170,2023-08-13 14:02:45,Personal,1
20842,2024-07-15 21:07:35,Personal,1
28921,2024-03-18 18:53:17,Better Offer,0
25780,2024-11-02 02:22:01,Personal,0
27518,2020-12-27 03:44:35,Personal,0
15624,2020-04-29 11:27:04,Better Offer,0
27103,2021-03-22 00:43:36,Higher Studies,0
43017,2020-06-26 08:03:46,Performance,0
24697,2020-03-17 10:55:44,Better Offer,0
28777,2023-08-18 09:42:17,Personal,0
1327,2021-11-07 17:04:02,Better Offer,0
37118,2021-03-11 11:45:01,Better Offer,1
388,2020-06-13 19:07:17,Better Offer,0
15668,2021-10-09 09:22:37,Performance,1
28536,2022-02-19 21:04:55,Better Offer,0
11540,2024-03-27 19:39:53,Performance,0
9687,2021-03-04 14:37:01,Higher Studies,0
31208,2021-03-08 07:37:36,Performance,0
20242,2024-10-25 22:05:05,Personal,1
40937,2024-06-02 13:14:35,Personal,1
25374,2022-06-04 08:39:00,Better Offer,1
25767,2023-08-23 22:07:45,Better Offer,0
12213,2020-04-12 02:55:57,Performance,1
23201,2022-10-21 09:00:07,Health,0
10958,2025-07-13 23:52:30,Better Offer,0
4757,2021-08-14 10:53:37,Better Offer,0
38121,2024-01-02 19:28:59,Higher Studies,0
5986,2019-11-12 11:50:17,Performance,0
1991,2025-10-21 14:37:51,Personal,0
6679,2022-09-05 01:05:12,Higher Studies,0
35151,2020-12-04 16:02:51,Higher Studies,1
89,2022-05-18 18:17:06,Personal,0
11288,2023-09-05 14:09:11,Better Offer,0
12087,2023-01-17 19:37:08,Performance,0
21065,2022-01-17 06:55:20,Health,1
40832,2025-09-15 10:27:59,Performance,0
8408,2020-12-10 17:49:28,Relocation,0
25989,2022-04-19 13:31:30,Better Offer,0
33927,2021-06-23 12:33:14,Performance,0
6154,2025-04-08 18:49:21,Better Offer,1
35313,2021-04-06 00:40:31,Better Offer,0
33465,2024-11-26 02:19:05,Higher Studies,0
20892,2019-12-15 16:08:01,Better Offer,0
24409,2022-07-23 03:05:28,Better Offer,0
15260,2024-08-13 05:59:19,Health,1
32143,2023-07-07 14:18:46,Better Offer,1
23607,2020-05-05 09:28:28,Better Offer,0
10257,2021-06-08 07:07:27,Relocation,1
5440,2025-10-28 17:45:03,Health,1
38737,2025-07-16 15:21:42,Performance,0
25102,2023-09-24 02:06:40,Relocation,0
26000,2025-02-13 09:48:03,Better Offer,0
13246,2020-10-21 12:36:55,Better Offer,0
32648,2020-07-04 02:21:36,Performance,1
19801,2021-11-09 07:05:38,Better Offer,0
41340,2021-04-21 23:03:12,Better Offer,1
8377,2022-10-14 21:49:30,Better Offer,0
18450,2019-11-07 18:07:05,Higher Studies,0
9561,2022-01-16 02:54:25,Relocation,0
43145,2020-09-27 10:15:36,Relocation,0
39883,2020-10-15 12:01:15,Relocation,1
30164,2021-07-20 09:13:50,Relocation,0
19228,2022-03-20 02:42:08,Better Offer,0
22146,2021-02-07 21:11:56,Higher Studies,0
28065,2023-04-17 13:13:09,Better Offer,0
2359,2021-01-05 09:32:17,Higher Studies,0
15073,2025-02-26 16:36:50,Health,1
19902,2021-11-24 01:00:07,Better Offer,0
13386,2022-10-20 15:12:43,Relocation,0
19200,2020-02-29 01:02:40,Higher Studies,0
32950,2020-04-05 14:57:36,Performance,0
4411,2023-09-21 19:38:55,Relocation,1
28400,2025-03-10 01:00:48,Relocation,0
11279,2021-06-05 04:43:02,Personal,0
37152,2020-11-06 23:56:46,Better Offer,0
24992,2022-08-10 03:32:25,Better Offer,0
10708,2022-01-25 22:07:07,Relocation,0
17166,2023-02-21 06:21:29,Better Offer,0
16455,2024-11-22 08:46:08,Personal,0
2524,2023-02-05 10:08:45,Better Offer,0
40601,2024-01-20 16:30:55,Relocation,0
20426,2021-08-04 08:45:40,Personal,0
7571,2023-01-12 08:11:09,Personal,0
12432,2020-06-09 04:41:30,Relocation,1
27096,2022-07-12 22:17:43,Better Offer,0
28018,2025-08-02 13:02:20,Better Offer,1
12176,2024-03-04 15:54:55,Better Offer,0
5710,2024-11-04 03:42:05,Relocation,0
13291,2022-09-22 21:01:28,Better Offer,1
39862,2021-08-04 20:02:42,Personal,0
6010,2023-09-15 02:18:34,Higher Studies,0
36400,2024-06-29 11:11:07,Personal,1
1275,2024-04-10 19:41:37,Better Offer,0
27895,2020-09-25 08:56:56,Better Offer,0
39720,2020-05-18 01:05:00,Higher Studies,0
10211,2019-10-08 11:35:30,Performance,0
37154,2021-05-18 14:39:02,Better Offer,0
8127,2021-05-20 16:38:25,Performance,0
37007,2020-08-03 22:35:41,Personal,1
17884,2023-12-07 05:19:04,Higher Studies,0
40646,2022-06-22 09:12:29,Personal,0
27435,2023-05-05 21:21:19,Higher Studies,0
4414,2025-01-05 07:29:20,Better Offer,0
32339,2021-01-19 22:48:07,Higher Studies,1
42476,2023-11-17 04:59:06,Better Offer,0
9667,2024-03-15 10:20:22,Better Offer,0
14044,2021-05-14 08:07:59,Higher Studies,0
20368,2024-04-17 10:10:54,Health,1
70,2019-08-31 12:38:39,Health,0
5894,2022-02-24 12:02:47,Relocation,0
42526,2023-08-07 15:18:54,Relocation,0
15846,2020-02-06 09:10:11,Relocation,0
41851,2023-12-22 17:00:56,Higher Studies,0
31308,2021-01-09 14:31:45,Performance,0
25862,2024-01-02 00:07:15,Personal,0
27019,2021-05-08 09:45:43,Better Offer,0
12686,2020-04-22 02:23:48,Better Offer,1
20367,2025-08-20 14:41:52,Personal,0
30214,2025-03-27 13:16:41,Personal,0
22993,2023-04-04 01:12:52,Better Offer,0
42844,2024-11-26 16:20:28,Relocation,0
12721,2020-10-13 05:16:54,Relocation,0
17714,2023-12-22 09:40:11,Relocation,0
13201,2022-09-09 12:31:36,Relocation,0
23532,2023-04-12 20:48:56,Better Offer,1
22102,2022-09-06 20:33:39,Performance,1
12627,2025-07-11 08:01:59,Performance,0
34655,2021-04-28 00:16:14,Relocation,0
28770,2020-08-17 17:53:10,Better Offer,0
14978,2020-03-05 11:36:02,Higher Studies,1
1856,2023-08-04 19:48:44,Better Offer,1
31028,2023-04-06 23:02:20,Better Offer,0
40873,2025-06-20 17:10:30,Relocation,0
16518,2023-01-31 19:27:53,Better Offer,0
28742,2025-07-01 22:32:13,Performance,0
1407,2023-12-23 22:44:22,Higher Studies,0
29962,2020-01-13 07:26:07,Performance,0
24978,2019-12-02 19:52:56,Better Offer,0
38322,2024-09-23 20:07:07,Better Offer,0
25769,2019-07-02 03:41:21,Better Offer,0
9861,2024-05-24 06:04:59,Personal,0
27531,2021-12-03 12:52:20,Performance,0
16805,2020-01-01 22:55:59,Better Offer,0
35146,2025-05-08 23:15:41,Better Offer,1
20616,2022-10-17 15:59:55,Performance,1
26901,2023-04-09 23:16:15,Better Offer,0
4515,2024-04-16 15:38:01,Personal,0
17021,2019-12-22 22:52:17,Personal,1
1607,2022-12-06 03:30:51,Health,0
26594,2022-03-09 21:08:44,Better Offer,0
2554,2023-10-21 20:14:23,Better Offer,1
25098,2024-03-09 09:28:35,Performance,1
39654,2024-08-20 12:59:19,Performance,0
37616,2020-02-07 06:54:19,Better Offer,0
28191,2019-09-22 07:53:18,Personal,0
31131,2019-12-07 14:39:10,Performance,0
24524,2021-08-09 06:14:44,Health,0
25480,2024-03-27 12:01:58,Better Offer,0
1648,2021-02-22 01:30:31,Performance,0
39309,2023-12-18 02:21:56,Better Offer,0
29885,2025-01-15 05:32:48,Personal,0
21842,2019-07-04 10:36:00,Better Offer,0
20122,2021-01-20 19:03:24,Relocation,0
8629,2022-12-31 18:43:37,Higher Studies,1
18875,2024-04-20 09:48:38,Better Offer,0
5408,2022-04-03 09:01:34,Better Offer,1
10227,2024-05-21 06:11:27,Performance,0
17156,2023-07-19 03:48:39,Performance,0
18438,2022-08-27 17:33:22,Better Offer,0
26086,2022-11-13 17:56:15,Better Offer,0
35965,2019-10-11 04:57:10,Higher Studies,0
9243,2021-02-04 23:58:47,Better Offer,0
4641,2021-09-01 18:14:37,Better Offer,0
11320,2019-07-14 19:24:07,Health,0
20033,2020-07-31 08:57:38,Performance,1
11728,2020-01-14 00:11:24,Better Offer,1
31199,2024-11-10 12:48:36,Relocation,0
1946,2020-02-27 20:03:19,Better Offer,0
19415,2024-01-09 07:08:23,Better Offer,0
38727,2020-07-27 16:11:48,Performance,0
23198,2022-02-16 01:27:59,Health,0
578,2024-11-02 07:43:05,Personal,0
11498,2021-05-16 14:58:56,Performance,0
36407,2021-02-06 04:01:48,Personal,0
893,2025-06-19 01:55:37,Higher Studies,1
3905,2020-07-17 09:04:31,Personal,0
24875,2025-07-05 13:50:03,Better Offer,1
27281,2023-08-27 08:01:46,Health,0
27946,2023-09-12 11:08:34,Personal,0
36646,2024-07-26 00:44:53,Better Offer,0
9514,2023-12-22 07:44:33,Better Offer,1
39295,2025-03-24 06:24:32,Personal,0
34044,2023-06-15 08:17:37,Health,0
19122,2022-05-15 19:04:07,Better Offer,0
26770,2019-08-14 22:32:28,Relocation,1
9055,2023-02-01 21:13:54,Higher Studies,0
246,2022-04-08 14:17:57,Better Offer,1
40356,2023-03-05 02:02:47,Higher Studies,0
32530,2025-09-20 09:34:17,Relocation,1
36459,2024-08-03 15:25:45,Better Offer,0
13233,2020-01-17 16:33:15,Better Offer,1
1089,2023-01-05 08:54:51,Better Offer,1
28463,2021-05-31 11:21:06,Health,0
21782,2024-10-05 15:22:51,Health,1
11058,2020-01-20 00:28:48,Performance,0
510,2019-07-21 03:20:29,Better Offer,0
21692,2024-08-09 00:13:03,Better Offer,1
12181,2019-11-10 14:33:32,Performance,0
32060,2020-11-23 03:21:15,Better Offer,0
37062,2019-09-12 00:20:55,Performance,0
24626,2024-04-28 06:06:50,Performance,0
40519,2021-09-23 05:26:22,Health,0
29018,2020-07-02 00:48:57,Better Offer,1
35471,2025-05-25 05:42:49,Higher Studies,0
41210,2022-06-03 01:26:36,Better Offer,1
13047,2025-01-25 18:24:46,Better Offer,1
32458,2020-08-29 10:43:42,Better Offer,1
17854,2020-06-14 15:13:14,Performance,1
6945,2019-09-26 16:35:08,Personal,0
16189,2022-05-18 10:44:45,Better Offer,1
34016,2025-10-31 01:22:27,Performance,1
2183,2025-06-29 19:38:49,Performance,1
32190,2023-10-12 14:35:10,Relocation,0
13238,2023-11-01 15:59:47,Personal,0
9182,2024-03-17 06:43:31,Personal,0
24022,2025-04-07 08:42:24,Personal,0
41419,2020-07-24 05:45:00,Better Offer,0
40572,2021-08-12 21:30:01,Better Offer,1
25572,2020-01-06 00:10:27,Performance,1
42629,2023-10-12 10:44:44,Health,0
19968,2020-04-08 12:39:51,Better Offer,1
9535,2023-11-29 04:35:20,Health,1
36225,2022-09-19 04:40:37,Better Offer,0
34265,2022-12-27 01:17:25,Better Offer,0
2468,2023-09-19 17:08:12,Relocation,0
15000,2023-03-06 03:38:48,Better Offer,0
13927,2023-03-01 15:19:06,Better Offer,0
41755,2023-01-11 10:34:37,Personal,0
40611,2019-10-24 06:46:16,Better Offer,1
12084,2025-01-07 23:47:27,Better Offer,0
36991,2020-05-20 17:25:04,Relocation,1
36034,2022-03-25 22:19:33,Better Offer,0
33521,2023-02-14 13:53:10,Relocation,0
4182,2020-11-03 23:25:44,Higher Studies,1
14687,2025-07-13 04:06:36,Better Offer,0
10973,2019-11-25 09:02:22,Performance,0
36939,2024-02-06 10:51:10,Personal,0
31816,2024-06-04 15:01:07,Better Offer,0
17025,2025-03-18 18:30:41,Relocation,0
16365,2023-09-25 21:35:57,Better Offer,1
30777,2023-03-19 16:39:30,Higher Studies,0
31179,2021-05-19 05:43:15,Better Offer,1
17117,2019-12-24 13:47:11,Better Offer,0
33744,2021-07-01 15:31:29,Better Offer,0
37081,2022-10-18 12:18:36,Higher Studies,0
18700,2021-10-18 20:41:48,Relocation,1
4979,2025-06-05 10:58:28,Performance,0
1898,2019-10-30 16:25:48,Relocation,0
19916,2020-10-25 00:19:23,Personal,0
18383,2023-12-13 22:49:01,Better Offer,0
18790,2020-03-01 03:37:53,Personal,0
18478,2024-11-23 03:12:35,Performance,0
12099,2023-08-10 13:35:06,Better Offer,1
30221,2024-11-18 14:34:07,Better Offer,0
42768,2020-05-27 22:08:39,Better Offer,0
16567,2024-12-30 14:55:27,Better Offer,0
22621,2019-10-17 07:11:58,Relocation,1
7869,2023-01-23 03:01:39,Higher Studies,0
17294,2020-10-10 00:18:47,Higher Studies,0
40702,2025-07-02 00:31:18,Better Offer,0
39035,2021-01-10 20:46:15,Relocation,0
36404,2025-08-10 06:15:26,Health,1
41150,2023-08-21 02:20:03,Better Offer,0
41626,2023-06-27 13:21:18,Better Offer,1
42631,2025-01-05 04:56:17,Better Offer,0
7685,2022-10-17 22:13:37,Higher Studies,0
42756,2021-02-25 21:26:59,Better Offer,0
19058,2021-07-01 18:59:07,Better Offer,0
13674,2024-07-23 18:48:28,Personal,1
12054,2021-05-03 05:25:18,Personal,0
42326,2019-11-10 14:47:37,Better Offer,1
10763,2024-11-15 05:17:46,Relocation,0
9100,2025-03-01 06:05:03,Better Offer,0
9362,2023-05-10 00:06:28,Personal,1
938,2024-05-08 20:01:35,Better Offer,0
20181,2024-07-30 20:38:57,Better Offer,1
12214,2019-07-30 11:57:37,Health,0
2052,2019-07-27 16:02:25,Better Offer,1
25245,2022-03-07 09:24:50,Better Offer,0
38774,2023-07-06 00:22:05,Performance,0
11810,2023-10-19 05:30:21,Relocation,1
42604,2023-04-11 08:19:00,Personal,0
16645,2021-02-04 22:45:18,Higher Studies,0
42432,2021-08-10 19:38:25,Performance,0
41868,2024-04-25 22:53:17,Better Offer,0
22897,2022-06-08 03:43:44,Better Offer,0
21469,2022-09-20 05:34:49,Personal,1
39392,2025-02-24 07:22:26,Better Offer,0
38985,2022-09-26 11:33:05,Better Offer,1
26721,2019-07-08 08:22:21,Better Offer,0
40974,2020-12-06 01:55:14,Higher Studies,1
28753,2020-10-19 02:52:33,Better Offer,1
32954,2019-10-17 14:37:03,Relocation,0
30078,2025-10-21 23:45:09,Relocation,0
37925,2022-06-28 03:04:39,Better Offer,0
16551,2022-11-08 15:46:38,Personal,0
26153,2023-01-31 04:38:34,Better Offer,0
30166,2020-08-24 02:57:29,Better Offer,0
15931,2025-08-28 01:59:18,Performance,0
12596,2019-10-21 17:55:16,Higher Studies,0
36285,2021-12-26 22:15:37,Relocation,0
7105,2020-03-07 04:22:29,Relocation,0
7080,2023-09-25 20:43:28,Personal,1
17293,2024-02-05 05:57:15,Better Offer,0
5580,2024-04-23 12:37:40,Relocation,0
1780,2019-10-11 11:02:07,Relocation,1
27604,2019-08-02 23:51:13,Better Offer,1
21754,2023-05-20 08:27:55,Higher Studies,0
9252,2021-06-12 15:54:29,Performance,0
38618,2024-01-31 18:37:44,Personal,0
5792,2020-02-19 14:42:22,Relocation,0
31106,2023-09-06 07:18:57,Better Offer,1
22577,2021-07-21 19:23:07,Performance,0
31214,2022-12-28 09:04:49,Performance,0
24703,2023-06-09 09:31:19,Better Offer,0
4719,2023-12-22 20:26:12,Relocation,0
1834,2022-12-15 05:27:53,Higher Studies,0
29117,2020-03-20 12:44:35,Better Offer,0
1852,2019-11-26 22:06:33,Performance,0
21918,2021-05-21 22:44:29,Relocation,0
16659,2021-02-15 04:54:03,Better Offer,1
6396,2020-12-27 12:05:56,Better Offer,0
25197,2023-01-01 04:09:47,Better Offer,1
7477,2022-12-11 02:31:01,Better Offer,0
37059,2025-02-12 13:26:06,Better Offer,0
7958,2021-04-29 22:32:06,Better Offer,0
16061,2021-07-17 00:38:04,Personal,1
36870,2021-01-07 17:35:14,Better Offer,0
37952,2025-07-09 13:25:21,Health,0
10735,2023-04-13 00:59:34,Better Offer,1
24793,2023-03-14 17:01:21,Relocation,0
27961,2025-03-19 02:37:01,Better Offer,0
21044,2023-12-25 07:12:15,Performance,1
32664,2024-05-17 08:16:45,Higher Studies,0
15894,2024-12-03 06:06:04,Higher Studies,0
932,2025-07-26 13:42:03,Better Offer,0
32077,2020-07-04 22:54:58,Higher Studies,0
30677,2019-11-25 20:42:11,Better Offer,0
42177,2020-03-22 14:41:54,Better Offer,1
30711,2025-08-22 00:32:01,Personal,0
11877,2020-07-07 09:43:14,Personal,1
18451,2020-09-26 06:55:47,Performance,1
23246,2021-09-13 10:52:02,Better Offer,0
28713,2020-12-14 19:01:27,Performance,0
32328,2020-09-08 05:42:33,Relocation,0
19400,2024-05-30 01:57:34,Performance,1
15643,2021-12-03 13:03:46,Better Offer,0
33725,2020-02-20 00:00:17,Relocation,0
33323,2024-12-21 10:45:31,Health,1
9349,2023-08-13 01:59:04,Relocation,1
39497,2022-11-22 23:32:41,Better Offer,0
42006,2020-08-10 18:07:42,Better Offer,1
18955,2025-10-23 08:22:00,Better Offer,0
24794,2022-03-21 08:43:19,Higher Studies,0
18377,2023-04-12 00:44:11,Higher Studies,0
11812,2021-11-29 23:27:33,Better Offer,1
12164,2021-09-26 01:24:41,Performance,0
9119,2022-02-06 09:23:17,Personal,0
11376,2024-03-05 11:51:01,Performance,0
34641,2023-10-17 08:46:11,Higher Studies,0
11934,2022-07-24 23:45:10,Higher Studies,0
7554,2021-01-26 19:48:07,Relocation,0
36797,2025-03-17 03:10:36,Relocation,0
29503,2020-09-22 10:03:24,Personal,0
22121,2024-07-17 16:18:58,Personal,1
8581,2019-10-15 10:18:53,Performance,1
31659,2024-05-28 13:13:56,Relocation,1
4488,2025-03-07 15:42:44,Personal,1
23055,2023-04-20 22:32:30,Performance,1
11535,2020-12-16 12:54:30,Better Offer,0
25627,2025-04-19 20:12:17,Higher Studies,0
34475,2023-09-18 18:23:42,Performance,0
25908,2024-03-12 10:36:38,Personal,0
28,2024-07-13 15:41:57,Personal,0
13210,2019-10-09 03:15:01,Better Offer,0
4223,2023-07-29 06:01:31,Relocation,0
11305,2022-11-27 05:15:09,Higher Studies,0
4626,2023-11-16 10:59:17,Better Offer,1
37547,2024-03-01 05:25:30,Better Offer,0
14321,2023-07-28 04:37:54,Personal,0
8956,2022-01-27 02:18:12,Better Offer,0
26944,2020-12-07 20:25:29,Personal,1
33138,2020-08-01 05:44:36,Higher Studies,0
25810,2024-03-05 23:02:36,Higher Studies,0
403,2022-03-28 07:44:40,Better Offer,0
42752,2022-02-02 02:30:09,Better Offer,0
1717,2019-11-08 08:41:04,Better Offer,0
18481,2025-06-22 08:39:14,Performance,1
17343,2022-09-09 16:36:42,Better Offer,1
584,2023-10-10 21:27:57,Better Offer,1
4164,2023-05-26 01:34:00,Better Offer,1
1766,2024-04-24 15:29:18,Higher Studies,0
11339,2020-11-21 09:54:08,Higher Studies,0
24302,2021-07-21 15:20:25,Higher Studies,1
34082,2023-04-01 21:38:51,Better Offer,0
13178,2023-01-10 03:25:28,Health,0
28241,2024-12-11 19:27:59,Personal,0
26678,2023-03-03 15:36:23,Better Offer,0
30829,2020-01-28 19:18:30,Better Offer,0
545,2025-09-08 03:41:50,Personal,0
41243,2023-07-11 04:42:59,Personal,0
32145,2025-03-20 08:13:48,Higher Studies,1
24250,2023-12-25 19:16:39,Better Offer,0
16260,2019-10-01 04:40:31,Better Offer,0
32058,2020-03-19 01:22:47,Higher Studies,0
22401,2024-01-12 19:59:52,Better Offer,0
23155,2025-10-21 14:38:55,Better Offer,0
10613,2024-03-19 23:38:16,Better Offer,1
3246,2021-07-11 04:24:28,Personal,0
39781,2022-01-31 05:49:25,Health,0
26976,2024-11-07 21:03:29,Performance,0
2548,2022-10-23 08:33:31,Higher Studies,0
26015,2020-10-12 09:16:58,Better Offer,0
6938,2022-04-20 21:30:56,Better Offer,0
26926,2024-09-16 14:48:27,Health,0
1093,2022-06-16 01:51:56,Performance,0
34045,2021-07-10 01:35:53,Higher Studies,0
16303,2020-09-26 09:00:47,Better Offer,0
14203,2019-10-29 20:16:20,Better Offer,1
17030,2021-07-27 14:00:20,Health,0
7561,2021-10-27 21:22:11,Better Offer,0
1795,2022-06-28 02:51:20,Better Offer,0
21749,2023-08-07 06:21:13,Better Offer,0
442,2020-01-01 13:28:39,Better Offer,0
9997,2022-03-20 16:28:23,Relocation,1
10839,2023-07-13 05:47:01,Better Offer,0
6392,2019-11-24 04:22:46,Relocation,0
6131,2025-04-23 04:01:29,Performance,0
14820,2020-06-25 05:39:01,Better Offer,0
11629,2020-09-04 14:20:47,Higher Studies,0
27161,2025-08-21 18:22:00,Higher Studies,1
6520,2019-12-13 14:10:06,Better Offer,0
1192,2025-07-27 07:52:49,Health,0
35136,2025-07-13 20:46:03,Personal,0
50,2022-02-22 21:46:28,Personal,0
37699,2023-12-19 23:34:58,Personal,0
29799,2022-12-15 05:33:00,Better Offer,0
29266,2024-03-09 10:43:45,Health,0
671,2020-06-14 03:58:04,Better Offer,1
14878,2023-06-26 14:38:38,Better Offer,0
27041,2024-07-24 19:02:31,Health,0
2444,2023-09-14 18:14:58,Better Offer,0
13336,2025-09-24 23:57:13,Performance,1
38992,2024-02-10 17:18:28,Better Offer,0
19280,2021-05-18 01:49:24,Higher Studies,1
13873,2020-03-23 10:54:06,Better Offer,0
22565,2025-07-19 04:00:14,Better Offer,1
8877,2019-11-04 07:43:33,Better Offer,1
41878,2020-03-11 21:49:56,Personal,0
15730,2024-03-13 23:13:01,Better Offer,0
11333,2024-02-05 15:48:43,Health,0
21851,2022-01-21 11:39:24,Performance,1
40267,2020-08-27 12:01:43,Health,0
38671,2022-02-27 18:27:45,Better Offer,1
39856,2024-10-02 23:18:30,Better Offer,1
7015,2024-07-11 18:27:55,Higher Studies,0
25012,2024-10-30 12:46:10,Higher Studies,0
1974,2019-09-08 14:07:14,Performance,0
32723,2023-12-05 20:12:46,Better Offer,0
2913,2019-11-01 20:17:05,Better Offer,0
7164,2021-08-18 21:15:13,Health,0
16183,2021-01-19 05:07:04,Better Offer,0
38347,2020-12-21 12:05:04,Performance,1
31364,2022-12-29 06:36:48,Performance,0
31819,2023-08-13 13:41:28,Better Offer,0
27639,2021-10-15 01:23:41,Relocation,0
27470,2020-05-02 06:11:16,Personal,0
19370,2021-05-21 11:06:14,Better Offer,1
4695,2021-03-17 20:33:03,Better Offer,0
28123,2023-06-04 10:06:43,Personal,0
788,2022-03-24 01:06:45,Health,0
18220,2022-02-05 12:45:43,Performance,0
4401,2024-10-17 12:55:59,Better Offer,0
32130,2024-01-01 00:23:31,Better Offer,0
22676,2024-04-23 07:31:41,Relocation,0
22352,2023-01-02 20:02:52,Relocation,0
39683,2022-10-30 03:19:11,Higher Studies,0
37452,2019-10-13 13:41:40,Better Offer,0
15886,2022-09-13 06:58:23,Higher Studies,0
13533,2022-09-17 17:44:56,Better Offer,0
598,2024-11-03 07:00:00,Relocation,0
17190,2019-10-23 02:29:55,Better Offer,0
19937,2025-05-07 09:29:27,Better Offer,0
11254,2021-10-01 00:37:54,Better Offer,0
17467,2025-07-23 14:44:48,Better Offer,0
7511,2024-03-15 22:12:41,Relocation,1
4946,2025-01-02 16:47:22,Relocation,0
12632,2021-10-03 20:41:23,Relocation,0
38432,2024-08-07 12:00:59,Personal,1
39325,2023-09-15 08:36:12,Performance,0
25083,2023-12-26 11:46:41,Performance,0
22704,2024-06-17 15:46:14,Higher Studies,0
361,2023-12-10 14:55:16,Better Offer,0
19802,2020-06-08 22:44:58,Better Offer,0
1262,2020-09-21 02:50:29,Better Offer,0
13204,2024-11-13 03:02:00,Better Offer,0
21864,2023-12-03 07:45:04,Better Offer,0
38649,2021-07-24 01:14:20,Relocation,0
17948,2022-03-31 20:17:47,Relocation,0
13465,2025-08-22 12:09:40,Performance,0
20825,2024-03-19 19:05:57,Better Offer,1
16738,2023-05-23 02:33:59,Better Offer,0
17919,2020-01-07 11:01:40,Better Offer,0
22583,2019-08-21 06:26:20,Higher Studies,0
17635,2019-11-11 20:45:07,Performance,0
22416,2023-08-09 00:14:17,Personal,0
29019,2020-01-31 00:42:05,Relocation,0
43183,2024-03-11 09:55:38,Better Offer,0
13137,2021-07-19 00:53:23,Higher Studies,0
28525,2023-09-17 01:11:57,Performance,0
34312,2019-12-13 20:00:45,Personal,0
26992,2023-05-18 01:04:54,Better Offer,1
27989,2020-02-01 10:29:02,Better Offer,0
5365,2022-01-21 18:25:36,Better Offer,0
8445,2025-07-28 22:49:03,Better Offer,0
32320,2019-10-28 03:22:13,Personal,1
6270,2025-02-28 18:58:17,Performance,1
21726,2025-08-02 13:27:33,Better Offer,0
4631,2023-08-07 05:32:07,Better Offer,0
4985,2021-10-15 02:25:38,Better Offer,0
4907,2019-11-07 14:21:32,Performance,0
33582,2022-05-31 18:38:22,Personal,0
26003,2025-02-10 00:06:06,Better Offer,0
20862,2023-11-12 04:29:14,Higher Studies,0
10460,2021-06-14 05:57:35,Better Offer,0
34524,2025-05-20 23:01:13,Better Offer,1
16324,2023-09-06 08:45:33,Better Offer,0
4862,2021-09-26 07:39:51,Relocation,0
29398,2023-03-15 20:50:01,Better Offer,1
19789,2021-07-10 04:04:10,Personal,0
31259,2022-04-17 01:40:22,Personal,0
17870,2024-04-30 09:58:12,Performance,1
19024,2022-05-01 13:14:26,Better Offer,0
27759,2020-05-20 11:12:59,Performance,1
3911,2021-01-17 19:54:57,Better Offer,0
18393,2020-07-25 21:01:39,Personal,0
28385,2020-04-28 14:33:22,Performance,0
26867,2023-12-04 08:45:16,Performance,0
11849,2021-05-02 19:19:39,Relocation,0
17813,2024-09-07 21:45:46,Relocation,0
7372,2020-05-29 10:39:32,Performance,0
22613,2022-01-11 17:38:13,Personal,0
10072,2024-07-08 11:31:18,Better Offer,0
30831,2020-05-13 15:03:53,Better Offer,1
7755,2022-07-31 04:50:45,Better Offer,0
22767,2020-08-30 05:03:54,Relocation,0
36629,2020-08-12 05:43:00,Better Offer,0
18262,2025-10-09 05:54:18,Better Offer,0
40752,2023-12-10 16:45:07,Better Offer,0
30590,2024-09-01 04:02:39,Better Offer,0
35249,2023-10-22 06:23:36,Better Offer,1
41466,2023-11-19 17:25:54,Better Offer,0
34483,2021-09-14 16:33:28,Personal,0
17871,2021-04-21 21:23:09,Personal,0
4027,2022-09-13 11:50:40,Relocation,1
18242,2021-04-25 05:10:17,Better Offer,0
1322,2024-02-27 11:53:25,Better Offer,0
10239,2021-06-20 15:54:16,Better Offer,0
6885,2020-04-17 08:46:26,Better Offer,0
31318,2021-01-05 03:33:53,Performance,0
38805,2020-08-18 07:15:21,Better Offer,0
7461,2025-05-13 15:37:45,Higher Studies,0
6185,2020-03-02 17:48:17,Better Offer,0
26440,2024-11-28 19:31:28,Better Offer,0
26838,2025-06-22 18:18:30,Relocation,0
27348,2024-06-13 03:23:03,Higher Studies,0
10134,2020-10-30 17:51:25,Better Offer,0
34668,2023-07-16 23:10:17,Health,0
26523,2021-06-01 04:13:19,Performance,0
26856,2022-09-20 12:10:35,Better Offer,0
7356,2019-11-23 04:00:46,Better Offer,1
14316,2022-03-11 20:22:32,Better Offer,0
26104,2025-06-17 04:03:41,Higher Studies,1
4254,2025-08-18 17:08:55,Health,1
37156,2020-09-22 06:14:15,Personal,0
19443,2020-02-06 21:16:43,Personal,0
7927,2020-12-03 19:03:04,Better Offer,0
34622,2020-09-09 21:56:40,Performance,0
41019,2019-10-24 17:30:44,Better Offer,0
40499,2020-12-23 00:03:06,Better Offer,0
25488,2022-07-25 02:53:12,Better Offer,0
9350,2020-04-05 23:04:23,Better Offer,1
6718,2021-09-10 23:38:38,Better Offer,0
28016,2022-11-03 07:11:52,Performance,0
35608,2022-06-11 21:08:02,Better Offer,0
32481,2022-05-22 03:53:14,Personal,1
21809,2023-12-16 01:16:41,Performance,1
34202,2023-03-12 19:05:23,Better Offer,0
35540,2020-02-09 11:27:21,Better Offer,1
11951,2023-10-18 16:09:20,Better Offer,0
21656,2025-10-13 17:29:46,Better Offer,0
42339,2023-11-07 04:22:28,Higher Studies,0
15761,2021-05-19 08:35:08,Relocation,0
41410,2020-10-26 17:43:10,Performance,0
9951,2021-06-27 07:43:51,Better Offer,1
774,2025-04-24 18:21:09,Better Offer,0
40449,2022-03-12 15:30:25,Better Offer,0
19244,2022-11-10 11:40:46,Better Offer,0
31251,2024-05-05 21:19:58,Better Offer,1
30136,2024-05-17 21:19:31,Better Offer,0
43034,2020-07-23 23:51:21,Higher Studies,0
24980,2024-07-06 18:33:01,Better Offer,0
18981,2024-04-26 23:27:22,Better Offer,0
41680,2024-08-18 00:47:01,Better Offer,0
6406,2020-06-15 06:35:57,Relocation,0
40358,2024-02-06 02:35:29,Health,1
8735,2021-08-19 01:22:13,Health,1
13505,2024-05-10 15:55:35,Better Offer,1
4919,2025-08-21 17:14:12,Better Offer,0
6509,2022-03-28 20:41:14,Higher Studies,0
31914,2021-12-20 10:48:21,Better Offer,0
19628,2025-10-14 17:08:18,Health,0
38561,2019-11-30 19:49:41,Better Offer,0
18060,2021-11-30 23:36:19,Better Offer,0
33875,2022-05-10 10:14:08,Higher Studies,1
7596,2024-02-23 21:33:26,Better Offer,1
8511,2025-04-26 03:56:02,Better Offer,0
40060,2023-08-25 10:17:40,Better Offer,1
15677,2019-07-22 21:22:40,Better Offer,1
1425,2020-02-01 18:09:45,Performance,0
5152,2021-04-27 14:06:53,Relocation,0
41216,2025-04-24 22:14:57,Better Offer,0
1314,2021-04-08 16:12:50,Better Offer,0
9491,2020-04-06 11:51:31,Better Offer,0
28969,2022-06-30 18:10:28,Better Offer,0
15875,2021-07-06 04:20:22,Higher Studies,1
22889,2020-01-31 07:06:44,Better Offer,0
20793,2022-03-14 07:17:16,Performance,0
16819,2021-08-14 17:49:29,Better Offer,0
28132,2023-12-26 01:50:50,Higher Studies,0
35500,2022-02-10 00:41:57,Better Offer,1
21507,2025-03-09 05:53:11,Better Offer,0
23237,2021-01-08 16:29:45,Health,0
6694,2024-12-24 19:39:27,Relocation,0
10397,2024-07-16 20:22:18,Better Offer,1
40959,2021-11-01 15:57:58,Relocation,1
39252,2025-06-10 04:56:46,Performance,0
22991,2021-03-20 18:36:55,Better Offer,0
9191,2025-05-14 14:13:13,Higher Studies,0
33060,2024-11-02 05:29:19,Relocation,0
10790,2023-03-20 15:36:02,Better Offer,0
4381,2019-08-23 18:42:34,Performance,0
42989,2021-03-29 16:55:56,Relocation,0
14289,2020-08-14 16:25:51,Personal,1
31590,2024-02-25 10:44:39,Better Offer,0
42358,2021-02-13 11:12:23,Higher Studies,0
37085,2021-12-04 02:12:47,Performance,0
39873,2023-12-12 16:56:20,Health,1
9692,2023-11-01 17:34:57,Better Offer,0
23098,2025-03-08 05:31:38,Better Offer,1
24773,2025-01-10 17:57:10,Better Offer,0
250,2021-08-10 11:32:13,Relocation,0
12364,2021-07-26 16:39:08,Relocation,0
21236,2021-01-24 14:48:10,Relocation,0
331,2022-09-05 03:45:43,Better Offer,1
33097,2025-02-15 21:10:22,Relocation,0
22424,2021-08-11 17:40:32,Relocation,0
35595,2021-04-18 04:41:59,Better Offer,0
12606,2020-11-24 16:37:18,Relocation,1
4881,2020-05-28 08:28:03,Better Offer,1
36273,2024-10-18 22:41:30,Relocation,1
34235,2019-09-18 10:47:13,Personal,0
11826,2024-09-27 11:49:42,Better Offer,0
14592,2023-09-25 11:35:09,Better Offer,0
36537,2021-09-30 03:33:14,Better Offer,0
41132,2024-08-12 18:13:38,Better Offer,0
40247,2022-03-23 18:41:45,Better Offer,0
4219,2021-08-21 02:38:43,Better Offer,0
18846,2022-10-11 05:48:33,Personal,0
6750,2023-07-15 11:57:53,Better Offer,0
6267,2024-09-22 14:20:45,Better Offer,0
28743,2024-01-01 13:42:37,Better Offer,0
32137,2020-03-25 07:25:02,Better Offer,0
32957,2023-06-30 20:43:56,Health,0
4553,2022-10-15 12:52:43,Relocation,0
26312,2022-08-30 22:44:30,Relocation,0
37458,2024-02-05 12:47:24,Personal,1
31513,2023-07-01 08:34:19,Health,1
31036,2024-07-18 17:50:20,Better Offer,1
24285,2019-10-11 05:29:14,Better Offer,1
35915,2022-07-07 09:20:04,Better Offer,0
28608,2020-08-27 11:39:53,Health,1
26291,2019-10-19 07:36:08,Personal,0
26725,2024-02-21 15:42:06,Higher Studies,1
33864,2020-10-04 21:22:22,Better Offer,1
33504,2024-12-28 02:22:12,Performance,0
8852,2023-09-15 11:22:25,Better Offer,0
499,2020-12-02 03:21:23,Better Offer,0
30432,2022-12-02 01:04:18,Higher Studies,0
14798,2023-08-07 20:34:58,Relocation,1
8841,2023-03-27 19:15:59,Higher Studies,0
34640,2021-07-21 23:22:31,Personal,0
13737,2024-03-14 23:20:49,Higher Studies,0
13598,2020-12-09 02:08:21,Personal,1
28437,2020-02-06 11:26:04,Relocation,0
11897,2022-03-17 05:45:37,Better Offer,0
13892,2025-01-29 13:43:16,Better Offer,0
24060,2020-09-07 09:13:25,Performance,1
11394,2021-04-10 21:09:18,Personal,0
34807,2025-01-17 14:23:18,Relocation,0
23691,2024-03-07 08:43:22,Performance,0
37937,2021-12-14 04:48:16,Personal,0
41939,2023-05-31 23:54:00,Better Offer,1
43186,2023-11-23 21:56:15,Better Offer,0
16289,2020-08-07 14:30:15,Higher Studies,1
38000,2024-08-18 15:30:56,Health,0
38625,2022-07-07 04:27:56,Better Offer,0
40187,2021-03-22 01:51:08,Better Offer,0
17504,2025-05-07 03:43:36,Relocation,0
32164,2020-07-10 14:55:05,Better Offer,0
16991,2020-04-23 15:48:19,Better Offer,0
18177,2023-12-15 08:58:33,Better Offer,0
24093,2019-08-15 00:57:44,Personal,0
22498,2022-04-01 02:49:25,Performance,0
32420,2023-04-21 05:46:16,Better Offer,0
39266,2020-12-14 05:53:30,Higher Studies,1
16467,2020-12-25 13:16:43,Better Offer,0
29717,2025-06-01 05:30:38,Relocation,0
9282,2020-01-03 18:45:13,Performance,0
36812,2020-10-09 02:50:18,Relocation,0
7432,2025-08-04 05:05:54,Personal,0
26307,2022-08-04 03:21:11,Health,0
19409,2024-05-29 00:59:19,Better Offer,0
40782,2019-07-30 12:50:22,Personal,0
30690,2021-12-26 18:02:35,Higher Studies,1
35372,2022-12-20 16:21:09,Health,1
18347,2021-10-11 14:47:11,Personal,1
13427,2024-04-06 23:24:52,Better Offer,0
4295,2021-02-22 15:41:55,Performance,0
14134,2020-07-20 15:50:57,Performance,0
21761,2022-12-26 16:50:21,Personal,0
34067,2021-07-08 00:38:02,Personal,0
27024,2019-10-20 13:45:17,Better Offer,0
40889,2025-09-17 22:04:14,Relocation,1
9242,2020-02-21 16:00:50,Better Offer,1
42510,2020-11-15 06:12:29,Better Offer,0
30924,2020-04-02 12:58:05,Personal,0
4037,2021-10-11 20:41:19,Performance,1
18813,2020-10-29 21:55:39,Personal,0
26042,2023-10-13 13:45:22,Better Offer,0
23434,2023-03-29 16:00:18,Relocation,0
27345,2020-08-12 03:33:36,Relocation,0
15288,2025-02-03 20:12:18,Higher Studies,0
9211,2019-07-10 13:24:23,Better Offer,0
12140,2024-07-07 22:23:30,Better Offer,0
39933,2025-08-28 15:28:31,Personal,0
35061,2025-07-26 19:54:17,Performance,1
31192,2020-08-17 01:00:06,Performance,0
7017,2025-09-28 09:33:54,Personal,0
37362,2024-01-01 06:56:55,Higher Studies,0
18247,2022-04-22 22:55:43,Better Offer,1
21942,2020-12-25 18:45:07,Relocation,0
13012,2023-11-14 19:50:26,Performance,0
1223,2023-08-14 13:44:53,Better Offer,0
29404,2025-03-03 13:10:28,Relocation,0
3111,2024-02-10 16:12:34,Better Offer,1
8617,2023-09-08 04:21:56,Better Offer,0
38041,2025-06-16 00:46:28,Higher Studies,0
37224,2022-04-13 18:18:55,Higher Studies,1
8103,2023-05-23 19:49:35,Relocation,1
14218,2023-08-08 15:28:00,Better Offer,1
31321,2025-02-23 14:52:23,Higher Studies,0
13063,2023-10-20 11:54:45,Personal,1
48,2023-04-04 16:12:11,Better Offer,0
1882,2024-08-27 23:35:15,Better Offer,0
31858,2021-02-12 00:38:06,Relocation,1
4808,2022-08-05 04:36:36,Personal,1
5362,2024-10-08 01:13:34,Better Offer,1
12681,2025-09-25 17:05:21,Better Offer,0
34015,2025-04-21 15:53:08,Better Offer,0
32889,2025-10-07 23:24:51,Personal,0
35577,2022-01-22 21:35:59,Better Offer,0
22009,2023-09-06 20:47:10,Relocation,0
39926,2022-03-15 13:39:48,Better Offer,0
2619,2020-01-12 21:39:14,Personal,0
30956,2024-05-10 07:55:43,Personal,0
9711,2023-12-27 18:22:55,Relocation,0
17273,2024-04-09 00:34:39,Better Offer,0
37080,2021-10-03 04:43:19,Better Offer,0
15598,2024-08-23 08:22:53,Better Offer,0
490,2022-02-28 09:04:01,Better Offer,0
18179,2019-11-17 00:04:28,Better Offer,0
22607,2025-08-24 11:18:32,Higher Studies,0
9238,2023-11-13 02:30:54,Personal,0
38613,2021-05-24 21:08:10,Performance,0
35693,2019-12-02 01:18:36,Better Offer,0
14225,2024-06-18 01:30:05,Better Offer,1
7024,2019-12-10 03:05:27,Better Offer,0
13876,2024-09-03 20:12:23,Relocation,0
15957,2022-09-17 10:41:55,Better Offer,0
32574,2023-05-23 14:51:45,Better Offer,0
22671,2023-05-24 21:42:53,Better Offer,0
9941,2021-04-16 05:29:23,Better Offer,0
29329,2021-03-24 09:55:52,Performance,0
25471,2022-11-21 14:15:42,Better Offer,0
42738,2021-08-23 06:57:11,Better Offer,0
14765,2022-12-01 15:54:52,Performance,0
17618,2022-04-05 00:51:50,Better Offer,0
42380,2025-07-09 13:23:41,Health,1
4378,2023-04-25 13:44:26,Better Offer,0
38484,2022-08-01 04:53:33,Relocation,0
30535,2019-10-19 04:16:38,Better Offer,0
1442,2020-04-29 05:55:21,Performance,0
28025,2023-11-24 09:12:58,Relocation,1
5112,2021-03-04 15:56:19,Better Offer,0
36774,2022-06-27 14:23:30,Better Offer,0
24221,2019-09-25 05:17:14,Higher Studies,0
33678,2020-02-05 02:13:49,Performance,1
6543,2021-05-03 16:08:19,Better Offer,0
11162,2023-11-13 06:01:12,Better Offer,0
15597,2019-08-16 17:57:43,Relocation,0
889,2025-05-27 17:32:34,Performance,0
17627,2021-11-24 17:02:13,Personal,0
42549,2023-05-02 21:14:08,Relocation,1
10377,2025-06-03 03:26:40,Better Offer,0
5466,2023-03-25 00:49:52,Health,0
14462,2021-03-19 14:33:49,Better Offer,0
20607,2021-09-20 04:15:20,Personal,0
27253,2023-04-19 22:58:03,Higher Studies,1
23506,2023-03-02 12:29:44,Better Offer,0
1166,2020-07-11 15:09:37,Better Offer,0
21083,2021-11-14 11:32:52,Health,1
33530,2024-03-14 19:40:51,Better Offer,0
24712,2020-10-23 07:49:34,Relocation,0
40059,2023-03-03 20:47:20,Better Offer,0
41832,2023-12-25 09:29:37,Performance,0
3137,2024-12-11 01:24:31,Relocation,0
16710,2022-08-16 07:48:09,Relocation,0
13322,2019-08-13 15:04:45,Performance,0
20278,2024-05-04 08:58:09,Health,0
13545,2019-08-08 05:55:41,Better Offer,0
39324,2024-04-03 19:30:31,Better Offer,0
38838,2020-06-19 15:59:12,Personal,0
7473,2023-02-24 16:01:09,Performance,0
302,2022-10-28 20:33:30,Better Offer,1
39011,2021-01-06 11:54:07,Better Offer,1
723,2025-05-09 11:13:18,Better Offer,1
18332,2023-05-25 15:10:57,Better Offer,0
29994,2025-10-19 20:37:38,Health,1
17662,2020-11-11 14:42:14,Better Offer,0
35585,2024-02-25 03:16:37,Better Offer,0
990,2023-01-14 23:15:34,Personal,1
4173,2023-05-25 23:24:53,Performance,1
17894,2023-10-07 05:25:27,Higher Studies,0
27631,2021-09-29 19:18:07,Better Offer,0
9515,2022-08-06 13:14:16,Performance,0
17971,2023-05-24 04:59:35,Higher Studies,0
24340,2021-09-16 18:04:34,Relocation,0
17665,2025-09-23 05:57:36,Better Offer,1
33676,2020-06-24 01:36:18,Performance,0
30629,2021-02-07 10:48:28,Better Offer,0
22212,2020-11-18 21:48:56,Higher Studies,1
28668,2024-07-27 08:07:39,Performance,0
21970,2021-07-27 12:23:39,Performance,1
4931,2022-02-15 00:55:20,Higher Studies,0
14427,2025-10-26 17:08:23,Better Offer,0
39100,2022-07-25 23:52:49,Performance,1
9812,2022-03-30 22:22:36,Better Offer,0
13828,2022-06-22 18:14:48,Health,0
8144,2023-05-17 04:59:53,Higher Studies,1
3996,2023-09-07 17:25:16,Better Offer,0
23305,2025-03-15 16:20:40,Performance,0
31973,2025-04-08 04:50:58,Relocation,0
14188,2019-09-09 04:22:32,Health,1
28136,2020-07-14 14:10:48,Better Offer,0
9983,2020-04-13 16:33:22,Better Offer,1
33961,2021-12-11 04:41:09,Personal,0
35295,2022-03-08 15:48:56,Relocation,0
34918,2022-03-24 05:01:30,Performance,0
34632,2020-02-25 13:49:13,Health,0
38876,2023-01-20 00:59:39,Higher Studies,0
11390,2022-11-05 03:19:18,Performance,0
21702,2022-10-17 02:55:49,Better Offer,0
32527,2023-04-25 10:17:43,Higher Studies,1
29170,2021-02-06 20:46:33,Health,1
24397,2019-08-17 17:52:34,Performance,0
29506,2021-07-12 05:18:18,Better Offer,0
27905,2022-03-25 19:01:43,Better Offer,1
15250,2023-02-23 15:55:38,Relocation,0
31457,2025-10-03 08:50:27,Better Offer,0
10761,2022-08-07 20:44:21,Better Offer,0
40672,2023-09-07 23:05:07,Performance,1
34246,2019-09-16 17:45:51,Relocation,0
1214,2022-12-08 00:39:28,Better Offer,0
37682,2020-11-09 00:22:44,Better Offer,0
4383,2022-03-05 02:50:44,Performance,0
24079,2021-12-20 15:39:21,Relocation,1
42388,2023-11-26 10:48:00,Personal,0
15604,2023-05-06 09:27:56,Performance,1
36455,2021-09-14 04:06:58,Higher Studies,0
40991,2024-07-19 23:25:00,Better Offer,1
8234,2023-07-18 15:07:31,Health,0
6827,2019-09-25 22:37:54,Higher Studies,0
16517,2020-11-19 21:58:39,Better Offer,1
25820,2023-01-11 02:33:35,Better Offer,0
41042,2023-10-23 18:01:52,Performance,1
14502,2022-08-10 02:28:10,Personal,0
23028,2021-07-11 12:04:06,Better Offer,0
18164,2019-12-02 16:25:26,Better Offer,0
1301,2021-11-22 09:34:11,Personal,0
35647,2021-08-25 13:17:06,Personal,0
22414,2022-07-02 18:52:13,Better Offer,0
24970,2022-08-24 01:57:41,Relocation,0
38405,2019-07-21 03:45:49,Better Offer,0
39153,2024-09-06 07:11:14,Performance,0
42728,2022-10-24 10:34:46,Health,0
41111,2025-03-03 19:12:05,Performance,0
12122,2024-08-07 11:38:25,Personal,0
16594,2020-12-13 09:30:13,Performance,0
14626,2020-01-08 14:08:12,Better Offer,0
17639,2020-11-28 02:52:50,Performance,1
27702,2023-01-15 11:35:37,Personal,0
22839,2023-08-11 07:52:57,Personal,1
10321,2025-02-14 22:36:13,Higher Studies,0
27821,2020-10-26 12:58:54,Relocation,0
17453,2024-02-20 16:39:14,Better Offer,0
28592,2020-06-03 09:54:01,Higher Studies,0
7923,2021-07-23 03:13:59,Better Offer,0
32407,2024-08-07 13:20:42,Better Offer,0
237,2022-04-12 10:17:16,Better Offer,0
10306,2021-01-31 21:28:47,Better Offer,0
3311,2020-08-12 08:33:32,Personal,0
10051,2025-08-20 20:03:09,Personal,0
35465,2021-05-26 01:42:26,Personal,0
36103,2020-03-03 22:15:20,Better Offer,0
13735,2019-08-27 13:16:07,Better Offer,0
1524,2024-09-12 00:17:59,Relocation,0
127,2020-05-03 12:28:52,Performance,1
33445,2020-06-26 07:39:46,Personal,0
32318,2019-10-12 02:49:55,Health,0
3034,2023-06-11 23:16:35,Better Offer,0
1716,2024-07-31 02:52:27,Personal,0
8074,2019-09-04 23:49:33,Performance,0
32693,2020-06-05 19:46:46,Higher Studies,0
30072,2024-03-15 09:26:45,Performance,0
37169,2022-10-14 11:54:18,Better Offer,0
29188,2023-12-26 17:43:32,Relocation,0
27823,2021-08-16 13:57:26,Better Offer,1
35586,2022-12-23 19:00:05,Performance,0
29328,2020-06-21 10:44:43,Better Offer,0
33085,2020-03-07 08:02:06,Better Offer,0
23848,2023-02-22 07:40:05,Better Offer,0
16597,2022-01-12 12:16:03,Higher Studies,0
24873,2025-06-28 17:19:41,Better Offer,0
38593,2022-02-07 01:39:04,Better Offer,1
7932,2023-03-28 03:34:11,Personal,1
26421,2024-06-12 03:28:34,Relocation,0
26183,2021-05-28 15:59:20,Performance,1
7274,2024-02-03 23:46:41,Better Offer,1
40027,2020-08-08 12:32:08,Higher Studies,0
34777,2019-08-21 22:16:37,Better Offer,1
25257,2022-04-11 16:19:38,Relocation,0
38556,2022-07-13 15:09:25,Higher Studies,1
16628,2024-05-01 09:24:19,Higher Studies,0
19479,2021-07-10 15:48:07,Relocation,0
32508,2021-10-19 19:01:08,Better Offer,1
25019,2024-12-02 23:03:55,Relocation,0
25212,2020-08-13 12:44:24,Higher Studies,0
8693,2023-08-26 21:05:28,Higher Studies,0
9274,2025-04-09 14:57:49,Better Offer,0
12969,2020-04-18 01:56:47,Better Offer,0
15049,2023-10-19 18:49:20,Better Offer,0
14568,2023-05-18 03:44:55,Better Offer,0
33153,2023-12-07 00:15:44,Better Offer,1
24388,2022-02-06 20:14:22,Better Offer,0
33442,2020-10-01 20:51:23,Relocation,0
22630,2023-03-30 13:11:16,Personal,0
7741,2025-06-19 10:02:17,Better Offer,0
26642,2020-11-14 18:00:43,Performance,0
43112,2021-04-06 12:03:53,Better Offer,1
31934,2023-02-14 11:06:08,Performance,0
40727,2019-11-09 09:40:00,Performance,0
9936,2021-10-13 09:41:52,Better Offer,1
23693,2022-08-08 22:48:51,Personal,1
21107,2021-09-21 07:52:41,Performance,0
24264,2023-01-12 22:46:47,Relocation,1
8860,2025-06-08 10:58:31,Personal,1
1912,2019-08-03 13:38:28,Health,0
14784,2020-02-27 17:20:02,Better Offer,0
21961,2020-08-30 21:42:00,Relocation,0
28961,2021-06-03 11:08:55,Better Offer,1
40621,2019-11-13 04:13:19,Performance,0
25250,2024-04-25 23:59:10,Better Offer,0
42483,2021-12-10 23:52:16,Health,0
20360,2022-10-25 02:41:34,Higher Studies,0
18227,2025-02-21 08:42:38,Performance,0
11111,2023-12-11 21:31:16,Personal,0
21835,2019-10-27 18:33:05,Personal,1
12209,2024-01-27 21:15:11,Higher Studies,0
14678,2023-01-23 19:37:26,Better Offer,0
20716,2020-08-22 17:11:15,Higher Studies,0
26242,2022-01-31 03:53:50,Better Offer,0
7677,2019-11-30 08:37:09,Relocation,1
11878,2025-09-15 01:00:01,Better Offer,1
33932,2022-09-01 20:13:26,Relocation,0
29341,2021-10-20 23:31:52,Relocation,0
24766,2020-02-06 13:14:53,Relocation,0
15542,2025-09-21 00:01:05,Higher Studies,0
39549,2024-09-22 06:36:25,Personal,1
20152,2023-09-01 21:10:41,Better Offer,0
41993,2020-12-14 06:50:45,Health,1
39817,2021-06-21 14:59:46,Personal,0
24464,2023-06-14 22:38:10,Higher Studies,0
20680,2023-03-22 06:13:31,Better Offer,0
35565,2024-10-17 20:28:23,Higher Studies,0
5908,2023-03-01 04:23:02,Relocation,1
10697,2023-11-30 06:15:05,Better Offer,0
21231,2020-03-09 17:35:33,Personal,1
12398,2023-02-09 09:56:56,Better Offer,0
41720,2020-07-31 03:01:13,Better Offer,0
25962,2025-05-16 07:30:14,Relocation,1
9131,2021-07-17 07:41:07,Performance,1
15178,2022-05-15 19:01:36,Better Offer,0
7700,2020-06-20 03:29:26,Higher Studies,0
24033,2020-09-14 11:45:18,Better Offer,1
2200,2024-12-11 11:06:08,Performance,0
16563,2022-10-25 11:39:23,Performance,0
35456,2020-10-19 01:20:57,Relocation,1
2850,2021-01-04 01:23:40,Performance,1
29234,2020-07-30 13:46:45,Better Offer,1
39816,2020-09-14 12:55:01,Personal,0
23256,2022-06-12 16:43:25,Better Offer,1
5635,2022-06-01 21:02:11,Personal,0
28029,2025-08-14 19:55:52,Performance,0
18395,2022-11-06 18:37:17,Better Offer,1
30123,2024-11-06 22:27:31,Personal,0
30997,2024-08-15 08:32:29,Personal,0
26943,2020-01-27 10:34:21,Higher Studies,1
36851,2020-02-03 21:39:33,Better Offer,0
31712,2022-01-13 03:12:47,Relocation,0
17096,2022-07-13 21:02:04,Relocation,1
18468,2022-07-08 00:35:59,Higher Studies,0
12206,2021-07-12 19:37:49,Higher Studies,0
39398,2020-06-20 11:30:36,Higher Studies,0
12465,2019-08-31 16:15:24,Better Offer,0
16510,2024-03-23 10:22:40,Personal,0
12986,2021-08-09 16:34:17,Personal,0
17462,2021-09-16 02:55:24,Better Offer,1
29941,2021-05-28 13:35:29,Better Offer,0
836,2020-05-08 02:05:58,Better Offer,0
41467,2020-04-17 22:12:18,Better Offer,0
9315,2024-06-16 23:30:22,Personal,0
27542,2022-10-11 14:19:28,Better Offer,0
13879,2024-11-12 23:09:16,Personal,0
34244,2022-09-11 16:56:08,Better Offer,0
5752,2025-01-16 13:39:31,Performance,0
33848,2024-05-17 18:56:13,Higher Studies,0
8427,2022-09-15 00:33:36,Performance,0
6308,2024-04-04 08:27:04,Personal,1
6512,2021-12-06 16:55:47,Performance,0
33037,2022-06-26 18:55:58,Higher Studies,0
38119,2023-09-09 10:03:47,Personal,1
39743,2020-07-06 21:08:13,Better Offer,1
19020,2021-04-06 20:43:02,Better Offer,1
10927,2023-12-16 04:20:09,Higher Studies,1
6004,2022-09-03 05:22:54,Relocation,0
21053,2025-01-15 21:24:58,Health,1
35084,2025-06-02 23:17:38,Better Offer,0
20998,2021-11-04 04:27:17,Personal,0
18147,2019-07-19 18:49:17,Performance,1
13916,2019-07-09 00:05:27,Health,1
21008,2023-03-17 12:44:52,Better Offer,0
36958,2025-03-10 04:05:02,Performance,0
36324,2020-02-25 18:36:10,Better Offer,1
10155,2025-09-13 16:08:58,Better Offer,0
7124,2023-05-19 09:12:27,Better Offer,0
37227,2019-10-17 13:26:28,Personal,0
17628,2024-06-16 21:20:44,Performance,0
1787,2023-08-08 00:38:10,Better Offer,0
30472,2021-04-19 19:06:40,Better Offer,0
16612,2024-12-06 15:08:38,Personal,0
5017,2025-06-25 00:43:21,Relocation,0
37263,2019-09-25 08:18:25,Better Offer,1
23050,2022-10-17 02:16:52,Better Offer,0
39065,2025-10-18 12:54:48,Better Offer,0
27633,2024-09-17 00:44:12,Personal,0
6353,2022-08-04 14:22:37,Better Offer,0
15063,2021-08-20 20:29:40,Better Offer,1
28898,2024-05-20 14:49:10,Better Offer,0
35782,2022-03-23 10:12:34,Better Offer,0
20058,2022-03-11 19:18:27,Higher Studies,0
18591,2022-11-29 18:57:01,Better Offer,0
24225,2023-10-29 17:21:58,Better Offer,0
16501,2025-10-31 20:06:51,Personal,0
25744,2022-10-28 21:55:52,Better Offer,0
9551,2020-11-23 04:37:34,Better Offer,0
40085,2024-07-08 09:28:30,Relocation,0
1283,2023-11-12 06:15:20,Health,0
16378,2020-05-08 07:10:19,Performance,0
12981,2022-03-30 23:27:24,Performance,0
42616,2019-10-16 14:21:53,Better Offer,0
21318,2023-09-26 20:34:27,Better Offer,0
21256,2022-05-28 16:39:01,Health,0
27017,2020-03-09 21:55:27,Performance,0
21473,2020-07-11 21:11:41,Better Offer,1
31218,2023-04-05 05:48:28,Better Offer,0
34022,2019-08-28 15:59:45,Better Offer,0
33280,2024-04-01 21:59:55,Better Offer,0
5480,2019-07-28 18:24:44,Better Offer,0
41245,2024-12-19 22:41:53,Relocation,1
11347,2021-05-09 09:03:25,Relocation,1
27816,2019-09-05 19:20:51,Higher Studies,1
15833,2024-12-28 11:33:26,Better Offer,1
34480,2024-02-26 11:15:06,Better Offer,1
1765,2019-08-17 00:32:13,Better Offer,0
40926,2022-05-09 23:40:43,Performance,1
10789,2019-09-02 23:13:18,Better Offer,1
28774,2024-02-02 20:40:12,Personal,0
1157,2022-11-09 08:22:35,Performance,0
13682,2022-02-05 06:51:15,Better Offer,1
17783,2023-07-20 04:43:51,Better Offer,0
32890,2023-02-26 09:21:11,Better Offer,0
10862,2020-06-27 13:40:31,Relocation,0
8584,2022-09-08 11:18:49,Better Offer,0
24052,2021-09-19 14:08:24,Personal,0
319,2021-06-23 13:45:30,Personal,0
2248,2020-11-27 09:14:24,Higher Studies,0
18127,2025-03-31 00:28:45,Higher Studies,0
8401,2020-07-29 18:57:39,Performance,1
12642,2023-04-16 07:54:59,Health,1
10694,2024-10-05 23:50:21,Better Offer,0
8,2021-05-14 04:35:12,Better Offer,0
36640,2022-06-27 20:46:58,Better Offer,0
4803,2019-07-25 02:51:16,Relocation,0
17208,2023-02-13 13:35:15,Higher Studies,0
7013,2019-10-26 16:11:20,Performance,0
33335,2019-07-06 21:56:59,Higher Studies,1
41115,2024-06-22 15:56:18,Better Offer,0
40163,2024-11-17 21:58:18,Higher Studies,0
32639,2023-08-24 22:15:27,Better Offer,0
29130,2023-10-03 00:43:41,Better Offer,1
1350,2024-06-17 16:12:36,Better Offer,0
8181,2022-05-28 15:01:10,Better Offer,0
20823,2023-05-04 02:16:39,Performance,0
42218,2022-10-03 18:25:50,Higher Studies,0
25393,2025-09-06 10:36:11,Higher Studies,1
30293,2021-10-09 06:35:41,Performance,0
19615,2023-05-21 14:02:55,Better Offer,0
23313,2023-11-19 05:02:09,Higher Studies,0
14332,2023-07-03 04:40:30,Better Offer,1
5880,2023-09-28 09:39:01,Relocation,0
33446,2019-07-24 01:43:24,Performance,1
17645,2022-06-03 01:49:31,Better Offer,0
33704,2021-11-22 22:07:37,Personal,0
2796,2025-08-22 03:49:25,Better Offer,0
38292,2020-03-27 11:37:45,Higher Studies,0
11608,2020-07-11 20:12:29,Better Offer,1
838,2025-08-10 19:38:28,Relocation,1
16293,2024-08-14 04:23:32,Relocation,1
24465,2024-07-19 06:18:30,Performance,0
9339,2020-06-19 05:36:58,Relocation,1
3801,2021-08-11 08:25:43,Better Offer,0
2392,2019-10-17 23:34:47,Relocation,1
8309,2022-07-17 23:03:22,Better Offer,1
27431,2025-07-06 02:45:12,Relocation,0
27798,2025-07-14 23:13:42,Performance,1
24057,2020-03-14 10:33:21,Personal,1
34411,2025-10-10 17:02:45,Health,1
8069,2022-10-11 05:45:18,Personal,0
34500,2023-07-30 04:29:43,Better Offer,0
36943,2023-02-18 08:10:50,Performance,0
33516,2019-09-12 05:38:12,Better Offer,0
26488,2021-11-23 18:19:46,Better Offer,0
10587,2022-01-15 09:09:54,Relocation,0
28351,2020-11-09 02:51:36,Health,0
11603,2021-05-09 02:46:19,Performance,0
1298,2021-11-16 06:40:18,Higher Studies,0
17421,2024-03-19 12:53:11,Better Offer,1
41579,2024-07-23 13:08:25,Better Offer,0
3014,2024-03-23 12:03:53,Higher Studies,1
33070,2024-01-01 10:07:51,Better Offer,0
6706,2020-06-19 01:48:48,Better Offer,0
9660,2023-04-16 06:50:41,Relocation,0
8117,2023-03-31 07:10:57,Personal,0
7272,2024-03-13 14:43:43,Better Offer,0
39337,2020-05-30 13:15:23,Relocation,0
9637,2022-10-08 20:09:01,Performance,0
23240,2023-04-07 08:51:45,Better Offer,0
28778,2019-08-21 20:18:57,Better Offer,0
4680,2025-01-28 17:33:01,Better Offer,0
11185,2019-09-04 15:27:46,Personal,0
33348,2023-12-19 09:37:03,Better Offer,0
7551,2020-10-13 17:14:45,Better Offer,0
40578,2020-05-11 15:32:15,Performance,0
19421,2024-08-12 13:20:32,Better Offer,0
251,2024-05-28 10:18:55,Performance,1
20880,2024-05-25 07:50:37,Better Offer,0
26953,2019-08-08 19:04:33,Better Offer,0
17575,2021-08-06 02:55:11,Better Offer,0
11459,2020-11-08 07:38:22,Better Offer,0
21146,2020-03-06 21:01:51,Better Offer,0
12234,2024-08-26 16:04:30,Performance,1
29263,2024-11-13 10:42:35,Personal,0
27025,2023-02-09 21:06:46,Personal,0
8226,2021-03-27 17:46:19,Better Offer,0
6765,2025-09-05 07:29:56,Better Offer,1
14264,2020-05-17 17:21:35,Performance,0
26184,2025-04-01 16:08:05,Performance,0
21216,2023-06-18 17:48:33,Relocation,1
12268,2023-05-07 18:26:13,Performance,1
24124,2025-02-10 04:34:49,Relocation,1
31587,2025-10-04 23:37:33,Relocation,0
35936,2025-09-29 18:03:25,Better Offer,0
1168,2024-05-25 01:38:45,Performance,1
25503,2019-11-29 20:33:39,Personal,0
18684,2024-02-01 02:58:02,Better Offer,0
33449,2022-08-19 23:49:23,Better Offer,0
19690,2022-03-29 21:15:37,Better Offer,1
9590,2025-08-05 01:00:24,Health,0
38668,2022-04-04 18:26:59,Better Offer,0
19432,2019-09-13 17:16:57,Personal,0
10624,2023-09-08 00:23:07,Higher Studies,0
15446,2023-07-31 17:13:21,Personal,0
32554,2020-05-09 06:18:07,Performance,1
28818,2021-03-31 05:41:08,Personal,0
1221,2020-11-28 22:06:06,Personal,0
4842,2020-09-14 15:30:44,Relocation,1
21135,2021-04-01 05:39:01,Better Offer,0
37344,2022-03-21 02:40:08,Performance,0
11350,2025-10-01 16:16:39,Health,0
1778,2023-09-27 11:01:21,Personal,1
11354,2025-06-23 13:18:02,Performance,1
29505,2022-07-06 03:33:39,Health,1
38946,2021-09-15 16:59:51,Performance,0
14577,2023-01-31 15:24:44,Better Offer,0
32874,2021-08-06 09:37:37,Personal,0
14492,2023-11-21 13:04:59,Personal,0
38060,2020-06-16 15:58:23,Better Offer,1
22314,2019-07-03 11:13:41,Performance,1
14912,2024-08-09 16:25:26,Better Offer,0
8361,2025-09-07 22:41:48,Relocation,0
5451,2020-02-16 13:57:19,Relocation,0
22138,2023-02-09 08:24:34,Better Offer,0
25807,2023-05-19 01:23:43,Personal,0
24145,2021-12-02 04:35:00,Relocation,0
88,2025-04-10 07:28:57,Health,1
8787,2024-05-01 04:20:59,Performance,0
14980,2020-06-04 13:32:23,Health,1
15739,2023-01-12 21:05:13,Health,0
9767,2024-12-05 11:24:21,Higher Studies,1
38403,2025-02-27 22:30:16,Better Offer,0
7917,2024-02-23 17:12:32,Higher Studies,0
40740,2021-02-08 11:48:23,Better Offer,0
12654,2023-06-08 17:11:52,Performance,1
30771,2022-12-27 12:33:23,Better Offer,0
36780,2021-03-27 21:27:46,Relocation,0
37343,2022-07-27 01:35:59,Personal,1
38885,2023-01-21 23:50:00,Relocation,1
11938,2020-04-18 03:49:18,Personal,0
3735,2020-12-29 06:22:31,Relocation,0
2671,2019-12-27 07:41:26,Higher Studies,0
3364,2025-09-29 18:42:32,Better Offer,0
32020,2021-09-19 15:47:29,Better Offer,0
12543,2020-01-01 14:49:36,Relocation,0
39700,2020-11-26 17:23:14,Higher Studies,1
8728,2021-01-31 01:21:48,Better Offer,0
34885,2024-06-13 07:42:32,Better Offer,0
25052,2021-11-29 02:57:05,Better Offer,1
36757,2022-10-10 11:18:00,Better Offer,0
4030,2023-08-01 03:15:09,Personal,0
25858,2025-07-13 01:54:16,Performance,0
25903,2024-06-05 04:46:36,Higher Studies,1
25732,2021-06-21 13:15:40,Health,0
16157,2021-06-23 22:36:48,Relocation,0
10646,2025-07-08 16:41:15,Health,1
41863,2022-04-11 02:46:23,Personal,1
33513,2022-11-29 12:52:09,Better Offer,0
32357,2021-12-21 01:48:38,Better Offer,0
9852,2025-05-09 18:12:08,Better Offer,0
8337,2021-03-21 21:45:15,Performance,0
5057,2020-03-27 10:00:29,Relocation,1
2517,2020-03-21 21:17:52,Personal,0
9102,2021-04-07 01:38:40,Better Offer,0
38895,2024-02-04 21:21:54,Health,0
8151,2024-01-10 19:17:31,Performance,1
36573,2023-12-14 03:31:43,Better Offer,0
11916,2025-03-02 00:14:17,Better Offer,1
40046,2025-06-12 23:42:22,Higher Studies,0
9709,2022-05-13 13:14:34,Better Offer,0
29447,2021-08-03 08:34:32,Relocation,0
1641,2020-12-13 16:10:42,Relocation,0
24042,2020-06-11 11:05:05,Health,1
32674,2024-05-11 10:55:56,Relocation,0
38221,2024-10-01 04:42:41,Relocation,0
33468,2021-04-26 03:55:40,Relocation,0
20745,2024-07-24 03:27:09,Better Offer,0
9569,2023-01-28 12:20:06,Better Offer,0
38198,2022-04-09 03:30:50,Performance,1
30422,2020-05-16 05:38:42,Better Offer,0
20786,2023-09-04 15:57:29,Better Offer,0
28292,2023-11-26 00:49:03,Performance,1
42569,2023-12-20 05:36:30,Relocation,1
27672,2021-02-01 03:50:37,Performance,0
27988,2021-12-12 15:55:40,Performance,0
9477,2024-08-07 02:41:47,Better Offer,0
4299,2025-06-07 11:46:29,Better Offer,0
43106,2024-02-08 02:44:10,Better Offer,0
18647,2024-12-22 14:04:47,Performance,0
9664,2022-05-07 11:15:22,Performance,0
26004,2025-09-18 01:46:02,Better Offer,0
23834,2024-09-28 10:47:35,Better Offer,1
2120,2022-10-04 02:42:58,Better Offer,0
18040,2024-04-16 10:28:10,Better Offer,0
13327,2022-02-18 01:02:16,Better Offer,0
5093,2020-03-29 00:32:34,Better Offer,0
20250,2020-10-23 16:56:55,Better Offer,0
32925,2022-10-29 07:46:44,Better Offer,0
22043,2022-02-06 00:52:02,Higher Studies,0
18920,2024-08-31 17:33:48,Performance,1
34176,2020-09-16 03:22:22,Better Offer,0
535,2023-09-22 15:34:48,Better Offer,0
27326,2024-01-10 06:12:25,Better Offer,0
23564,2020-10-20 17:58:00,Better Offer,1
19564,2021-03-01 14:41:22,Performance,0
15658,2022-01-04 08:21:39,Performance,0
8535,2022-11-09 12:20:18,Better Offer,0
25507,2022-11-03 03:35:33,Higher Studies,1
29318,2020-08-30 07:00:54,Personal,0
12120,2021-10-23 01:19:08,Better Offer,0
4563,2024-01-30 07:37:06,Relocation,1
15016,2021-08-20 20:26:48,Relocation,0
38363,2023-06-05 05:50:33,Health,1
8943,2021-04-01 19:29:21,Performance,0
20790,2020-05-15 02:54:48,Better Offer,0
25301,2024-07-05 22:54:57,Relocation,0
34650,2023-04-05 15:10:15,Personal,0
42481,2020-10-02 21:58:08,Personal,1
18170,2022-05-24 17:34:56,Relocation,0
36361,2021-09-27 05:22:44,Relocation,0
35971,2022-02-01 11:20:50,Higher Studies,0
3945,2025-02-04 07:28:12,Personal,1
24987,2022-08-25 06:41:35,Personal,0
32912,2023-12-14 11:36:47,Relocation,0
34114,2022-09-20 03:01:44,Performance,1
11577,2023-12-04 11:29:28,Better Offer,0
39262,2025-05-10 19:41:06,Health,1
3831,2022-10-21 13:43:22,Better Offer,0
40017,2020-10-23 14:21:46,Better Offer,1
41268,2019-09-03 01:40:52,Better Offer,0
9479,2024-04-29 02:47:33,Performance,1
16874,2025-06-15 20:39:43,Performance,0
4323,2020-03-04 22:32:04,Performance,0
38376,2022-12-19 09:49:58,Personal,0
6170,2025-07-01 09:08:21,Better Offer,0
26941,2021-09-30 18:29:32,Performance,0
21705,2021-12-27 05:33:18,Performance,1
30730,2021-01-07 11:30:44,Better Offer,0
7731,2024-05-20 10:17:20,Better Offer,0
42682,2022-07-11 09:26:01,Better Offer,1
7690,2021-04-08 05:54:58,Better Offer,0
14731,2021-01-14 00:33:17,Better Offer,0
16896,2023-06-25 08:07:20,Better Offer,0
29649,2021-10-23 16:45:54,Better Offer,0
34754,2021-10-26 23:06:06,Better Offer,1
19282,2020-05-14 01:03:39,Better Offer,1
30236,2024-12-01 23:23:10,Higher Studies,0
31882,2019-07-22 21:32:31,Personal,1
29303,2021-10-23 21:32:03,Health,0
7371,2020-10-08 13:15:39,Personal,0
34493,2020-03-02 16:13:25,Better Offer,0
28515,2024-01-28 02:00:45,Performance,0
34998,2020-01-12 03:27:28,Relocation,1
24976,2023-11-07 09:50:31,Better Offer,0
16863,2023-03-11 01:28:38,Personal,0
711,2020-04-06 10:40:53,Personal,0
1499,2024-08-19 02:37:04,Higher Studies,1
2862,2025-06-24 22:08:00,Personal,1
33179,2020-03-29 13:43:26,Health,0
9671,2022-07-22 20:31:49,Performance,0
37680,2025-02-06 06:24:00,Better Offer,0
25437,2023-11-22 13:54:07,Better Offer,1
31370,2020-03-15 07:22:44,Relocation,1
37733,2022-04-07 00:16:27,Relocation,0
2731,2020-05-16 00:30:48,Higher Studies,1
16798,2021-07-23 12:34:17,Better Offer,1
34715,2020-12-29 21:01:24,Better Offer,1
8738,2021-07-25 09:32:17,Performance,0
25790,2021-10-24 04:43:46,Better Offer,0
19555,2024-08-08 22:54:37,Relocation,1
34407,2025-05-03 04:43:32,Performance,0
8214,2020-04-23 12:11:42,Relocation,1
5616,2023-10-24 03:27:08,Better Offer,0
7648,2022-10-08 19:50:36,Better Offer,0
20068,2023-12-03 20:14:49,Health,0
30372,2020-07-23 03:02:42,Better Offer,0
22030,2019-10-14 15:59:49,Performance,0
39688,2021-12-21 01:20:27,Relocation,0
14189,2022-03-01 02:48:58,Better Offer,0
40030,2024-07-04 06:08:31,Better Offer,0
24403,2019-11-28 21:26:46,Relocation,0
10700,2024-02-12 18:30:26,Personal,0
29579,2023-08-12 03:09:45,Higher Studies,0
23962,2025-03-29 10:23:37,Better Offer,0
16755,2023-03-23 13:19:18,Performance,0
1921,2020-11-23 07:12:40,Better Offer,0
11043,2021-01-14 18:30:35,Performance,1
23333,2024-11-06 13:52:03,Relocation,0
23630,2022-01-07 02:41:48,Personal,0
27356,2021-11-06 20:18:41,Better Offer,1
42450,2020-10-12 05:26:42,Relocation,0
37505,2021-06-23 15:47:13,Performance,1
11226,2022-08-09 04:18:41,Better Offer,0
14972,2024-09-04 12:12:28,Relocation,0
42274,2020-07-10 23:44:44,Better Offer,0
26102,2022-06-12 02:20:26,Performance,0
4073,2021-06-01 23:15:14,Better Offer,0
16383,2019-09-22 17:51:49,Better Offer,1
30190,2022-08-07 20:32:42,Personal,1
25140,2020-11-13 14:58:27,Health,0
24102,2025-03-07 18:39:17,Better Offer,0
28460,2025-01-19 16:45:20,Better Offer,0
26191,2019-08-05 22:00:41,Relocation,0
5106,2020-09-18 06:47:17,Health,0
27534,2023-01-27 03:00:59,Performance,0
22721,2022-03-28 03:29:43,Higher Studies,0
36296,2024-04-04 16:21:42,Better Offer,1
7341,2020-10-19 04:05:04,Better Offer,0
19126,2021-07-14 23:43:55,Relocation,1
1144,2021-09-22 20:08:29,Performance,0
2121,2024-12-06 14:36:19,Better Offer,0
28483,2021-11-24 04:27:05,Better Offer,1
32839,2022-12-03 18:19:04,Relocation,1
27867,2020-06-10 02:46:19,Relocation,0
37765,2024-05-10 03:55:27,Personal,0
4646,2025-02-21 08:11:20,Performance,1
10590,2024-07-07 03:27:50,Performance,0
10720,2019-12-25 12:13:39,Better Offer,0
1827,2024-09-27 12:25:00,Relocation,1
33398,2025-03-01 00:33:46,Better Offer,0
40488,2022-11-18 21:44:53,Personal,0
5984,2023-07-30 11:48:01,Performance,0
17993,2024-06-05 18:57:19,Better Offer,0
10172,2022-07-31 15:34:51,Personal,1
19765,2022-05-20 22:09:05,Higher Studies,0
9857,2024-05-07 02:57:42,Health,0
15662,2024-10-16 08:03:26,Higher Studies,0
11579,2023-03-16 12:29:50,Higher Studies,0
41022,2022-04-24 16:22:41,Health,1
28651,2023-10-24 03:02:55,Higher Studies,0
633,2025-05-19 02:29:21,Performance,0
21249,2023-04-21 11:19:28,Better Offer,0
17594,2023-06-03 12:54:20,Performance,0
32804,2020-04-10 02:27:31,Better Offer,1
2234,2023-11-09 18:35:00,Personal,0
21876,2019-11-23 11:25:45,Higher Studies,1
1703,2022-06-09 03:22:06,Higher Studies,0
28119,2022-04-08 11:25:17,Personal,0
134,2022-04-03 12:01:07,Better Offer,0
32826,2020-11-17 18:34:24,Relocation,0
28737,2021-02-12 13:45:47,Higher Studies,0
8587,2024-12-14 07:30:33,Better Offer,0
12021,2021-02-27 03:56:14,Better Offer,0
32647,2022-12-12 06:28:04,Higher Studies,0
38776,2022-04-03 22:07:26,Performance,1
1393,2020-03-24 09:32:02,Better Offer,0
41624,2019-08-15 00:41:19,Better Offer,0
24815,2025-09-07 16:25:08,Better Offer,0
13843,2020-02-03 22:52:07,Better Offer,0
25557,2025-01-23 16:15:36,Personal,0
25746,2019-09-10 05:53:58,Personal,1
34126,2020-12-27 12:16:50,Personal,1
7407,2020-04-25 17:54:43,Personal,0
690,2022-04-29 23:06:07,Better Offer,0
30026,2020-09-13 02:53:43,Better Offer,0
1508,2023-09-06 23:52:31,Higher Studies,0
8825,2021-03-21 11:29:47,Performance,1
24238,2020-04-27 08:49:45,Better Offer,0
36844,2025-10-30 10:46:31,Personal,0
28520,2019-10-23 07:27:30,Better Offer,0
13973,2025-04-16 15:22:24,Better Offer,1
13049,2021-11-06 15:08:55,Performance,0
4315,2020-07-22 16:06:29,Health,0
33722,2022-08-19 15:21:05,Relocation,0
8883,2024-08-07 16:42:54,Better Offer,0
38892,2025-03-04 16:43:12,Relocation,0
8013,2024-03-17 20:10:20,Health,1
15158,2021-07-26 22:31:31,Better Offer,0
29772,2025-10-25 16:04:58,Personal,0
21374,2024-03-01 00:08:09,Better Offer,1
4999,2024-02-01 15:00:58,Performance,0
38243,2025-08-29 20:23:54,Relocation,1
30865,2020-08-02 05:48:48,Better Offer,0
3353,2024-07-05 19:17:41,Higher Studies,0
42449,2020-12-19 17:37:17,Health,0
9547,2021-04-14 07:01:47,Better Offer,0
3280,2023-02-03 06:15:41,Relocation,0
33649,2024-02-25 14:26:37,Performance,0
40525,2021-11-14 14:21:34,Relocation,0
11223,2025-01-06 03:20:16,Personal,1
36118,2024-02-17 19:43:51,Better Offer,1
40010,2019-10-15 21:47:00,Personal,0
7310,2019-07-30 22:22:47,Higher Studies,0
2896,2021-02-10 04:12:45,Better Offer,1
36585,2020-11-22 09:14:09,Better Offer,0
19877,2020-11-02 00:25:38,Health,0
25706,2021-01-26 20:42:31,Better Offer,0
41035,2023-05-28 19:33:14,Better Offer,0
8820,2023-01-15 06:11:40,Relocation,0
25233,2025-05-08 10:27:20,Health,0
27892,2024-09-29 01:18:30,Better Offer,0
22191,2021-01-24 22:40:18,Relocation,1
8829,2024-07-15 07:12:18,Higher Studies,1
27912,2025-04-08 11:06:36,Performance,0
20475,2020-11-08 02:57:17,Higher Studies,0
31784,2021-05-11 00:02:30,Relocation,0
42564,2023-08-29 18:40:41,Relocation,1
18507,2024-04-11 07:44:07,Better Offer,0
41354,2022-10-02 08:32:16,Better Offer,0
20838,2024-08-16 07:41:53,Better Offer,1
14323,2025-06-16 08:23:16,Better Offer,0
40987,2024-09-05 12:17:03,Performance,0
13036,2019-09-23 11:20:37,Performance,0
7205,2024-10-11 23:46:54,Better Offer,0
20149,2022-09-18 12:40:52,Relocation,0
28822,2021-02-20 04:57:30,Better Offer,0
6687,2019-08-23 01:27:15,Higher Studies,1
40744,2021-09-15 11:23:50,Relocation,0
26977,2021-08-04 22:24:12,Better Offer,0
10123,2024-08-11 03:43:07,Personal,0
12452,2023-10-15 08:33:49,Better Offer,1
35289,2021-12-23 02:39:23,Higher Studies,1
25367,2020-10-19 01:40:50,Better Offer,0
14554,2022-11-03 15:54:29,Personal,0
19453,2022-04-25 06:18:46,Health,0
42830,2020-08-19 23:30:26,Personal,0
19683,2019-12-12 02:38:16,Performance,0
37270,2022-08-13 09:27:42,Personal,0
19642,2024-01-22 10:48:44,Better Offer,1
1358,2025-05-22 05:11:25,Higher Studies,1
17824,2022-09-26 09:03:21,Performance,0
13023,2022-12-22 03:01:53,Better Offer,0
15564,2020-12-04 20:15:19,Performance,0
21689,2023-12-08 13:43:45,Relocation,0
4939,2023-02-05 23:29:53,Higher Studies,1
13818,2022-04-16 01:10:49,Performance,0
33409,2025-08-09 05:30:27,Higher Studies,0
27373,2020-09-06 22:21:47,Better Offer,1
24823,2020-08-01 09:14:18,Better Offer,0
15524,2025-04-28 02:29:00,Better Offer,1
6587,2024-12-28 21:34:13,Better Offer,0
22832,2023-07-07 17:49:57,Higher Studies,1
7443,2025-05-26 00:59:53,Performance,1
36709,2025-04-03 22:35:04,Performance,0
40960,2022-08-18 01:53:06,Better Offer,0
11442,2024-11-24 19:22:49,Relocation,1
2256,2024-05-07 05:53:24,Better Offer,0
39829,2020-03-03 19:20:01,Personal,0
12298,2022-09-08 13:03:06,Performance,0
2007,2025-02-16 06:29:14,Better Offer,0
19869,2025-07-04 04:21:28,Better Offer,1
39537,2020-06-02 02:15:37,Higher Studies,0
17031,2020-11-16 18:29:17,Better Offer,0
16564,2023-05-01 12:22:49,Performance,0
39276,2024-06-05 11:50:48,Relocation,0
12514,2023-02-25 20:37:11,Better Offer,0
42461,2023-10-28 11:13:06,Relocation,0
39345,2021-11-11 23:42:21,Health,0
19557,2020-06-22 12:19:00,Performance,0
28373,2023-03-22 05:06:59,Better Offer,1
19889,2021-11-03 21:08:09,Better Offer,1
36720,2021-03-17 14:04:09,Better Offer,0
41166,2025-07-25 11:35:47,Performance,0
13206,2022-05-31 13:10:52,Better Offer,0
37810,2019-11-20 01:57:09,Personal,0
2586,2019-09-22 02:25:28,Performance,0
4479,2022-08-12 23:54:28,Better Offer,0
11393,2025-05-30 09:11:00,Better Offer,0
34890,2025-10-06 19:14:29,Better Offer,0
4865,2022-02-10 17:05:20,Performance,0
36131,2023-09-22 08:34:16,Personal,0
37028,2021-06-30 02:19:43,Higher Studies,0
41906,2023-12-04 08:01:01,Performance,0
19653,2022-05-23 20:31:47,Better Offer,0
37072,2020-09-08 14:35:47,Higher Studies,0
14680,2023-05-01 16:34:18,Better Offer,0
23408,2024-04-21 17:58:00,Relocation,1
15054,2019-09-24 13:52:41,Better Offer,0
34929,2023-08-17 06:32:48,Better Offer,0
11027,2020-12-20 12:18:10,Better Offer,0
11101,2025-09-20 18:50:20,Better Offer,0
5825,2021-05-16 00:03:52,Performance,0
30654,2025-03-26 05:07:31,Better Offer,0
15225,2019-11-20 00:48:47,Personal,0
30097,2024-03-12 01:50:17,Better Offer,0
28798,2019-07-01 14:32:18,Better Offer,0
20693,2025-04-11 09:41:19,Higher Studies,0
8164,2024-01-17 09:06:48,Health,0
32997,2024-01-29 12:48:02,Personal,0
5107,2024-06-10 07:31:33,Personal,1
23059,2023-01-18 13:52:47,Better Offer,0
38871,2021-12-11 02:38:20,Health,0
10505,2021-03-03 21:05:39,Personal,0
34922,2025-08-02 06:29:50,Performance,1
13722,2025-02-12 12:16:00,Relocation,0
34429,2023-02-16 13:36:00,Relocation,0
23242,2020-02-03 16:44:46,Personal,1
36876,2025-03-14 03:40:20,Higher Studies,0
28516,2025-03-15 01:15:49,Better Offer,0
39261,2020-07-30 14:04:31,Better Offer,1
34145,2022-05-08 19:34:09,Better Offer,0
9000,2022-08-20 05:46:20,Better Offer,0
7859,2023-01-15 10:39:31,Better Offer,0
41763,2024-05-17 05:06:28,Better Offer,1
10126,2024-07-07 08:45:40,Better Offer,0
9394,2019-09-14 23:12:16,Better Offer,0
40478,2020-06-17 06:36:15,Better Offer,0
36969,2024-11-29 11:47:28,Performance,0
6473,2023-09-02 04:45:41,Performance,0
36348,2021-06-23 05:25:16,Higher Studies,0
16355,2019-11-06 18:57:08,Better Offer,0
27159,2021-01-29 16:09:14,Better Offer,0
24865,2020-05-28 20:55:45,Personal,0
33132,2022-10-05 10:24:02,Better Offer,0
42426,2025-05-29 20:19:15,Relocation,0
15110,2019-11-12 07:32:57,Higher Studies,1
5877,2024-09-15 09:15:32,Better Offer,1
41700,2023-06-10 09:24:21,Personal,0
31061,2025-06-27 04:19:27,Relocation,1
41849,2024-05-29 17:30:17,Relocation,1
7903,2023-11-15 11:16:58,Better Offer,1
21650,2022-01-20 03:30:13,Relocation,0
33130,2022-06-16 08:30:49,Personal,0
24351,2023-10-10 12:24:23,Better Offer,1
6372,2023-02-20 03:16:33,Better Offer,0
40122,2022-04-04 12:15:43,Better Offer,0
15075,2025-04-29 00:27:27,Personal,0
28825,2019-10-06 17:13:00,Personal,0
23033,2022-04-04 11:25:04,Personal,1
2287,2022-05-14 14:58:30,Relocation,0
40352,2023-02-25 14:00:15,Better Offer,0
4986,2020-08-31 16:12:23,Higher Studies,1
39620,2024-04-03 08:45:44,Better Offer,0
33790,2024-05-17 16:21:43,Better Offer,0
14908,2025-10-14 06:01:40,Better Offer,0
10082,2021-03-30 23:50:55,Performance,0
18806,2020-09-01 01:51:26,Better Offer,1
12631,2020-03-07 11:25:23,Better Offer,1
6458,2020-07-30 14:35:16,Relocation,0
27406,2020-03-13 14:31:08,Performance,0
37709,2022-05-18 01:31:38,Higher Studies,0
24845,2023-10-06 04:32:57,Performance,0
24674,2019-09-21 18:51:24,Better Offer,1
21295,2024-11-28 14:04:22,Relocation,1
13850,2020-06-14 15:31:55,Higher Studies,0
17996,2020-12-14 06:34:03,Better Offer,0
8572,2023-07-02 19:34:19,Better Offer,0
18288,2020-09-16 01:37:34,Relocation,1
24318,2024-08-21 05:38:13,Health,1
25734,2023-01-09 22:41:49,Better Offer,0
11023,2025-01-27 18:18:38,Better Offer,0
24484,2020-03-19 19:22:38,Health,0
1876,2020-07-31 06:58:07,Better Offer,0
16202,2024-07-08 20:47:11,Better Offer,0
14430,2024-10-27 09:53:07,Performance,0
26284,2023-03-27 23:18:33,Health,0
14923,2025-02-11 18:10:33,Personal,0
18471,2023-02-19 18:05:38,Better Offer,0
42147,2023-04-25 07:17:28,Better Offer,0
37034,2025-05-22 01:24:41,Better Offer,0
16676,2024-09-06 03:53:32,Better Offer,0
13857,2021-06-22 07:30:46,Performance,0
31494,2022-01-23 14:18:53,Personal,0
23325,2023-08-27 09:21:10,Better Offer,0
22701,2020-07-11 00:20:18,Better Offer,0
35183,2024-08-27 02:07:04,Better Offer,0
35793,2022-03-01 16:41:36,Personal,0
35920,2020-06-21 13:52:16,Relocation,1
32080,2022-11-06 15:40:25,Performance,0
6075,2021-04-23 06:52:01,Better Offer,0
26910,2020-09-26 16:30:14,Performance,1
8555,2019-12-23 13:23:44,Better Offer,0
16737,2024-04-12 22:45:56,Health,1
34373,2022-12-09 15:33:36,Health,0
27262,2023-06-26 14:30:01,Performance,0
31442,2020-06-09 02:45:03,Better Offer,1
41387,2022-03-16 19:03:11,Personal,0
38907,2024-03-20 10:23:21,Better Offer,1
29554,2021-07-03 04:11:13,Personal,0
16828,2020-04-09 21:55:12,Better Offer,1
1927,2024-10-05 11:21:35,Performance,0
9118,2023-06-14 22:13:53,Health,0
33983,2021-06-20 04:37:15,Health,0
7781,2021-12-10 10:11:57,Relocation,0
32933,2021-05-30 17:06:56,Higher Studies,0
39920,2024-06-14 13:38:35,Better Offer,1
35741,2020-01-19 22:38:32,Better Offer,0
10163,2022-12-14 09:20:17,Performance,0
33391,2024-12-15 22:23:57,Better Offer,0
10375,2021-05-23 11:01:38,Better Offer,0
19616,2021-08-31 22:24:41,Higher Studies,0
22193,2020-01-26 14:00:45,Better Offer,0
17680,2022-01-19 10:41:59,Relocation,0
16345,2020-02-17 17:44:51,Relocation,0
24922,2021-04-06 12:10:17,Performance,0
28971,2022-10-14 17:58:30,Relocation,0
42119,2022-09-23 18:22:27,Performance,0
7796,2025-10-30 04:44:52,Higher Studies,0
14178,2021-08-15 16:44:53,Performance,0
30428,2022-11-18 19:02:04,Better Offer,1
22884,2020-05-17 20:19:27,Higher Studies,0
34695,2025-03-06 03:07:05,Relocation,0
15209,2021-06-16 04:30:09,Better Offer,0
2300,2022-12-29 04:31:00,Relocation,1
5125,2021-11-12 16:59:42,Relocation,0
13366,2024-09-25 19:55:16,Better Offer,0
11070,2023-10-16 12:58:35,Better Offer,1
17634,2024-12-04 22:35:50,Better Offer,0
21783,2025-02-17 03:45:14,Better Offer,0
38670,2021-01-20 01:54:54,Better Offer,0
17009,2024-11-03 04:43:09,Performance,1
24455,2023-02-06 19:05:27,Better Offer,1
30407,2023-02-26 12:29:46,Higher Studies,0
6847,2024-02-13 05:55:26,Better Offer,0
4424,2021-10-29 11:40:44,Better Offer,0
15074,2022-07-08 00:00:45,Better Offer,0
1430,2022-03-18 18:42:28,Relocation,0
4246,2025-03-13 04:09:47,Higher Studies,1
8278,2024-05-16 17:47:36,Better Offer,0
31661,2019-12-06 00:56:19,Relocation,0
13027,2024-11-09 22:18:09,Better Offer,0
79,2021-10-15 22:15:00,Better Offer,0
31870,2024-11-12 22:22:32,Better Offer,1
42676,2024-09-17 17:17:04,Personal,0
14093,2023-05-15 12:49:52,Better Offer,1
24082,2023-02-09 03:56:53,Personal,1
30439,2022-02-22 08:58:45,Higher Studies,0
12884,2021-07-27 08:08:33,Performance,1
35749,2023-03-03 16:41:42,Performance,0
27657,2019-08-23 11:12:52,Higher Studies,0
35142,2020-06-19 21:15:10,Higher Studies,1
15581,2022-03-16 16:01:39,Performance,0
30182,2021-04-22 19:48:38,Better Offer,1
33375,2021-05-27 03:42:35,Better Offer,0
1034,2020-05-17 18:46:28,Performance,1
17258,2024-02-22 14:15:21,Personal,0
23443,2020-04-25 07:15:09,Better Offer,0
28473,2021-03-04 06:02:24,Relocation,1
18594,2023-07-26 11:44:21,Performance,0
36977,2022-02-20 15:07:54,Better Offer,0
7083,2020-04-03 02:08:55,Relocation,0
30762,2025-09-23 15:56:07,Performance,1
8911,2022-05-10 03:42:25,Performance,0
19484,2023-05-02 11:59:36,Higher Studies,0
36507,2023-08-30 21:41:54,Performance,0
18823,2023-09-01 16:36:02,Better Offer,0
21479,2024-09-10 12:38:16,Better Offer,0
34249,2025-02-03 22:38:55,Relocation,0
3390,2023-05-10 21:28:07,Better Offer,0
23148,2021-12-29 12:17:17,Performance,0
13126,2024-12-21 04:14:53,Better Offer,0
25162,2025-01-19 11:34:33,Better Offer,1
12515,2024-11-30 20:34:39,Relocation,0
10871,2024-10-14 03:15:40,Better Offer,0
7019,2021-11-14 01:58:39,Better Offer,0
3969,2021-01-13 20:26:02,Relocation,1
7057,2023-01-02 07:51:37,Relocation,1
11985,2024-11-12 09:04:49,Higher Studies,0
20696,2022-03-03 19:45:36,Better Offer,0
19408,2025-05-06 12:41:25,Performance,0
24711,2024-02-14 04:28:44,Better Offer,0
15308,2019-08-18 20:23:10,Performance,0
39496,2022-11-07 12:57:18,Health,0
24348,2021-11-10 04:49:22,Higher Studies,0
41895,2023-03-26 23:45:28,Relocation,0
13965,2020-06-11 07:35:33,Performance,1
14335,2020-05-26 17:07:25,Better Offer,0
27028,2025-07-12 01:44:45,Better Offer,0
15611,2019-09-26 20:04:55,Personal,0
29154,2021-08-18 12:02:13,Better Offer,0
14652,2022-01-09 19:41:35,Better Offer,0
31126,2025-06-02 13:59:26,Higher Studies,0
12196,2021-01-07 23:12:13,Better Offer,0
83,2019-10-11 07:44:25,Personal,0
37602,2021-06-21 01:30:34,Better Offer,0
37608,2021-01-03 23:27:48,Health,1
35062,2022-10-24 17:36:59,Better Offer,0
37546,2022-12-25 19:24:23,Performance,0
4933,2022-09-08 08:56:14,Higher Studies,0
11593,2024-06-15 02:13:43,Health,0
34701,2020-03-17 04:32:38,Better Offer,0
17945,2025-04-10 08:46:00,Better Offer,0
8929,2021-12-05 08:04:28,Personal,0
39566,2022-09-02 07:19:34,Better Offer,1
240,2024-01-09 16:20:50,Performance,0
1924,2020-12-19 00:10:25,Relocation,0
18188,2020-06-23 07:56:24,Better Offer,0
8886,2019-08-15 19:14:16,Better Offer,0
35297,2025-08-04 21:06:29,Better Offer,0
30792,2024-02-14 16:48:52,Better Offer,1
29831,2025-06-18 12:23:15,Better Offer,0
30687,2024-05-28 20:11:55,Relocation,1
32820,2024-08-17 14:09:53,Better Offer,0
23316,2024-11-05 23:04:59,Better Offer,0
6020,2020-10-15 15:23:56,Better Offer,0
16108,2025-02-15 23:32:51,Better Offer,0
7885,2023-05-23 23:04:40,Better Offer,0
5285,2020-12-10 01:05:32,Better Offer,0
42116,2022-06-04 07:59:22,Better Offer,0
19989,2020-08-12 21:22:49,Better Offer,0
16101,2023-10-14 14:11:43,Better Offer,1
10194,2024-03-05 21:28:47,Better Offer,0
4147,2022-09-30 05:43:14,Better Offer,1
34178,2025-01-04 15:47:07,Better Offer,0
18773,2019-07-31 05:26:19,Higher Studies,0
31891,2024-03-26 12:23:51,Performance,0
13397,2020-04-27 01:05:52,Better Offer,1
36132,2021-11-15 05:08:12,Better Offer,0
13849,2023-10-02 19:06:42,Better Offer,0
3257,2021-10-15 02:41:10,Higher Studies,1
19473,2022-05-02 00:09:50,Health,0
15902,2023-06-24 02:52:27,Better Offer,0
39406,2025-08-19 22:59:10,Better Offer,0
30556,2025-10-11 12:37:31,Better Offer,0
18002,2020-12-30 00:23:34,Better Offer,0
5823,2022-01-28 22:48:06,Health,0
10917,2023-02-17 04:25:05,Better Offer,0
13198,2019-08-02 19:19:10,Better Offer,1
23721,2020-03-24 21:35:59,Better Offer,0
17781,2022-04-23 22:32:17,Better Offer,0
24531,2024-03-24 06:02:16,Personal,0
1674,2020-02-28 05:41:50,Performance,1
31121,2024-04-21 07:34:58,Higher Studies,0
16878,2020-03-28 13:51:51,Health,0
22620,2019-08-16 03:48:58,Performance,0
23929,2024-04-18 14:41:06,Higher Studies,0
22893,2024-05-31 11:19:36,Better Offer,1
8100,2024-12-25 09:02:08,Personal,0
39623,2020-06-12 15:04:54,Health,1
9777,2022-12-12 05:53:23,Performance,1
14182,2023-07-08 01:01:46,Health,0
37940,2024-04-08 05:39:53,Better Offer,0
21274,2020-02-26 22:30:03,Performance,0
15391,2023-10-15 18:38:17,Better Offer,0
34850,2024-12-05 22:15:02,Better Offer,0
2454,2025-01-16 23:27:45,Relocation,0
31389,2025-07-12 22:29:28,Performance,0
23740,2021-03-26 06:20:52,Better Offer,0
41549,2025-01-23 12:41:26,Performance,1
14421,2021-05-02 03:04:14,Higher Studies,0
6202,2020-02-18 07:43:28,Better Offer,1
38402,2025-03-20 15:30:32,Personal,0
31352,2023-08-24 04:57:37,Better Offer,1
39054,2025-08-03 10:53:04,Higher Studies,0
17357,2021-12-26 06:07:56,Higher Studies,0
4108,2021-02-13 20:46:02,Performance,1
36993,2021-02-02 20:57:38,Performance,0
26578,2025-07-18 10:09:05,Better Offer,1
22149,2020-02-27 22:06:03,Health,0
40182,2025-06-14 18:50:01,Relocation,0
25904,2025-08-14 22:58:15,Better Offer,0
26774,2022-11-04 11:57:14,Better Offer,0
28116,2025-05-17 15:40:36,Personal,0
7833,2024-10-31 15:11:12,Relocation,1
5773,2025-09-09 12:33:11,Better Offer,0
38061,2021-05-21 14:34:13,Better Offer,0
23875,2019-07-15 07:03:39,Better Offer,0
34723,2021-01-02 17:32:34,Better Offer,1
16535,2024-01-24 00:56:30,Relocation,0
16184,2023-12-28 19:41:16,Better Offer,1
33162,2019-07-27 23:31:45,Better Offer,1
21449,2023-06-05 17:35:30,Personal,1
15693,2020-04-10 23:48:35,Personal,0
35873,2021-09-28 23:58:50,Personal,0
7217,2022-03-06 11:20:36,Higher Studies,0
39830,2022-02-06 04:33:40,Relocation,0
20900,2020-04-22 11:32:27,Performance,0
38088,2023-10-21 02:12:09,Better Offer,0
2387,2023-03-03 10:40:11,Personal,0
21482,2020-03-13 05:39:04,Better Offer,0
4716,2022-09-05 08:24:55,Better Offer,0
32927,2020-10-29 09:06:26,Better Offer,0
25118,2024-06-24 18:34:19,Personal,0
27648,2020-01-15 10:41:36,Personal,0
42435,2025-01-08 16:04:59,Better Offer,0
32620,2023-03-17 02:51:16,Relocation,0
29166,2023-11-22 14:24:27,Health,0
33265,2023-01-25 18:20:35,Higher Studies,1
36442,2023-06-25 00:39:45,Better Offer,0
26843,2022-05-22 04:40:57,Higher Studies,1
32346,2021-06-14 19:46:02,Better Offer,0
18515,2024-10-29 02:42:54,Better Offer,0
19055,2022-03-10 06:08:57,Relocation,0
32419,2024-02-19 10:54:51,Performance,1
42939,2023-07-07 02:52:13,Performance,0
7403,2025-05-03 05:43:12,Performance,0
31919,2025-08-27 17:01:45,Higher Studies,0
29954,2025-10-17 22:01:26,Performance,0
37301,2020-08-13 04:39:19,Better Offer,0
40945,2021-11-16 12:27:08,Personal,0
32022,2022-10-14 17:35:09,Better Offer,0
29124,2023-05-24 07:30:28,Better Offer,0
43064,2021-02-15 21:18:45,Performance,0
40430,2020-12-24 08:32:51,Better Offer,0
31528,2025-03-07 10:40:13,Better Offer,0
38789,2025-04-08 12:07:13,Health,0
14437,2024-11-08 18:47:28,Performance,1
23518,2021-04-06 20:26:58,Personal,0
20642,2022-09-30 12:11:24,Performance,0
2040,2021-09-03 12:28:50,Health,0
29897,2024-01-26 13:35:28,Better Offer,0
40693,2021-05-11 09:24:42,Performance,0
23989,2024-04-18 07:13:40,Performance,0
18027,2021-05-05 16:51:29,Personal,1
5465,2025-02-28 20:18:48,Personal,0
14893,2025-09-10 15:58:15,Performance,0
27570,2020-07-12 11:13:51,Better Offer,0
9360,2021-09-22 05:49:34,Personal,1
13250,2020-12-21 20:34:30,Better Offer,0
42157,2022-02-03 11:37:17,Personal,0
41824,2025-09-07 16:04:08,Better Offer,0
15552,2020-01-31 01:05:37,Higher Studies,0
27666,2021-01-11 20:40:58,Personal,0
43202,2020-07-16 04:59:32,Higher Studies,0
11190,2021-11-20 05:28:30,Higher Studies,0
29813,2021-01-08 17:58:03,Higher Studies,0
21144,2020-01-12 00:12:07,Higher Studies,0
3513,2020-12-26 00:27:28,Higher Studies,1
23545,2024-09-12 01:54:53,Performance,0
16600,2022-08-04 23:26:02,Better Offer,0
42352,2020-02-22 04:05:43,Better Offer,0
1083,2020-02-11 20:59:29,Higher Studies,1
10066,2024-04-04 18:58:53,Performance,0
13944,2025-03-01 13:02:53,Higher Studies,0
19323,2021-10-31 13:54:30,Better Offer,0
15373,2021-07-28 15:03:54,Relocation,0
24741,2023-09-25 14:52:50,Better Offer,0
1897,2025-05-11 17:43:55,Higher Studies,0
15863,2024-05-26 09:16:07,Health,0
30966,2020-05-20 15:14:50,Performance,0
8580,2024-07-17 01:11:53,Better Offer,0
35470,2019-07-16 13:59:12,Health,0
4980,2020-05-14 09:17:57,Better Offer,1
41382,2025-01-07 18:03:27,Health,0
33102,2025-04-10 20:03:38,Better Offer,1
2170,2019-11-13 23:56:26,Performance,1
11653,2019-09-25 20:54:38,Relocation,0
21838,2020-02-18 04:53:19,Relocation,0
39509,2019-10-26 20:20:40,Better Offer,0
3463,2019-10-19 06:47:31,Better Offer,0
2177,2020-03-15 05:50:46,Better Offer,0
24521,2022-12-10 14:03:41,Performance,0
13591,2019-12-31 23:26:29,Better Offer,0
42021,2023-02-08 20:43:03,Better Offer,0
6696,2020-03-30 14:44:48,Relocation,1
27135,2019-11-08 08:42:39,Better Offer,0
13136,2024-01-28 01:29:12,Higher Studies,0
22814,2019-10-04 02:48:33,Health,0
25680,2020-03-14 03:28:48,Better Offer,0
1640,2024-11-20 13:24:28,Performance,0
34426,2022-12-25 11:19:58,Performance,0
29448,2019-09-03 11:13:24,Performance,0
9202,2020-04-21 05:51:29,Performance,1
32441,2024-03-20 15:28:50,Better Offer,0
23178,2025-02-07 23:08:27,Better Offer,0
23298,2025-02-14 04:35:56,Performance,1
14926,2024-03-02 06:41:12,Better Offer,1
24413,2023-05-30 00:38:41,Personal,0
28866,2023-07-24 01:56:45,Better Offer,1
3684,2021-07-31 21:18:17,Better Offer,0
30680,2021-03-14 02:40:50,Better Offer,0
14994,2023-03-09 10:06:48,Performance,0
20824,2021-08-23 21:36:07,Better Offer,0
21948,2021-03-02 19:45:05,Relocation,0
6677,2021-12-31 00:37:52,Better Offer,1
11663,2020-03-27 03:57:16,Better Offer,0
27839,2024-06-26 18:03:29,Performance,0
35656,2022-08-03 21:02:50,Better Offer,0
40292,2021-05-03 10:30:50,Higher Studies,0
28471,2023-08-07 16:08:01,Better Offer,0
18637,2025-06-24 23:01:36,Performance,0
21881,2019-07-20 04:07:35,Relocation,1
34239,2020-10-30 00:40:28,Performance,0
39717,2022-03-26 06:09:24,Better Offer,0
26125,2019-10-29 06:25:46,Performance,0
22585,2020-11-28 14:36:03,Performance,0
34004,2024-12-06 19:42:16,Better Offer,0
41937,2022-03-09 09:27:31,Better Offer,1
2358,2019-07-29 00:00:02,Performance,0
7280,2023-12-07 08:14:03,Health,0
35767,2024-04-22 19:07:22,Relocation,0
20291,2021-11-07 05:15:57,Higher Studies,1
34536,2023-09-01 21:18:44,Relocation,0
2584,2022-04-23 06:25:53,Better Offer,0
22541,2021-08-21 23:32:49,Better Offer,0
9023,2023-05-11 03:20:39,Relocation,1
21405,2024-05-19 13:56:40,Better Offer,0
15187,2021-08-16 18:57:40,Performance,0
24912,2020-12-14 11:56:29,Better Offer,0
39227,2022-11-14 17:22:15,Better Offer,0
4298,2021-10-03 05:16:16,Better Offer,1
4848,2024-06-10 09:08:06,Better Offer,1
16199,2025-05-04 16:33:11,Higher Studies,1
23735,2021-05-22 13:51:31,Performance,1
18472,2020-02-17 01:44:27,Better Offer,0
26622,2024-10-23 01:01:21,Better Offer,0
14751,2021-12-29 20:09:15,Better Offer,0
30910,2023-02-09 10:54:11,Better Offer,0
18576,2020-08-03 14:02:37,Higher Studies,0
41850,2022-03-26 12:06:41,Personal,1
19367,2022-07-05 08:24:41,Relocation,1
7228,2022-04-22 04:15:04,Relocation,0
29803,2020-11-21 10:32:00,Relocation,1
22480,2021-12-29 01:13:36,Better Offer,0
3177,2024-06-13 01:56:35,Health,0
31779,2024-03-30 13:59:09,Better Offer,1
31514,2019-08-21 00:06:18,Personal,0
34365,2023-07-01 21:18:08,Better Offer,0
21685,2021-10-24 11:00:37,Better Offer,1
14433,2022-05-29 15:47:26,Personal,0
14707,2024-08-22 18:27:54,Better Offer,1
14711,2021-05-28 06:57:06,Better Offer,1
28819,2025-02-11 17:17:17,Relocation,0
12831,2025-10-01 00:01:17,Performance,0
8907,2023-05-21 04:00:59,Relocation,0
34092,2020-12-22 10:24:12,Relocation,1
31537,2022-06-19 09:40:49,Performance,0
8885,2025-07-27 20:40:48,Performance,0
27107,2022-10-17 03:41:23,Better Offer,0
36281,2021-07-15 08:07:47,Better Offer,0
9367,2023-07-17 14:53:36,Better Offer,0
13885,2025-06-28 02:11:30,Better Offer,0
41708,2020-05-13 04:22:39,Relocation,0
19216,2020-03-26 20:34:05,Relocation,0
35933,2024-08-02 22:46:38,Better Offer,0
37302,2019-08-20 20:50:06,Higher Studies,0
18709,2025-09-01 00:10:17,Personal,0
9380,2022-08-11 06:15:38,Better Offer,0
29321,2025-02-14 05:13:38,Relocation,0
12397,2022-10-12 16:24:55,Performance,0
16494,2024-11-28 22:05:59,Better Offer,0
37035,2020-09-08 12:29:03,Personal,0
13331,2020-07-29 09:15:54,Performance,0
25720,2025-03-05 22:36:33,Relocation,0
14786,2022-11-17 10:59:39,Better Offer,0
33813,2025-08-07 23:44:02,Personal,1
2633,2023-09-30 22:47:44,Performance,0
12459,2021-03-28 12:00:53,Better Offer,1
28354,2024-03-27 13:12:04,Higher Studies,0
42920,2025-07-26 16:09:46,Higher Studies,0
2551,2022-02-24 00:17:31,Health,1
28181,2022-04-04 03:59:56,Personal,0
24814,2022-10-28 18:51:46,Relocation,0
6165,2021-12-10 23:37:18,Performance,0
27225,2024-06-01 15:54:30,Better Offer,0
37795,2023-09-17 23:21:47,Better Offer,0
37076,2021-03-26 19:19:48,Better Offer,0
17151,2020-09-29 08:48:08,Better Offer,0
16906,2024-12-10 00:03:02,Better Offer,1
15370,2024-04-22 22:31:01,Performance,0
26399,2021-10-19 04:20:13,Performance,0
33580,2024-04-21 16:54:11,Better Offer,0
39495,2023-02-23 23:37:38,Personal,0
38637,2019-12-03 12:44:36,Relocation,0
28293,2023-08-24 15:20:00,Personal,0
8253,2021-05-31 12:05:31,Better Offer,1
42281,2021-09-26 21:15:51,Performance,0
12331,2019-10-18 21:31:31,Better Offer,0
41164,2024-08-02 07:52:55,Relocation,1
3910,2022-05-23 05:34:52,Personal,0
24483,2024-12-01 16:15:52,Personal,0
41998,2021-02-28 17:19:04,Better Offer,0
7662,2021-03-25 03:46:53,Better Offer,0
4318,2020-05-17 10:27:52,Performance,0
41203,2020-01-19 01:09:15,Relocation,1
13495,2023-05-01 21:14:36,Personal,1
36861,2022-01-20 08:04:33,Better Offer,0
15685,2023-08-25 05:30:15,Better Offer,0
29732,2023-01-19 02:27:35,Better Offer,0
24955,2020-02-16 17:51:13,Relocation,0
36916,2024-10-28 01:06:27,Higher Studies,0
34559,2021-05-07 00:44:52,Higher Studies,0
34663,2021-12-26 22:43:22,Better Offer,0
5596,2025-01-11 19:09:34,Higher Studies,1
30041,2024-08-04 03:25:58,Performance,0
8065,2025-10-17 07:53:49,Performance,0
27930,2023-05-19 02:17:14,Health,0
5588,2023-08-21 12:30:53,Relocation,0
35023,2020-07-01 23:42:59,Performance,0
20374,2024-03-17 21:12:38,Health,0
35219,2024-08-18 11:15:22,Better Offer,1
4761,2020-05-05 11:00:15,Better Offer,0
8884,2020-02-14 00:52:40,Relocation,0
1904,2023-05-25 19:32:39,Better Offer,0
31477,2021-05-29 15:36:20,Relocation,0
35824,2024-08-17 11:12:23,Better Offer,0
40529,2021-02-05 19:07:33,Better Offer,0
27164,2020-12-07 20:02:29,Better Offer,0
25264,2023-05-31 08:43:11,Higher Studies,0
18240,2021-04-10 00:16:28,Better Offer,0
41762,2021-11-03 12:56:56,Better Offer,0
21661,2021-06-13 18:59:51,Better Offer,0
23328,2023-09-12 16:47:08,Better Offer,0
31861,2019-11-06 01:17:51,Relocation,0
39604,2025-05-07 04:52:53,Better Offer,0
29184,2025-08-08 03:46:15,Better Offer,0
6080,2023-12-02 17:06:58,Better Offer,0
15579,2021-10-13 07:15:19,Performance,0
22242,2019-07-16 12:37:14,Better Offer,0
40014,2023-05-28 06:57:16,Better Offer,0
13631,2020-02-19 02:32:04,Better Offer,0
33971,2025-01-16 17:23:25,Better Offer,0
3026,2020-09-15 22:37:04,Better Offer,0
17984,2020-08-03 15:58:02,Relocation,0
3739,2019-12-28 16:07:42,Better Offer,0
23161,2024-02-10 13:37:39,Performance,1
3855,2023-09-03 10:58:45,Health,0
29901,2021-10-06 10:17:10,Better Offer,0
19399,2022-06-26 21:26:28,Better Offer,1
14248,2022-07-27 08:51:46,Relocation,0
14793,2025-06-13 10:10:49,Relocation,1
42968,2020-07-21 03:19:18,Better Offer,1
19672,2021-04-11 22:52:55,Performance,0
22548,2024-12-13 13:28:09,Performance,0
6477,2022-05-17 18:35:26,Better Offer,0
2055,2025-09-09 06:41:41,Performance,1
23674,2023-04-24 09:34:31,Better Offer,0
20454,2020-07-05 04:05:55,Performance,0
29891,2023-04-28 13:22:39,Relocation,0
18906,2021-03-31 07:48:12,Better Offer,0
23703,2023-01-01 23:29:07,Better Offer,0
25944,2024-12-16 08:32:36,Performance,0
11855,2022-10-21 02:56:19,Higher Studies,1
17034,2022-09-12 08:05:50,Health,0
29003,2021-01-06 22:58:28,Relocation,0
37984,2020-11-05 09:36:14,Better Offer,1
20907,2020-11-05 14:45:55,Better Offer,1
16884,2023-12-27 13:27:10,Better Offer,0
8217,2025-02-27 22:13:59,Better Offer,0
15688,2020-05-29 01:24:31,Health,0
32388,2019-07-10 03:30:40,Higher Studies,0
17562,2019-10-07 21:38:58,Better Offer,0
17624,2024-11-18 11:30:14,Better Offer,0
30368,2022-03-06 05:47:50,Relocation,0
39934,2020-05-13 00:41:38,Performance,0
19032,2020-10-28 23:32:13,Performance,0
5789,2022-09-19 16:56:13,Personal,0
43082,2020-04-22 07:35:13,Performance,0
7951,2022-12-15 03:37:32,Better Offer,0
12928,2025-10-08 14:34:06,Better Offer,0
22328,2019-10-07 06:22:00,Better Offer,0
21483,2023-05-09 01:49:13,Higher Studies,0
3648,2022-05-21 08:22:30,Higher Studies,0
22968,2025-06-16 08:19:57,Relocation,0
7364,2025-07-20 12:12:35,Relocation,1
3499,2023-12-21 16:47:24,Better Offer,0
42277,2022-08-26 17:30:26,Better Offer,0
16115,2019-08-31 11:54:25,Better Offer,1
3569,2023-08-10 19:14:45,Performance,0
8947,2023-07-22 10:18:29,Relocation,0
29800,2020-12-03 04:54:39,Better Offer,0
21168,2020-02-24 10:14:12,Higher Studies,1
10559,2024-10-22 09:42:27,Better Offer,1
18747,2020-01-01 09:20:55,Personal,0
23776,2024-01-07 22:04:09,Higher Studies,0
41652,2021-11-19 18:51:45,Health,0
24312,2024-10-19 06:18:25,Relocation,0
32677,2025-10-26 02:38:50,Better Offer,0
31362,2025-05-11 04:16:13,Better Offer,0
20069,2023-12-20 15:29:01,Better Offer,0
25586,2022-06-10 16:26:30,Health,0
26581,2020-06-08 22:08:20,Better Offer,0
6835,2025-07-23 15:44:24,Better Offer,0
5654,2022-03-14 12:13:42,Better Offer,0
9548,2023-06-22 09:22:08,Performance,0
9169,2025-06-18 02:00:26,Better Offer,1
17097,2020-12-21 20:01:17,Personal,1
24372,2022-07-09 22:27:07,Better Offer,1
19646,2021-08-05 11:33:40,Health,0
36341,2025-01-06 14:01:40,Higher Studies,0
27943,2022-11-11 17:51:19,Performance,0
18360,2019-09-02 03:15:20,Better Offer,1
35261,2022-07-03 11:43:28,Performance,0
35760,2023-09-09 05:38:17,Health,1
14995,2019-11-11 01:35:09,Relocation,0
2800,2023-03-12 08:45:54,Higher Studies,0
16617,2023-11-24 06:23:17,Relocation,0
36319,2020-07-19 05:18:54,Relocation,1
28521,2024-03-16 17:21:51,Performance,0
40730,2020-12-10 06:16:39,Relocation,0
12300,2021-10-24 23:31:28,Relocation,1
33613,2024-12-31 20:04:45,Better Offer,0
10768,2021-03-26 08:09:57,Better Offer,0
21574,2024-05-16 04:19:48,Better Offer,0
15088,2021-11-17 06:34:09,Higher Studies,1
6248,2021-01-22 09:16:22,Better Offer,0
7588,2024-12-07 00:47:27,Higher Studies,1
7583,2022-10-25 07:37:46,Better Offer,1
39796,2020-07-12 22:29:55,Better Offer,0
41041,2021-12-29 10:16:48,Higher Studies,0
33666,2022-07-26 12:58:26,Performance,0
22256,2022-07-24 01:06:21,Personal,0
2471,2025-03-26 16:05:15,Better Offer,1
16767,2023-04-29 16:26:16,Higher Studies,1
6273,2024-02-18 00:20:19,Better Offer,1
22594,2023-09-06 06:08:23,Better Offer,0
34430,2022-04-19 04:49:05,Performance,0
11553,2020-08-12 22:00:00,Better Offer,0
26682,2024-02-19 18:12:20,Better Offer,1
17791,2022-01-20 09:32:03,Performance,0
6209,2021-01-08 05:00:59,Personal,0
25389,2025-08-14 02:11:35,Better Offer,0
37829,2025-07-08 03:27:41,Performance,0
4126,2023-09-01 12:58:33,Personal,0
36343,2019-10-13 12:31:15,Better Offer,0
14280,2024-10-25 17:02:48,Relocation,0
38276,2021-10-08 13:10:13,Better Offer,0
34794,2025-04-14 04:29:45,Better Offer,0
19839,2024-02-15 10:35:07,Better Offer,0
28594,2024-11-13 11:02:00,Better Offer,0
18161,2023-06-28 05:00:52,Relocation,0
18234,2020-04-23 08:00:59,Relocation,0
28886,2024-01-10 19:12:26,Better Offer,0
41825,2025-03-06 11:28:13,Personal,0
28853,2019-10-28 16:56:56,Better Offer,0
32308,2022-03-13 00:02:37,Better Offer,0
39015,2022-08-24 13:43:20,Higher Studies,0
33525,2023-12-14 01:07:51,Performance,0
5941,2022-11-09 14:04:46,Better Offer,0
19434,2023-02-26 05:17:10,Better Offer,0
21812,2024-11-17 07:37:11,Personal,0
7166,2019-10-08 10:00:12,Performance,0
25487,2022-12-16 05:03:15,Performance,0
21504,2024-08-16 03:15:09,Better Offer,1
13079,2020-09-15 03:43:27,Health,0
11693,2023-06-30 14:33:29,Relocation,0
28440,2021-03-28 11:23:15,Higher Studies,1
18874,2022-07-02 16:56:57,Higher Studies,0
19104,2022-07-10 10:43:16,Personal,0
41608,2021-10-27 07:21:37,Better Offer,0
35752,2019-10-06 02:52:27,Relocation,1
25710,2020-07-03 00:13:47,Higher Studies,0
20209,2020-12-14 10:27:47,Better Offer,0
26650,2025-02-15 08:34:58,Health,0
40218,2022-02-03 16:35:19,Better Offer,0
24879,2022-12-21 09:24:15,Better Offer,1
40113,2022-08-19 08:00:56,Performance,0
29963,2019-07-13 09:38:17,Better Offer,1
40316,2019-12-24 22:41:21,Relocation,0
17513,2020-03-26 21:33:39,Relocation,0
19363,2022-09-08 15:03:07,Higher Studies,0
3377,2024-06-28 09:08:40,Better Offer,0
2657,2020-08-04 14:35:33,Performance,0
32745,2024-02-03 05:08:11,Performance,0
31395,2022-10-23 12:39:37,Better Offer,0
17976,2022-10-07 13:45:49,Better Offer,0
24650,2025-02-05 20:07:22,Better Offer,1
40175,2019-11-08 06:57:14,Performance,1
29174,2024-01-07 14:00:35,Better Offer,1
7654,2020-03-27 20:32:53,Better Offer,0
13484,2024-04-10 22:11:09,Performance,0
36315,2020-07-04 06:41:14,Higher Studies,0
23331,2020-01-17 05:36:09,Better Offer,0
9168,2021-11-05 05:21:10,Better Offer,0
39104,2024-02-07 15:06:48,Better Offer,0
27343,2019-08-01 05:37:14,Performance,0
41629,2024-06-01 22:55:44,Better Offer,1
10079,2025-06-13 23:40:44,Better Offer,1
30697,2023-03-12 17:12:43,Higher Studies,0
18701,2023-11-05 15:54:44,Health,0
21141,2019-10-07 18:25:42,Better Offer,1
7650,2022-08-18 01:04:25,Better Offer,0
19007,2021-10-24 11:10:45,Better Offer,1
35894,2022-10-24 17:41:10,Personal,0
31422,2020-02-08 19:53:20,Performance,0
31419,2019-10-13 02:10:39,Better Offer,0
6054,2023-06-09 10:00:58,Better Offer,0
28144,2021-12-07 14:30:19,Health,0
10892,2022-02-22 03:49:55,Better Offer,0
1226,2023-10-20 09:36:03,Relocation,0
18255,2023-03-26 05:37:11,Performance,0
8039,2023-08-09 19:52:27,Better Offer,0
14236,2020-12-17 03:48:12,Higher Studies,0
41893,2025-09-09 19:19:04,Relocation,0
30685,2024-07-04 14:49:29,Performance,1
9284,2024-07-24 22:56:48,Personal,0
679,2024-01-05 15:27:57,Personal,0
13123,2022-11-17 12:50:34,Relocation,1
39272,2024-05-21 20:39:19,Personal,0
39460,2020-07-03 05:34:19,Relocation,0
12440,2025-06-28 07:52:33,Better Offer,0
15996,2020-02-02 23:42:52,Personal,1
18282,2021-09-05 16:09:40,Health,0
12512,2019-09-30 03:35:28,Performance,0
30581,2021-04-16 00:50:28,Personal,0
30897,2025-03-06 16:26:01,Better Offer,0
5717,2024-09-13 07:14:17,Better Offer,0
32310,2020-05-02 09:22:37,Relocation,0
27846,2025-01-28 14:40:40,Better Offer,1
17461,2020-01-17 21:54:16,Relocation,0
12355,2020-07-14 18:50:24,Better Offer,0
20634,2020-04-09 02:17:01,Better Offer,0
18155,2022-02-16 09:23:59,Health,0
39487,2021-12-22 13:10:17,Relocation,0
27093,2019-12-11 21:12:30,Better Offer,0
20599,2022-12-01 00:55:28,Performance,1
20171,2021-05-11 04:04:05,Relocation,0
37617,2021-03-12 03:11:59,Personal,0
29386,2025-06-30 22:20:11,Higher Studies,0
38038,2022-03-31 02:25:25,Better Offer,1
34248,2025-03-22 19:34:12,Better Offer,0
6177,2025-03-28 16:17:39,Better Offer,1
42063,2024-11-30 18:40:08,Better Offer,0
12795,2022-08-27 10:10:45,Better Offer,0
2053,2024-08-03 08:09:17,Higher Studies,1
1239,2021-03-18 06:44:15,Performance,0
4341,2021-05-07 10:34:58,Better Offer,0
10436,2020-06-20 16:58:11,Performance,1
37216,2024-12-28 14:56:38,Health,0
9775,2025-01-23 05:54:42,Health,1
41952,2022-06-11 14:52:54,Better Offer,0
3449,2023-11-03 02:13:14,Better Offer,0
17671,2019-10-06 09:44:15,Better Offer,0
5103,2022-11-08 06:49:25,Personal,0
21930,2025-05-15 04:39:34,Performance,0
9427,2019-10-20 20:33:27,Relocation,1
41305,2024-07-03 00:07:51,Better Offer,0
21891,2024-08-26 19:09:24,Better Offer,0
42233,2024-12-13 06:15:43,Relocation,0
3991,2023-06-12 03:00:56,Higher Studies,0
38059,2024-08-15 06:17:43,Performance,0
28678,2024-09-02 15:11:19,Better Offer,1
12134,2019-11-25 09:24:53,Performance,0
27715,2023-05-03 13:14:17,Higher Studies,0
2391,2023-10-12 05:57:06,Higher Studies,0
39164,2021-06-13 23:30:16,Personal,0
4487,2019-09-25 15:28:52,Relocation,1
20178,2023-05-07 07:23:43,Relocation,1
18703,2021-11-10 04:34:59,Performance,0
33355,2024-09-10 16:12:32,Better Offer,1
35602,2021-12-30 01:06:31,Personal,0
24664,2022-05-25 05:58:35,Higher Studies,0
5988,2020-03-02 01:44:19,Better Offer,1
3604,2025-06-26 09:16:37,Performance,1
30151,2023-04-11 20:21:30,Better Offer,0
8533,2020-01-26 13:36:20,Health,0
6493,2019-07-28 23:11:19,Better Offer,0
20420,2021-11-18 16:38:14,Higher Studies,0
24762,2020-12-11 09:06:41,Better Offer,0
362,2022-09-27 12:58:38,Relocation,0
34967,2021-10-07 11:53:11,Higher Studies,0
40778,2019-09-10 13:22:21,Better Offer,0
39135,2024-09-19 18:30:04,Performance,0
27506,2022-02-19 17:25:02,Personal,1
17308,2020-03-07 23:08:43,Personal,0
13456,2020-09-17 07:30:21,Higher Studies,0
21869,2023-04-27 04:04:13,Better Offer,0
43071,2021-05-13 21:57:42,Better Offer,1
1252,2021-04-30 10:22:33,Better Offer,0
40114,2022-04-27 13:02:12,Personal,0
39043,2023-02-03 11:53:18,Better Offer,0
29319,2021-06-02 22:34:24,Performance,1
11581,2023-12-25 01:23:54,Better Offer,0
15485,2023-02-01 23:35:12,Higher Studies,0
36021,2020-03-04 22:49:32,Relocation,0
14342,2022-06-28 06:30:29,Better Offer,1
26797,2025-06-18 21:57:42,Higher Studies,0
38216,2024-08-29 16:13:17,Better Offer,0
18061,2021-06-19 23:25:49,Relocation,0
32219,2023-11-15 20:55:32,Better Offer,0
9713,2020-11-15 00:13:12,Better Offer,1
21350,2020-05-08 17:05:03,Better Offer,0
15993,2022-09-12 03:59:39,Health,0
4864,2024-03-23 06:24:18,Personal,0
23578,2024-09-05 00:04:54,Relocation,1
24272,2020-07-19 07:12:20,Relocation,0
29013,2024-08-22 02:53:23,Relocation,0
9600,2025-01-26 11:47:15,Health,1
17150,2020-01-10 02:39:07,Higher Studies,0
24304,2022-04-10 04:27:17,Better Offer,0
36926,2023-03-16 18:10:17,Higher Studies,0
32154,2020-03-09 21:19:17,Personal,1
5288,2025-07-15 07:35:37,Better Offer,0
31989,2025-06-22 06:34:01,Better Offer,1
10741,2022-02-23 15:09:11,Better Offer,0
16769,2025-06-13 06:53:18,Better Offer,0
39969,2022-11-28 00:57:01,Relocation,1
12545,2022-10-02 07:50:07,Personal,0
1473,2021-08-11 22:17:29,Personal,0
19440,2021-03-22 15:53:18,Better Offer,0
11862,2023-06-15 05:40:14,Relocation,0
19165,2021-11-10 05:52:45,Better Offer,1
17978,2024-04-10 08:34:41,Personal,0
41102,2023-02-16 16:53:15,Higher Studies,0
25524,2021-02-02 21:12:41,Relocation,0
35848,2021-04-06 13:32:34,Higher Studies,0
12015,2022-02-21 03:08:06,Better Offer,0
3259,2019-12-12 02:52:49,Relocation,1
15226,2024-06-04 12:24:46,Better Offer,0
41665,2024-12-10 21:26:55,Higher Studies,0
8993,2025-07-10 23:30:31,Better Offer,0
22000,2023-10-11 21:46:25,Higher Studies,1
10159,2024-05-04 08:25:57,Better Offer,0
25949,2025-09-06 09:54:56,Higher Studies,0
12836,2022-01-02 10:59:44,Relocation,0
6304,2019-07-06 17:28:17,Performance,0
15030,2020-06-15 12:48:47,Better Offer,0
1611,2023-07-13 16:30:49,Higher Studies,0
5650,2023-08-30 00:20:04,Better Offer,0
41306,2023-10-14 00:20:31,Relocation,1
22384,2021-02-12 02:35:55,Relocation,0
39977,2025-08-11 22:45:01,Personal,1
27626,2024-11-02 07:25:01,Better Offer,0
19131,2022-04-05 05:47:27,Better Offer,0
11402,2022-01-07 14:29:19,Higher Studies,0
26990,2021-03-12 20:48:01,Better Offer,0
38279,2022-02-08 22:57:47,Personal,0
28002,2024-08-03 19:56:45,Better Offer,1
16241,2024-02-25 07:25:53,Better Offer,0
11509,2019-11-22 05:25:59,Relocation,1
40718,2024-06-02 01:30:09,Better Offer,0
19637,2020-12-22 16:08:23,Performance,1
29245,2023-07-08 21:10:07,Relocation,0
17612,2022-11-08 22:49:53,Performance,0
16485,2020-03-20 15:05:13,Performance,0
13064,2022-04-17 15:58:19,Performance,0
27952,2022-01-29 23:28:06,Higher Studies,0
19036,2020-05-07 19:43:40,Better Offer,0
1892,2025-03-03 19:15:22,Higher Studies,0
2404,2019-11-11 12:14:10,Better Offer,0
22826,2021-07-18 14:01:42,Better Offer,0
22783,2019-10-23 16:27:04,Better Offer,0
18210,2025-03-05 05:58:26,Personal,0
24121,2021-07-19 09:55:44,Better Offer,0
33990,2020-12-28 18:05:25,Performance,0
1616,2024-07-14 05:27:38,Better Offer,0
15033,2020-08-09 00:57:00,Better Offer,0
18110,2023-06-21 01:54:00,Performance,0
19353,2023-08-25 10:48:28,Performance,1
17667,2024-05-10 14:29:15,Better Offer,0
26101,2023-09-20 11:16:05,Better Offer,0
20400,2025-08-23 00:57:35,Higher Studies,0
15664,2022-05-13 14:46:52,Higher Studies,0
27504,2021-04-15 23:08:07,Relocation,0
13838,2021-09-16 12:59:49,Higher Studies,1
4197,2024-08-08 19:41:37,Better Offer,0
19382,2023-07-20 03:16:18,Health,1
3644,2021-01-18 02:57:14,Better Offer,0
22176,2021-01-11 05:03:54,Personal,0
28933,2023-01-15 07:23:56,Better Offer,1
9510,2023-02-19 12:44:49,Relocation,0
33026,2020-01-22 21:28:05,Performance,0
30218,2019-08-05 23:10:22,Performance,0
28876,2023-10-15 13:23:58,Better Offer,0
16271,2020-02-09 23:27:02,Relocation,1
30872,2019-10-19 06:31:42,Better Offer,0
12365,2020-07-27 05:14:06,Better Offer,0
33229,2025-07-13 18:33:37,Better Offer,0
30015,2021-12-22 21:26:20,Better Offer,0
22731,2023-12-11 11:51:41,Health,0
31915,2024-12-21 17:25:19,Better Offer,0
40181,2024-09-30 17:31:58,Performance,0
10606,2024-07-20 05:25:12,Personal,0
10187,2021-09-09 09:34:00,Performance,0
34845,2024-01-27 16:36:10,Higher Studies,0
3875,2019-09-13 05:22:49,Personal,0
13378,2020-09-26 02:19:28,Better Offer,1
7120,2025-03-27 05:44:30,Performance,0
92,2023-07-18 12:22:18,Personal,0
15383,2021-11-07 21:15:47,Relocation,0
42644,2022-04-25 04:57:57,Better Offer,0
16609,2022-08-24 01:02:13,Personal,1
21852,2025-02-15 15:11:53,Better Offer,0
22550,2025-06-16 09:25:28,Better Offer,1
17457,2021-05-16 22:26:09,Personal,1
24206,2020-11-15 21:06:13,Performance,1
25057,2021-07-25 07:08:57,Better Offer,0
2323,2021-05-16 01:36:00,Higher Studies,0
17091,2023-12-21 20:56:19,Better Offer,1
15219,2025-08-23 11:50:54,Higher Studies,0
17636,2023-12-11 02:58:17,Better Offer,0
38454,2020-09-16 18:09:51,Higher Studies,0
27721,2025-01-29 06:35:45,Performance,1
18534,2025-05-20 12:25:58,Performance,1
18518,2025-01-25 20:20:34,Better Offer,0
29256,2024-05-17 19:19:09,Higher Studies,0
26861,2025-06-15 23:02:07,Health,0
3190,2022-11-14 00:32:37,Higher Studies,0
29470,2025-09-22 12:39:07,Better Offer,0
42900,2024-07-03 09:45:27,Personal,0
5020,2025-08-30 00:46:52,Higher Studies,0
8353,2025-02-02 03:18:15,Relocation,1
22877,2023-06-04 19:31:57,Better Offer,0
11931,2024-09-26 15:04:00,Better Offer,1
31854,2025-08-26 16:54:56,Higher Studies,0
37451,2022-02-26 08:19:14,Relocation,0
3408,2023-05-18 17:53:32,Better Offer,0
22342,2024-08-28 18:37:11,Better Offer,0
1282,2021-12-30 08:00:09,Relocation,0
19530,2023-11-13 16:07:04,Health,0
25315,2022-08-13 18:34:55,Performance,0
42162,2020-04-17 12:51:09,Better Offer,1
29724,2021-07-24 01:10:18,Higher Studies,1
21766,2019-08-13 15:52:45,Better Offer,0
7323,2022-05-29 04:14:30,Better Offer,0
42861,2021-05-13 11:14:16,Performance,1
30194,2020-09-02 20:22:10,Better Offer,0
8960,2023-05-18 15:15:24,Performance,0
20280,2024-11-02 07:12:22,Personal,1
1063,2021-11-04 05:51:57,Performance,0
37703,2023-11-06 10:10:16,Performance,0
37877,2025-08-23 04:56:50,Better Offer,0
28642,2023-11-18 05:25:40,Personal,0
12220,2022-09-20 02:53:50,Performance,0
41859,2023-10-23 10:13:09,Personal,0
38086,2022-01-26 03:03:46,Personal,0
472,2024-02-09 00:37:17,Better Offer,0
6455,2021-05-30 02:55:18,Performance,0
35264,2020-01-10 02:22:19,Relocation,0
16011,2024-01-29 11:43:26,Better Offer,0
38192,2023-06-23 14:26:39,Performance,1
30982,2023-03-19 02:33:42,Performance,0
3287,2023-06-20 04:22:01,Better Offer,0
22014,2021-02-07 16:24:43,Performance,0
40217,2025-07-20 10:29:37,Performance,0
29259,2023-10-07 01:10:56,Better Offer,1
27004,2024-02-12 18:43:54,Health,1
31906,2025-10-10 03:19:19,Better Offer,0
14750,2020-07-25 13:13:44,Health,0
40299,2025-07-31 10:04:05,Performance,1
38799,2022-04-06 08:50:24,Better Offer,0
20946,2023-08-15 05:59:12,Performance,0
11802,2025-04-12 02:22:31,Performance,0
10105,2019-11-29 02:01:16,Personal,0
43090,2021-07-16 06:04:03,Personal,0
7293,2022-01-13 02:11:43,Personal,1
2932,2023-01-15 11:35:05,Personal,0
33042,2023-10-25 03:31:37,Health,0
205,2020-12-06 11:10:29,Higher Studies,0
15728,2021-09-06 21:55:22,Better Offer,0
26116,2022-01-26 02:22:04,Better Offer,1
14234,2021-02-19 03:35:05,Personal,0
19395,2024-10-17 21:37:54,Personal,0
20620,2021-09-19 21:33:27,Higher Studies,0
38155,2023-08-02 21:42:14,Health,0
7683,2019-09-25 08:04:21,Higher Studies,0
3488,2023-11-05 15:32:21,Better Offer,1
6027,2022-03-21 10:33:41,Better Offer,0
42285,2024-05-24 08:27:50,Relocation,0
41473,2024-02-28 03:10:29,Better Offer,0
1720,2024-02-25 10:16:28,Better Offer,0
9408,2024-07-09 19:35:24,Relocation,1
2699,2024-07-09 18:41:24,Better Offer,0
38125,2022-03-03 13:26:34,Better Offer,0
30695,2022-07-01 02:38:12,Performance,0
20918,2021-09-27 10:10:52,Better Offer,0
8736,2022-10-23 04:12:15,Performance,0
37274,2022-06-03 13:55:07,Health,1
6306,2021-01-28 16:00:54,Relocation,0
27042,2020-10-04 01:15:54,Personal,1
3816,2022-09-06 06:33:29,Relocation,1
28129,2019-09-08 13:52:35,Higher Studies,1
23778,2022-09-18 12:32:07,Performance,0
10258,2020-05-18 22:40:22,Better Offer,0
773,2020-11-29 20:55:41,Performance,0
36003,2019-08-15 04:29:55,Relocation,0
17498,2022-03-13 07:05:27,Relocation,1
35492,2024-06-03 19:11:14,Better Offer,0
22545,2020-01-26 06:49:35,Better Offer,0
38621,2020-06-07 14:26:21,Better Offer,0
20495,2020-02-24 20:27:26,Better Offer,1
34136,2020-03-13 09:39:12,Relocation,0
4545,2020-06-13 05:21:17,Higher Studies,0
32851,2021-10-15 21:30:12,Better Offer,0
17134,2021-03-11 14:16:55,Better Offer,0
35156,2023-11-11 03:48:33,Better Offer,0
5167,2024-01-25 01:11:24,Better Offer,1
34193,2023-12-18 22:05:07,Personal,0
29270,2024-05-29 15:50:14,Better Offer,0
26406,2025-08-09 13:37:50,Performance,0
17090,2021-06-18 09:32:09,Performance,1
16786,2023-03-21 20:36:09,Health,0
14166,2019-12-23 00:57:34,Health,1
2225,2024-07-10 16:40:31,Better Offer,1
35989,2022-07-21 14:00:48,Better Offer,0
24499,2023-03-15 11:14:17,Better Offer,1
4661,2019-07-30 04:29:38,Performance,0
32885,2022-03-12 06:07:57,Better Offer,0
41861,2024-03-06 17:07:17,Personal,0
30231,2023-10-09 11:37:20,Personal,0
6412,2025-09-09 04:49:33,Better Offer,0
42874,2022-12-17 05:20:29,Performance,1
38516,2025-08-08 17:00:39,Personal,0
32202,2024-02-21 00:29:21,Personal,0
40221,2024-04-23 22:16:50,Better Offer,0
6490,2019-08-19 04:46:51,Higher Studies,0
22571,2019-07-17 21:25:04,Better Offer,0
10984,2022-06-28 01:37:54,Personal,0
28618,2020-01-27 03:10:15,Health,0
42706,2022-08-23 19:31:47,Better Offer,0
20338,2019-12-07 13:13:11,Better Offer,0
19169,2020-03-17 12:19:25,Better Offer,0
40064,2021-08-30 08:16:51,Better Offer,0
23868,2025-04-02 03:29:05,Performance,1
34087,2025-08-11 16:27:26,Better Offer,0
15121,2025-05-30 20:54:32,Relocation,0
42762,2021-07-06 11:06:51,Better Offer,0
37645,2021-01-24 13:11:48,Performance,0
34510,2024-01-23 09:47:15,Higher Studies,0
32051,2021-03-02 10:17:38,Performance,0
5800,2022-07-04 20:16:51,Higher Studies,1
31350,2023-02-19 21:46:53,Better Offer,0
37211,2020-11-11 16:22:05,Performance,0
20425,2020-11-26 18:20:26,Performance,1
23153,2022-05-30 15:01:11,Performance,0
6481,2021-10-20 18:29:45,Better Offer,0
29074,2022-06-23 02:53:02,Better Offer,0
30391,2023-04-07 07:58:17,Better Offer,0
43018,2024-08-31 03:18:30,Better Offer,1
31014,2023-04-09 17:07:19,Better Offer,0
30560,2021-07-08 08:20:52,Better Offer,0
505,2023-07-09 00:49:34,Better Offer,0
33075,2021-01-03 11:10:56,Relocation,0
7964,2022-02-14 06:11:00,Better Offer,0
5844,2019-09-08 02:27:46,Performance,0
34194,2022-02-25 03:58:49,Better Offer,0
27229,2025-02-16 21:03:51,Better Offer,0
17027,2021-01-08 06:07:06,Relocation,0
6839,2025-02-09 21:38:58,Better Offer,0
34580,2019-12-19 18:42:44,Better Offer,0
27859,2022-10-24 10:44:14,Relocation,0
6667,2023-03-20 09:34:45,Health,0
20190,2023-02-08 21:12:36,Better Offer,1
37326,2021-06-07 08:02:01,Better Offer,0
1544,2021-11-24 15:36:05,Personal,0
34740,2019-10-22 02:14:17,Better Offer,0
20386,2024-03-05 03:55:25,Relocation,0
21177,2019-09-19 02:14:53,Health,0
34150,2022-10-20 20:22:11,Personal,0
31850,2023-12-14 15:19:04,Performance,0
1693,2025-10-19 05:06:55,Better Offer,0
24325,2021-04-05 03:56:16,Better Offer,0
40360,2024-03-20 14:47:23,Higher Studies,0
25262,2022-04-01 23:02:54,Health,0
17947,2020-07-04 10:13:53,Health,0
36052,2020-02-03 13:40:02,Better Offer,0
42523,2025-09-13 11:25:36,Health,0
36972,2021-09-17 18:42:06,Relocation,0
15815,2024-11-23 09:16:24,Better Offer,0
38491,2021-08-07 17:20:43,Performance,0
42734,2025-04-30 04:25:41,Better Offer,1
28019,2024-10-18 23:37:14,Better Offer,0
36837,2024-08-31 00:50:33,Higher Studies,1
20493,2024-01-18 12:53:46,Better Offer,1
538,2021-12-08 21:47:01,Better Offer,0
31993,2023-08-12 08:21:30,Better Offer,0
7304,2024-06-15 04:34:16,Better Offer,1
10993,2024-05-22 04:11:52,Better Offer,0
14755,2023-01-28 11:10:16,Better Offer,0
41231,2020-08-07 02:12:52,Better Offer,0
23746,2022-05-05 16:57:10,Better Offer,0
4744,2020-07-24 12:53:02,Better Offer,1
27357,2021-03-18 14:05:15,Performance,0
36505,2025-09-23 07:15:48,Personal,0
25749,2023-07-06 11:33:24,Health,0
22786,2022-08-15 21:05:30,Higher Studies,0
16846,2023-04-01 19:12:50,Better Offer,0
4390,2021-08-16 21:35:50,Performance,0
9369,2021-01-24 13:46:26,Higher Studies,0
41228,2024-12-24 11:05:37,Personal,0
35805,2022-11-20 06:22:27,Better Offer,1
21198,2025-03-12 07:45:39,Better Offer,0
19617,2023-03-14 16:05:00,Better Offer,0
30757,2025-06-06 10:26:13,Personal,0
7985,2023-03-07 06:57:22,Better Offer,0
6026,2022-01-02 07:54:24,Relocation,0
38639,2020-01-17 11:16:41,Better Offer,0
18032,2023-01-07 16:00:32,Relocation,1
33646,2019-08-26 14:55:26,Personal,0
34205,2025-08-05 12:58:32,Relocation,1
28074,2022-05-26 16:17:08,Health,0
14795,2025-04-13 19:18:40,Relocation,0
11681,2022-08-02 09:52:06,Better Offer,1
1302,2020-05-15 11:22:16,Better Offer,0
20889,2020-01-28 14:20:12,Relocation,0
26925,2025-03-17 23:24:59,Better Offer,0
28270,2022-11-11 12:31:48,Higher Studies,0
5563,2024-11-28 17:32:34,Personal,0
39064,2020-06-23 15:25:41,Relocation,1
39792,2022-03-26 12:41:06,Personal,0
25956,2022-04-03 06:58:20,Performance,0
17255,2019-11-11 11:39:09,Performance,1
38337,2019-07-15 10:05:29,Performance,0
37047,2025-01-27 05:17:21,Performance,0
36026,2025-02-05 09:01:33,Relocation,0
15204,2025-08-21 06:44:08,Performance,0
7101,2025-06-02 04:33:07,Personal,0
33642,2023-02-13 06:19:52,Relocation,1
9163,2020-06-11 15:21:07,Better Offer,0
6811,2021-05-14 00:14:44,Relocation,0
28300,2020-12-31 12:28:17,Better Offer,0
1159,2022-10-14 22:48:22,Health,0
21059,2020-07-04 21:06:15,Better Offer,1
30746,2021-04-23 01:17:32,Performance,0
21294,2020-08-06 08:42:34,Performance,0
25761,2024-08-26 02:33:10,Relocation,0
13374,2020-01-26 00:17:43,Better Offer,1
31378,2020-02-06 17:41:10,Performance,1
32311,2022-07-25 01:47:13,Better Offer,0
2278,2024-10-10 06:53:03,Performance,0
25295,2024-03-01 12:53:01,Higher Studies,0
20655,2022-11-10 00:52:45,Higher Studies,0
43195,2019-07-24 14:04:46,Health,1
41948,2023-05-15 11:06:21,Relocation,0
36380,2024-01-22 11:32:04,Personal,0
16407,2020-05-16 02:35:13,Performance,0
17825,2022-04-05 17:43:07,Relocation,1
18719,2021-02-14 07:32:22,Relocation,0
9813,2022-01-30 14:46:22,Higher Studies,0
16394,2022-05-19 00:36:17,Personal,0
37173,2023-04-18 02:50:49,Performance,0
14046,2022-06-09 09:44:24,Better Offer,0
27974,2024-09-11 12:18:55,Personal,1
26850,2022-01-11 16:21:35,Better Offer,1
31355,2019-08-21 17:53:04,Better Offer,0
31985,2024-07-25 18:44:50,Relocation,0
6510,2020-12-04 18:27:39,Better Offer,1
13871,2021-01-15 13:48:55,Performance,0
26646,2024-10-11 16:43:47,Better Offer,0
40638,2024-03-03 01:47:41,Performance,0
34387,2025-06-21 04:45:33,Performance,0
35328,2021-10-27 19:32:42,Relocation,0
27555,2022-08-28 21:48:01,Better Offer,0
17549,2023-11-24 09:27:34,Relocation,0
4799,2020-05-31 03:32:59,Relocation,0
32502,2022-07-21 21:22:18,Performance,0
423,2020-11-21 13:30:27,Better Offer,0
41483,2023-07-11 22:42:16,Performance,0
13657,2025-07-16 20:33:44,Personal,0
3711,2023-12-15 13:43:12,Better Offer,0
11900,2020-11-29 20:48:05,Performance,0
39600,2023-09-03 05:23:38,Personal,0
24868,2020-02-22 12:07:28,Personal,1
42535,2019-09-14 06:00:38,Higher Studies,1
30739,2023-09-01 04:11:18,Better Offer,0
20417,2023-03-26 08:43:09,Better Offer,1
6169,2024-05-07 18:40:07,Personal,0
20970,2024-02-07 00:51:49,Performance,0
11097,2020-06-16 05:23:59,Better Offer,0
34052,2021-09-01 10:32:10,Higher Studies,0
2475,2020-09-13 10:40:34,Higher Studies,0
11996,2023-11-18 21:58:29,Personal,1
27231,2023-07-04 21:03:50,Better Offer,0
7040,2021-08-23 20:24:09,Better Offer,0
10653,2024-09-03 22:30:03,Better Offer,0
17994,2023-06-07 22:53:24,Performance,1
32721,2025-02-12 09:45:13,Better Offer,0
8567,2022-02-20 21:41:48,Higher Studies,0
5554,2021-09-26 14:18:41,Performance,1
21572,2019-09-30 00:38:39,Better Offer,0
30435,2025-02-09 10:47:59,Better Offer,0
18858,2021-12-05 23:03:54,Better Offer,1
43086,2021-07-25 13:28:29,Performance,0
32593,2022-12-02 23:01:12,Relocation,0
10117,2023-03-08 09:07:14,Health,1
7087,2020-09-18 08:29:12,Better Offer,0
33850,2019-09-22 05:54:50,Better Offer,0
41335,2025-02-14 00:07:32,Personal,0
27260,2021-11-19 09:42:06,Better Offer,1
27799,2025-05-23 13:16:20,Personal,0
17617,2024-07-27 19:19:43,Relocation,1
12313,2020-04-19 20:42:45,Relocation,0
32668,2022-09-25 13:23:01,Personal,0
14646,2022-09-15 14:23:31,Better Offer,0
23643,2023-12-03 21:37:49,Performance,0
25871,2020-03-26 22:24:18,Better Offer,0
33399,2022-06-10 10:15:52,Performance,0
11284,2020-06-26 21:38:59,Health,1
25650,2020-12-19 14:04:42,Performance,1
23719,2024-03-14 15:39:55,Relocation,1
9413,2024-07-29 20:12:07,Performance,0
23261,2023-09-25 23:34:22,Better Offer,0
5455,2021-05-06 20:38:08,Better Offer,1
40880,2023-12-17 01:19:55,Relocation,1
4199,2021-09-15 02:40:06,Higher Studies,0
38507,2025-07-27 02:14:03,Better Offer,0
34156,2024-01-14 16:25:50,Performance,0
28683,2022-11-11 15:15:07,Better Offer,0
41686,2023-08-05 05:43:37,Personal,0
21549,2020-01-22 08:25:46,Higher Studies,0
33252,2023-02-01 23:23:44,Personal,1
30761,2024-02-03 02:50:19,Health,1
25376,2024-02-05 13:26:58,Better Offer,0
25191,2020-08-20 21:03:24,Performance,0
27713,2020-03-01 15:32:49,Better Offer,0
5651,2022-06-27 11:44:13,Higher Studies,0
17396,2021-11-06 12:50:00,Relocation,0
8903,2024-06-08 16:43:33,Health,1
23046,2024-03-08 19:13:31,Better Offer,0
34212,2025-02-24 08:53:41,Personal,1
7492,2021-02-17 07:30:00,Better Offer,0
24767,2024-10-09 09:29:16,Better Offer,1
10031,2023-06-07 20:19:15,Relocation,1
32702,2025-09-09 03:59:44,Personal,0
30229,2025-05-04 07:14:41,Better Offer,0
2381,2024-06-26 03:12:46,Relocation,0
30769,2025-07-23 22:17:40,Personal,0
16160,2021-09-27 19:36:28,Better Offer,0
4740,2025-05-15 09:10:08,Better Offer,1
23733,2022-12-24 17:52:53,Better Offer,0
38098,2021-06-18 11:50:37,Personal,1
947,2020-06-24 04:16:57,Higher Studies,0
7382,2023-03-27 05:45:32,Better Offer,1
22178,2020-02-25 01:05:30,Better Offer,0
17121,2019-08-08 20:37:18,Performance,0
31194,2021-10-12 22:03:03,Better Offer,0
28367,2019-12-22 21:47:19,Performance,0
29608,2020-03-29 11:30:38,Relocation,0
5244,2022-07-25 01:35:48,Better Offer,0
29877,2021-11-19 08:14:58,Better Offer,0
23310,2021-12-20 22:53:03,Relocation,0
6888,2024-06-20 20:18:07,Better Offer,0
666,2021-06-22 20:05:47,Better Offer,1
36054,2022-02-02 16:13:18,Personal,0
23403,2022-02-22 20:19:36,Better Offer,0
7415,2022-07-23 02:43:17,Personal,0
16986,2022-08-14 03:00:47,Better Offer,0
27288,2025-07-03 08:01:48,Better Offer,0
18039,2022-07-16 18:44:36,Relocation,0
32861,2021-01-07 20:21:57,Better Offer,0
5879,2023-09-02 15:02:44,Better Offer,0
15841,2020-03-29 15:03:02,Better Offer,0
25505,2024-12-31 10:50:07,Better Offer,0
25795,2025-07-30 11:48:44,Relocation,0
38200,2025-05-26 04:22:06,Better Offer,1
40447,2023-10-16 21:57:49,Better Offer,0
17217,2024-08-04 09:49:04,Health,0
148,2021-06-30 01:17:10,Better Offer,0
20204,2024-03-04 14:25:21,Better Offer,0
31894,2022-03-19 16:21:33,Better Offer,0
14442,2025-08-24 07:24:53,Better Offer,0
6132,2025-06-08 06:39:21,Better Offer,0
15924,2020-07-24 16:41:15,Higher Studies,0
20968,2022-05-28 18:21:06,Better Offer,0
40467,2022-11-08 08:09:49,Better Offer,0
25760,2022-07-01 15:23:18,Better Offer,0
31692,2021-08-30 21:01:51,Better Offer,0
4185,2021-02-02 22:50:40,Better Offer,0
19490,2021-12-07 06:34:42,Better Offer,1
14597,2025-05-25 15:25:39,Personal,1
908,2025-05-22 08:15:17,Better Offer,0
8023,2020-02-13 02:36:54,Better Offer,0
40323,2021-01-06 19:40:01,Better Offer,0
6072,2022-02-10 03:50:03,Performance,0
21873,2022-03-29 01:18:21,Better Offer,1
23295,2022-07-22 12:47:58,Higher Studies,0
17864,2022-02-03 07:56:03,Better Offer,0
25540,2022-03-16 16:11:54,Better Offer,1
5116,2021-07-30 21:08:24,Better Offer,0
2881,2019-11-30 09:29:31,Personal,1
42804,2020-05-16 23:39:43,Relocation,0
38264,2021-01-10 08:30:15,Higher Studies,1
23445,2022-02-20 12:53:44,Higher Studies,0
17136,2021-08-17 11:53:31,Performance,0
21108,2023-09-07 18:13:22,Better Offer,0
12548,2019-10-31 18:34:22,Personal,0
2882,2021-02-15 10:48:09,Better Offer,1
21545,2024-06-07 14:11:31,Relocation,0
26988,2022-03-16 09:17:46,Performance,0
31003,2022-01-16 06:47:29,Better Offer,0
23291,2024-10-17 10:55:31,Better Offer,0
20614,2019-10-30 19:14:55,Better Offer,1
21225,2020-12-26 15:57:40,Higher Studies,0
39480,2025-06-12 18:06:10,Personal,0
6167,2022-11-08 18:04:56,Relocation,0
36574,2024-01-10 00:37:02,Better Offer,0
20939,2023-03-10 21:04:21,Better Offer,0
20689,2020-07-20 11:36:22,Better Offer,0
17262,2022-05-29 18:33:50,Personal,0
23197,2023-08-19 18:43:12,Better Offer,1
43218,2023-04-22 04:46:59,Better Offer,0
26014,2020-11-09 07:09:12,Health,0
40197,2021-12-28 06:19:27,Personal,0
4071,2020-09-04 22:48:17,Health,0
18661,2019-07-11 05:59:09,Personal,0
19632,2021-02-28 08:35:27,Relocation,0
31535,2021-06-27 09:46:34,Better Offer,0
37537,2024-04-09 05:09:04,Better Offer,0
34676,2023-10-31 20:22:23,Performance,1
14888,2019-10-09 13:37:19,Better Offer,0
1270,2023-07-14 10:30:14,Personal,0
15407,2025-09-14 20:01:53,Personal,1
30621,2022-03-21 01:43:30,Higher Studies,0
14113,2024-11-07 07:31:12,Better Offer,0
20119,2020-12-08 19:42:43,Better Offer,0
8659,2021-01-24 20:13:01,Better Offer,1
27804,2025-07-01 10:58:46,Personal,0
21614,2023-03-14 18:29:24,Better Offer,1
9847,2023-01-01 23:09:15,Better Offer,0
16215,2023-06-23 19:04:54,Higher Studies,1
9761,2020-12-04 04:20:07,Performance,0
18148,2020-08-10 00:42:13,Better Offer,1
38816,2024-09-18 10:39:51,Better Offer,1
7485,2025-06-28 05:10:31,Performance,0
41805,2025-06-13 00:30:47,Higher Studies,1
24755,2022-05-06 05:17:46,Better Offer,0
20488,2025-09-25 14:30:53,Performance,1
30806,2022-08-04 14:41:42,Relocation,1
4756,2019-11-02 00:20:13,Better Offer,1
18984,2024-07-20 07:42:15,Relocation,0
6846,2021-06-15 15:35:05,Better Offer,0
8166,2021-09-06 13:31:08,Personal,0
37366,2023-01-11 09:41:43,Relocation,0
5706,2025-03-25 05:21:30,Relocation,0
41362,2022-09-02 23:08:34,Personal,1
34965,2022-01-19 20:02:40,Higher Studies,1
6954,2025-08-14 01:04:07,Better Offer,0
21677,2024-03-11 08:13:33,Better Offer,0
9789,2020-02-01 21:52:33,Better Offer,0
8529,2022-10-01 15:22:10,Personal,0
14216,2020-06-08 15:40:18,Better Offer,0
33,2025-07-13 04:39:05,Better Offer,0
27478,2024-08-21 05:26:14,Personal,1
14351,2024-02-05 07:19:04,Better Offer,0
27897,2021-12-21 06:06:24,Personal,0
30023,2021-09-16 16:51:52,Better Offer,1
172,2023-11-19 16:16:10,Relocation,1
26151,2019-07-08 23:30:10,Higher Studies,0
34507,2022-08-17 06:51:49,Better Offer,0
43024,2019-11-27 15:18:03,Better Offer,0
31225,2019-12-28 20:17:13,Personal,0
417,2020-02-15 03:00:37,Better Offer,0
13677,2023-09-15 16:54:50,Better Offer,0
25943,2021-01-01 04:58:24,Health,0
23620,2022-08-30 10:10:18,Higher Studies,1
40552,2020-02-21 00:19:45,Personal,1
4476,2019-07-22 05:41:49,Better Offer,1
15072,2023-08-17 05:40:59,Better Offer,0
40655,2022-01-18 21:45:30,Performance,1
36351,2022-07-09 01:34:10,Relocation,0
19043,2021-10-14 06:12:42,Health,0
13005,2022-03-06 21:50:13,Better Offer,0
25135,2025-08-08 12:05:28,Performance,0
32208,2023-07-20 06:00:05,Better Offer,1
23769,2025-09-09 03:34:09,Better Offer,0
36038,2020-04-18 21:00:23,Performance,1
39444,2020-11-19 02:51:28,Better Offer,0
37365,2023-04-09 11:53:59,Better Offer,0
11000,2021-06-15 06:04:54,Higher Studies,0
11722,2021-11-22 07:00:49,Performance,0
29052,2024-05-24 01:01:36,Performance,0
15056,2025-09-03 16:04:06,Better Offer,0
27962,2021-03-07 08:15:01,Better Offer,0
19129,2021-08-24 09:18:05,Personal,0
27123,2022-11-10 23:41:34,Better Offer,0
29068,2022-05-18 04:28:19,Better Offer,1
1521,2022-11-09 13:34:08,Higher Studies,0
34100,2025-02-23 23:06:17,Better Offer,0
20025,2024-09-20 18:38:53,Performance,1
27136,2021-09-09 11:57:20,Better Offer,0
11148,2023-08-10 16:46:21,Performance,0
2232,2020-06-30 00:18:41,Better Offer,0
27563,2025-05-05 00:57:57,Performance,0
36848,2023-04-08 20:45:58,Personal,0
34978,2023-02-15 02:07:10,Better Offer,0
20157,2023-03-06 09:58:57,Personal,0
26494,2025-10-20 13:45:41,Relocation,0
26442,2020-07-26 10:34:44,Performance,0
29374,2021-02-14 09:46:36,Better Offer,1
13650,2025-05-07 14:44:50,Better Offer,0
5954,2025-05-25 08:07:51,Better Offer,0
829,2024-04-13 18:50:08,Performance,0
916,2020-05-18 12:09:03,Relocation,0
43045,2025-04-29 06:13:24,Relocation,0
17436,2024-04-07 05:29:20,Relocation,0
387,2023-12-16 14:58:00,Better Offer,0
28221,2022-05-02 20:02:07,Better Offer,0
21616,2021-08-28 04:39:04,Personal,1
36841,2023-11-04 20:52:38,Better Offer,0
9683,2021-11-06 11:50:57,Performance,0
43108,2021-06-17 15:10:29,Higher Studies,0
1709,2025-09-21 00:10:57,Personal,0
19003,2020-05-22 16:58:38,Better Offer,0
26834,2023-05-09 20:16:40,Performance,0
37883,2023-08-05 01:48:09,Personal,0
25464,2021-04-24 23:45:35,Performance,0
23747,2020-06-13 12:33:39,Personal,0
29426,2025-02-09 01:47:22,Higher Studies,1
28056,2025-02-24 00:44:58,Performance,0
21551,2023-12-21 04:30:32,Relocation,0
27881,2020-11-24 04:28:02,Better Offer,0
14689,2020-10-29 10:33:19,Better Offer,0
34541,2024-09-30 17:43:24,Better Offer,0
17414,2022-04-14 16:39:01,Better Offer,0
25345,2024-02-22 17:43:18,Better Offer,0
32794,2025-05-19 21:02:10,Better Offer,0
28691,2023-12-15 00:38:40,Health,0
42189,2019-07-18 21:42:07,Better Offer,1
35238,2023-09-23 14:55:58,Better Offer,0
42642,2024-08-22 02:43:44,Higher Studies,0
530,2025-01-09 04:57:36,Better Offer,0
2009,2022-07-19 01:44:39,Performance,0
6969,2023-12-24 22:48:28,Personal,0
20048,2023-09-05 17:19:25,Higher Studies,0
21352,2024-12-30 21:01:40,Personal,0
36676,2025-07-07 22:28:29,Performance,0
20916,2021-05-30 17:31:16,Relocation,1
11121,2020-11-22 11:53:53,Better Offer,1
10785,2024-08-17 13:37:24,Personal,1
26060,2021-11-12 01:27:59,Better Offer,0
33852,2024-07-19 11:15:02,Personal,0
37004,2024-06-20 00:53:59,Performance,0
30401,2021-07-09 13:15:43,Better Offer,1
29377,2025-07-09 11:26:56,Relocation,0
43039,2020-10-08 05:17:55,Health,1
20303,2022-04-20 21:57:07,Better Offer,1
7251,2020-03-04 20:09:29,Better Offer,0
41546,2023-05-22 12:56:59,Better Offer,0
10419,2022-02-07 21:50:14,Higher Studies,0
8331,2022-01-12 13:21:00,Better Offer,0
12496,2025-03-07 08:03:10,Better Offer,0
42499,2021-03-25 11:37:54,Better Offer,0
3028,2022-02-25 13:58:42,Personal,0
15935,2022-09-07 05:52:03,Performance,1
27805,2024-10-01 18:51:08,Better Offer,0
13395,2025-01-31 11:12:50,Better Offer,0
19187,2020-12-06 11:39:35,Higher Studies,0
24253,2020-06-26 05:18:37,Better Offer,0
18387,2023-10-25 23:15:20,Relocation,0
40846,2021-03-15 10:24:05,Health,0
22366,2023-01-05 23:46:32,Better Offer,0
13593,2022-05-25 06:37:05,Relocation,1
10851,2024-02-11 02:25:52,Better Offer,0
15108,2024-02-16 10:43:27,Better Offer,0
13057,2023-10-26 11:50:37,Relocation,0
19569,2020-06-14 08:06:16,Better Offer,0
28386,2025-01-16 18:31:43,Personal,0
36387,2019-07-03 17:02:56,Better Offer,1
42827,2023-02-03 01:38:31,Health,0
34642,2025-07-28 02:45:27,Better Offer,1
30721,2024-07-31 13:50:19,Higher Studies,0
4377,2019-07-05 09:02:41,Better Offer,0
16672,2020-01-26 03:39:32,Performance,1
349,2020-06-29 21:57:08,Better Offer,0
6073,2020-07-04 03:08:24,Higher Studies,0
17470,2020-09-06 19:52:22,Performance,0
6968,2019-12-14 08:10:21,Higher Studies,0
7191,2023-09-15 10:04:34,Better Offer,0
26885,2022-12-14 14:25:50,Better Offer,0
12783,2024-04-11 12:49:18,Better Offer,0
40622,2020-08-18 16:09:48,Performance,0
31397,2020-12-14 00:46:43,Performance,0
18678,2023-08-28 23:03:48,Better Offer,0
9336,2020-09-17 05:46:51,Performance,0
20317,2020-08-25 23:11:59,Higher Studies,0
39815,2022-05-06 16:12:43,Better Offer,0
29089,2023-07-23 14:45:01,Personal,0
9405,2020-07-12 00:56:28,Better Offer,0
39467,2022-08-09 22:49:18,Personal,0
19763,2020-01-21 22:47:44,Better Offer,0
25876,2021-09-26 09:24:01,Better Offer,0
23694,2025-09-27 16:19:17,Relocation,0
18460,2024-12-20 23:14:58,Relocation,0
35420,2022-03-11 14:21:50,Better Offer,0
40424,2025-10-12 00:02:01,Better Offer,0
1748,2022-01-18 16:56:26,Better Offer,0
5172,2022-10-26 11:49:04,Better Offer,0
14828,2021-12-07 03:42:25,Performance,0
14083,2021-01-04 11:55:38,Better Offer,0
25986,2025-05-10 01:49:33,Better Offer,1
1851,2021-05-01 22:55:40,Better Offer,0
12748,2023-03-22 16:40:49,Relocation,0
28204,2025-04-27 15:06:05,Relocation,0
25881,2020-09-09 14:42:18,Performance,0
10049,2025-05-15 21:13:00,Better Offer,0
3544,2023-08-27 20:22:21,Higher Studies,1
35737,2019-11-29 16:14:48,Higher Studies,0
9530,2020-01-09 04:18:25,Performance,0
30359,2019-12-12 03:03:26,Personal,1
25331,2022-02-15 05:20:40,Relocation,0
39274,2023-10-16 17:35:20,Relocation,1
25179,2022-09-04 13:12:21,Better Offer,1
42391,2021-01-08 23:20:10,Personal,0
12505,2023-01-16 18:04:29,Better Offer,1
37840,2021-10-17 02:36:51,Better Offer,0
1139,2024-02-18 05:58:41,Better Offer,0
38999,2025-10-11 11:27:07,Performance,0
6272,2023-09-13 18:36:31,Personal,0
3170,2019-12-05 05:45:36,Better Offer,0
42047,2024-03-22 22:54:56,Better Offer,0
37418,2025-05-14 17:00:57,Better Offer,0
27729,2025-10-07 10:07:02,Relocation,1
27284,2023-11-26 22:46:28,Health,1
4915,2024-09-03 23:09:46,Better Offer,0
39000,2024-02-20 16:11:15,Personal,0
12585,2023-01-02 03:30:59,Personal,0
16812,2025-08-02 23:03:02,Relocation,0
41748,2022-01-12 22:31:47,Personal,0
13685,2021-12-17 13:39:12,Performance,1
13581,2025-03-06 18:58:25,Better Offer,1
6884,2020-03-13 16:56:04,Performance,0
26734,2024-10-28 01:44:39,Better Offer,1
11824,2022-06-08 06:24:47,Better Offer,0
34445,2024-09-23 03:25:48,Personal,1
12805,2021-12-24 17:17:50,Better Offer,1
11281,2025-01-20 03:19:27,Better Offer,0
9899,2021-12-02 13:08:45,Higher Studies,0
36775,2020-10-12 04:58:11,Better Offer,0
3123,2022-01-03 06:24:13,Performance,0
32114,2022-06-19 05:02:10,Personal,0
42839,2021-05-08 08:11:49,Better Offer,0
5050,2020-02-10 07:45:58,Better Offer,0
364,2023-12-23 18:39:45,Higher Studies,1
14990,2019-11-04 18:18:44,Better Offer,0
5051,2025-03-23 04:05:42,Better Offer,0
3636,2019-10-09 01:48:58,Better Offer,0
26447,2020-02-03 06:35:17,Better Offer,0
4551,2019-08-08 04:26:24,Better Offer,0
4449,2021-07-02 22:27:42,Personal,0
36769,2021-02-09 00:27:48,Relocation,0
8599,2023-01-22 02:37:20,Performance,0
11280,2024-05-01 12:22:32,Better Offer,0
6117,2024-08-15 11:37:41,Relocation,1
10265,2019-07-05 15:15:13,Better Offer,0
16682,2021-04-15 05:29:16,Relocation,0
3854,2021-03-14 08:00:14,Better Offer,0
20687,2024-06-16 14:41:06,Better Offer,1
37773,2024-01-17 01:06:03,Better Offer,0
38662,2022-08-10 19:17:30,Personal,0
23610,2020-01-24 07:29:29,Better Offer,1
24442,2021-10-27 23:25:09,Personal,0
1940,2019-09-19 20:06:26,Better Offer,1
39504,2025-03-20 21:33:51,Performance,1
34903,2020-06-09 20:16:43,Personal,0
8730,2025-05-04 23:57:05,Relocation,1
3668,2019-08-26 06:59:56,Relocation,1
12114,2022-08-17 10:47:36,Performance,0
26454,2023-11-24 12:59:40,Performance,0
31963,2019-09-11 08:10:39,Personal,0
41973,2020-01-16 08:30:49,Better Offer,0
33998,2025-07-10 11:26:25,Better Offer,0
17949,2025-10-15 00:03:31,Health,1
8602,2022-11-30 16:02:42,Performance,0
7701,2024-06-05 06:51:56,Relocation,0
16990,2020-04-26 22:55:12,Better Offer,0
8517,2025-01-13 17:24:31,Better Offer,1
24655,2022-11-13 10:36:20,Better Offer,0
21308,2022-06-19 17:54:04,Better Offer,0
12538,2022-06-18 00:24:32,Better Offer,0
12377,2021-12-09 08:47:46,Better Offer,0
29909,2024-02-03 14:02:48,Better Offer,0
35337,2025-02-27 20:49:05,Better Offer,0
23273,2020-11-28 08:54:59,Better Offer,0
22222,2023-11-22 01:45:27,Relocation,1
37843,2022-09-03 23:33:49,Better Offer,0
6378,2020-04-20 14:18:37,Personal,0
25645,2025-05-14 07:57:17,Better Offer,0
4169,2020-04-04 16:56:18,Higher Studies,0
24027,2019-08-31 02:51:09,Performance,0
12983,2025-08-30 14:48:33,Personal,1
4841,2020-06-03 06:36:47,Performance,0
14409,2020-05-12 17:41:52,Better Offer,0
10140,2022-08-18 02:28:28,Better Offer,1
28532,2023-09-23 10:53:05,Better Offer,0
17005,2024-08-06 01:19:24,Performance,0
31148,2022-10-06 08:06:26,Higher Studies,1
21289,2024-01-04 05:28:03,Relocation,0
34886,2019-11-05 05:27:12,Performance,0
38314,2022-10-16 18:42:57,Relocation,0
15363,2022-10-19 21:01:54,Better Offer,1
15788,2021-05-09 15:02:19,Better Offer,0
26480,2021-05-13 17:02:14,Higher Studies,0
3554,2024-11-28 06:24:36,Better Offer,1
41128,2025-07-06 11:01:47,Performance,0
8545,2022-04-26 03:51:25,Better Offer,1
42737,2024-08-25 21:23:25,Better Offer,0
26218,2020-11-08 22:35:20,Personal,1
15252,2019-08-30 13:53:17,Better Offer,1
5703,2020-07-01 07:40:35,Better Offer,0
41343,2024-12-19 05:35:28,Better Offer,1
37098,2022-12-07 16:48:18,Better Offer,1
19714,2021-03-29 20:29:31,Performance,0
13893,2024-09-12 16:31:53,Performance,0
42978,2022-12-17 13:07:07,Better Offer,0
5363,2021-06-24 02:10:41,Better Offer,0
28271,2022-11-24 09:15:33,Relocation,0
41693,2024-03-02 04:55:04,Better Offer,0
28196,2019-08-14 20:26:20,Health,0
1303,2020-12-12 14:24:59,Health,0
43144,2025-02-27 16:52:54,Better Offer,0
17908,2023-12-14 08:39:53,Better Offer,0
4140,2022-01-25 12:22:55,Higher Studies,0
14059,2021-08-29 19:05:59,Higher Studies,0
24401,2020-07-25 05:59:07,Performance,0
8658,2024-07-04 23:04:04,Health,0
3532,2020-02-04 09:11:50,Better Offer,1
35168,2024-01-22 20:06:50,Better Offer,1
36579,2022-11-24 02:49:25,Relocation,0
34317,2024-03-07 07:03:00,Relocation,1
36318,2025-06-01 07:43:26,Relocation,0
7663,2024-12-01 08:18:39,Personal,0
36850,2022-12-08 06:25:52,Performance,0
40750,2023-02-16 06:43:36,Performance,1
34523,2025-04-11 17:09:50,Higher Studies,0
5731,2021-10-07 23:24:03,Better Offer,0
30417,2022-04-13 20:09:54,Health,0
30047,2022-03-23 19:59:32,Personal,0
22333,2025-09-20 10:10:32,Higher Studies,1
32513,2022-03-31 08:58:40,Better Offer,1
36463,2025-02-11 02:42:13,Better Offer,0
2696,2020-07-14 11:04:50,Better Offer,0
72,2022-11-28 08:16:53,Personal,1
13077,2020-02-06 13:35:48,Better Offer,1
15741,2023-07-21 11:59:47,Performance,0
41573,2022-10-19 06:09:27,Better Offer,0
31999,2023-09-13 08:45:46,Relocation,0
39500,2021-08-31 09:22:43,Higher Studies,0
10153,2022-01-22 20:50:40,Personal,0
14697,2023-03-13 03:58:37,Better Offer,0
3819,2025-09-11 08:41:04,Better Offer,0
27340,2023-07-05 20:35:27,Better Offer,1
42775,2025-03-27 02:36:19,Better Offer,1
37860,2021-08-04 21:57:41,Performance,0
24820,2025-01-12 23:34:57,Performance,1
42572,2021-08-14 03:11:23,Better Offer,1
2431,2022-12-08 06:42:14,Relocation,0
7391,2023-05-27 15:09:34,Better Offer,0
6265,2020-03-29 23:27:47,Performance,0
41468,2020-03-18 21:43:14,Better Offer,0
43050,2025-05-19 20:02:00,Better Offer,0
6619,2023-07-08 15:48:12,Better Offer,1
6098,2022-09-11 21:07:59,Relocation,0
33001,2021-01-23 11:12:35,Performance,0
13381,2025-04-28 04:40:02,Better Offer,1
8600,2024-04-21 16:48:39,Better Offer,0
15381,2023-04-07 00:50:05,Relocation,0
37048,2024-04-23 17:26:32,Relocation,0
36605,2020-10-02 05:46:00,Performance,0
15251,2025-01-12 23:56:25,Health,1
7745,2022-10-21 23:50:30,Better Offer,0
37911,2021-12-23 00:10:58,Better Offer,0
25687,2021-03-30 17:37:22,Better Offer,0
32234,2023-01-25 06:43:17,Health,0
15453,2024-06-18 06:00:16,Higher Studies,1
11337,2021-10-08 14:05:58,Relocation,0
33029,2022-09-27 11:06:17,Health,1
8218,2024-09-25 05:38:50,Personal,1
7004,2019-07-29 21:12:51,Health,0
33381,2023-08-20 00:28:09,Performance,0
35953,2020-10-02 18:43:12,Relocation,0
20762,2023-10-30 06:02:56,Performance,1
14548,2024-12-07 13:39:40,Better Offer,1
14559,2023-08-04 00:10:17,Better Offer,0
42092,2020-12-12 04:12:11,Higher Studies,0
24184,2020-01-24 22:15:06,Better Offer,0
3245,2021-08-09 11:59:46,Personal,0
5205,2023-10-15 04:06:27,Performance,0
19787,2021-02-09 18:15:02,Performance,1
640,2023-02-07 13:46:21,Health,0
38420,2025-05-04 16:57:19,Relocation,0
1011,2024-05-16 06:13:10,Relocation,0
24229,2023-12-01 01:05:51,Better Offer,0
6729,2023-12-18 06:44:08,Relocation,0
18660,2022-02-07 02:40:36,Performance,1
30479,2022-07-05 00:31:37,Better Offer,0
12653,2024-03-03 05:12:09,Higher Studies,0
42917,2023-02-13 06:26:34,Relocation,0
18704,2024-07-23 22:17:44,Better Offer,0
3249,2023-02-24 23:32:10,Better Offer,0
29629,2022-04-18 14:51:28,Health,0
23184,2024-10-19 15:31:05,Better Offer,0
6158,2020-11-23 04:43:14,Better Offer,0
34827,2021-07-29 04:13:47,Better Offer,0
19526,2020-01-07 00:54:24,Better Offer,1
19342,2025-10-08 06:07:09,Higher Studies,0
8772,2019-07-28 22:28:15,Better Offer,1
3062,2021-02-24 05:31:17,Performance,0
36098,2020-08-27 05:18:29,Better Offer,0
32947,2023-01-04 08:37:26,Better Offer,0
24361,2023-09-04 04:57:38,Personal,0
43096,2023-03-25 09:08:05,Relocation,1
17240,2025-10-31 01:37:07,Better Offer,1
37627,2022-10-26 03:00:05,Higher Studies,0
16083,2024-10-01 19:16:01,Performance,1
16196,2022-03-31 20:04:22,Better Offer,1
22210,2020-11-09 13:11:50,Better Offer,0
2349,2023-06-14 08:45:22,Better Offer,0
13155,2020-08-07 06:12:36,Health,0
28442,2021-07-04 00:30:18,Better Offer,0
37980,2024-06-22 15:16:21,Performance,0
42524,2024-01-14 04:57:42,Better Offer,1
33225,2022-05-11 00:22:40,Better Offer,0
9579,2024-02-23 14:10:31,Relocation,0
31074,2020-04-23 16:03:07,Personal,0
40902,2021-09-27 08:47:17,Better Offer,0
42494,2024-02-07 00:15:23,Higher Studies,1
6063,2022-01-03 03:14:53,Better Offer,1
6947,2025-10-31 10:42:58,Performance,1
4091,2020-02-16 11:53:16,Better Offer,0
24313,2020-09-20 22:02:40,Relocation,0
9720,2022-09-14 08:06:04,Better Offer,0
23531,2023-06-01 17:34:57,Personal,1
42831,2025-09-19 18:16:49,Better Offer,0
37410,2025-03-25 05:27:00,Better Offer,0
27981,2024-05-16 17:33:58,Relocation,0
1608,2023-05-18 21:22:31,Performance,0
380,2023-12-23 18:04:08,Personal,0
5697,2022-03-14 04:16:42,Relocation,1
18710,2022-03-06 23:26:48,Relocation,0
28659,2021-04-10 08:45:44,Performance,0
6013,2025-07-08 01:00:17,Performance,1
33370,2024-08-18 15:55:58,Better Offer,0
23897,2021-10-04 05:01:12,Better Offer,0
21786,2022-06-07 18:32:31,Better Offer,1
43080,2021-11-17 18:31:24,Better Offer,0
748,2020-10-30 14:09:36,Health,1
22443,2025-04-28 15:10:10,Better Offer,1
38840,2023-06-29 06:01:59,Better Offer,1
16362,2020-01-01 12:36:44,Relocation,0
29387,2021-05-04 16:19:46,Relocation,1
30728,2025-07-24 08:12:14,Better Offer,0
7,2021-02-02 02:26:10,Performance,0
22949,2020-12-12 16:00:11,Higher Studies,0
11094,2020-03-28 20:05:36,Higher Studies,0
34686,2020-12-09 19:37:03,Personal,0
12482,2022-06-09 02:00:50,Better Offer,0
33183,2023-01-28 05:21:58,Relocation,1
28538,2023-06-01 11:56:07,Relocation,0
16375,2022-03-09 21:16:46,Better Offer,0
22644,2024-07-06 22:02:48,Relocation,0
16350,2023-09-24 01:07:17,Relocation,0
4112,2024-07-08 05:34:23,Relocation,0
18715,2022-11-10 11:19:01,Better Offer,0
30037,2025-05-14 12:35:19,Performance,0
12055,2019-12-23 19:02:40,Better Offer,0
2043,2020-08-07 05:48:16,Personal,0
5225,2025-06-13 10:17:28,Health,0
1273,2020-11-09 05:18:59,Personal,0
22394,2022-06-07 19:13:56,Personal,0
24900,2021-06-02 17:25:09,Better Offer,1
23781,2025-08-25 23:46:14,Better Offer,0
26780,2025-10-27 19:05:41,Better Offer,0
42635,2019-08-22 07:12:51,Better Offer,0
41327,2024-07-19 07:57:51,Personal,0
5058,2024-07-01 10:42:40,Better Offer,0
23396,2020-10-15 04:38:22,Personal,0
21561,2025-02-15 08:58:27,Better Offer,0
16040,2023-04-29 09:33:02,Better Offer,1
29109,2023-07-20 01:29:53,Better Offer,1
6890,2025-05-15 14:47:20,Better Offer,0
32035,2023-08-24 15:04:30,Relocation,0
22794,2021-03-08 09:08:41,Health,0
1959,2023-06-17 02:16:28,Higher Studies,0
31110,2024-08-07 10:14:19,Better Offer,0
13729,2022-08-09 19:55:22,Better Offer,0
27086,2021-03-12 19:05:30,Better Offer,0
29434,2020-10-07 08:18:13,Better Offer,1
36930,2023-07-05 15:37:47,Performance,0
19818,2020-04-12 10:47:33,Higher Studies,1
41771,2024-02-07 17:29:02,Better Offer,0
7282,2025-06-01 17:30:05,Personal,0
33928,2023-12-07 06:08:45,Better Offer,1
7429,2022-01-31 23:09:31,Personal,0
28126,2022-12-05 04:41:42,Performance,1
13075,2025-10-07 17:47:27,Personal,1
2565,2024-05-17 02:06:15,Better Offer,0
5848,2019-09-23 22:16:16,Personal,0
25349,2022-07-04 11:59:30,Better Offer,0
7931,2019-11-05 20:45:29,Performance,0
5132,2023-06-19 06:50:28,Better Offer,0
16442,2021-03-29 00:24:21,Health,1
9486,2024-12-11 03:50:58,Performance,0
15044,2020-08-09 02:00:55,Better Offer,0
5932,2025-10-19 14:51:11,Relocation,0
12966,2021-12-14 23:36:20,Performance,0
15600,2022-10-24 00:43:20,Performance,0
29315,2024-12-07 17:47:41,Better Offer,0
31136,2024-02-29 13:29:43,Better Offer,1
4517,2020-02-02 14:49:39,Performance,0
3519,2021-09-22 01:08:37,Higher Studies,0
15416,2024-02-03 18:12:06,Better Offer,0
10310,2019-07-15 01:47:19,Better Offer,0
37872,2020-11-18 17:52:56,Better Offer,0
6451,2022-10-22 08:02:29,Better Offer,0
30469,2022-03-06 21:25:42,Better Offer,0
13690,2021-08-27 00:36:03,Health,0
7582,2021-04-23 10:26:10,Health,1
34124,2021-07-04 16:50:53,Performance,1
6447,2019-11-07 12:35:58,Personal,0
15290,2023-05-06 03:04:54,Better Offer,0
29899,2022-04-25 07:43:22,Better Offer,0
28804,2024-07-01 07:15:37,Relocation,0
25994,2019-11-24 03:43:41,Performance,0
31787,2022-12-20 01:09:44,Better Offer,1
12457,2020-11-16 02:50:47,Higher Studies,1
27349,2025-09-22 01:30:20,Performance,0
15725,2019-07-03 00:18:30,Higher Studies,0
15652,2022-04-13 07:47:27,Performance,0
20440,2019-09-01 10:13:18,Better Offer,1
25268,2022-03-26 00:32:10,Better Offer,0
31146,2022-03-24 01:05:25,Better Offer,0
1174,2024-07-05 03:58:54,Better Offer,0
26368,2021-02-15 20:14:42,Better Offer,1
40648,2020-11-26 10:55:15,Health,0
42307,2020-06-07 20:24:00,Performance,1
6707,2024-05-09 12:47:06,Better Offer,0
5200,2020-04-25 06:31:49,Health,0
23356,2020-06-22 10:12:20,Better Offer,1
14778,2022-04-21 19:42:41,Relocation,1
39745,2023-08-16 12:04:19,Better Offer,0
29464,2025-03-31 18:03:21,Health,0
25238,2024-09-30 21:05:45,Better Offer,0
20287,2022-08-15 05:22:33,Performance,1
17718,2019-09-10 04:16:08,Relocation,1
5318,2023-10-30 17:41:41,Better Offer,1
17787,2022-08-02 16:01:49,Higher Studies,0
13951,2023-01-29 20:19:58,Personal,0
11542,2023-04-13 21:09:18,Better Offer,0
20065,2020-09-02 00:34:27,Better Offer,1
36478,2023-11-02 23:09:55,Better Offer,0
42531,2021-10-12 20:13:33,Performance,0
9704,2023-02-05 02:06:21,Better Offer,0
32896,2023-03-13 03:45:48,Better Offer,0
6331,2025-08-02 13:42:06,Higher Studies,1
22131,2023-09-04 02:12:21,Performance,0
26175,2020-11-08 06:24:50,Better Offer,0
21148,2019-07-30 02:58:47,Higher Studies,0
13162,2024-03-18 21:30:46,Better Offer,0
19404,2020-12-29 14:44:56,Better Offer,0
1450,2020-12-03 10:11:56,Better Offer,0
43044,2021-05-10 09:07:09,Personal,0
11767,2023-11-15 14:36:29,Higher Studies,1
13574,2020-08-05 03:12:40,Better Offer,0
34934,2021-10-29 04:26:10,Better Offer,0
38316,2019-09-29 18:24:13,Personal,0
25477,2025-02-16 17:37:47,Better Offer,0
28841,2020-02-09 04:05:19,Higher Studies,0
3901,2022-07-28 19:59:57,Performance,0
39326,2025-05-17 20:22:54,Health,0
41727,2020-06-24 08:18:41,Performance,1
37131,2025-09-03 16:46:23,Better Offer,1
5291,2025-01-20 00:43:07,Better Offer,0
30133,2019-08-30 19:24:52,Better Offer,1
9924,2020-02-12 08:29:36,Better Offer,0
17682,2022-08-20 14:37:07,Better Offer,0
196,2021-06-15 13:20:19,Personal,1
42372,2021-10-28 11:43:36,Performance,1
20820,2024-09-24 17:02:50,Higher Studies,0
31873,2022-09-17 13:10:02,Higher Studies,0
14653,2023-09-30 08:46:14,Higher Studies,0
34418,2023-06-10 07:02:19,Personal,0
29647,2024-09-02 20:14:10,Performance,0
1999,2023-01-26 17:34:12,Relocation,0
4177,2020-12-31 12:02:24,Performance,0
3095,2019-07-02 22:32:47,Better Offer,1
15022,2022-10-12 08:49:49,Better Offer,1
23504,2022-11-23 13:04:03,Personal,0
19919,2025-03-15 20:46:46,Performance,0
8400,2023-01-24 01:05:41,Higher Studies,1
37202,2023-11-05 05:42:53,Better Offer,0
11520,2021-09-23 23:20:20,Personal,0
8145,2023-08-27 15:50:39,Better Offer,0
21814,2019-08-02 01:09:29,Relocation,1
2066,2023-05-25 15:22:56,Health,0
25547,2025-02-02 10:06:05,Higher Studies,0
35508,2024-05-27 16:09:30,Health,0
820,2021-07-22 03:39:52,Better Offer,1
19203,2024-05-23 16:33:28,Relocation,0
3417,2022-09-24 05:05:15,Health,0
10389,2024-05-13 00:39:53,Personal,0
20829,2020-09-27 14:22:22,Better Offer,0
42991,2024-04-02 17:52:27,Performance,0
2817,2020-10-09 05:24:03,Higher Studies,0
34714,2024-08-02 18:16:05,Better Offer,0
28707,2021-01-11 01:40:25,Relocation,0
3639,2022-10-29 04:44:13,Better Offer,0
16314,2023-04-04 10:21:50,Relocation,0
39030,2020-12-05 03:44:45,Relocation,0
17476,2023-02-11 15:50:47,Better Offer,0
18062,2024-11-04 23:23:43,Relocation,0
31943,2020-04-18 21:32:07,Better Offer,1
13235,2025-05-25 09:15:06,Better Offer,0
20224,2022-08-30 04:48:27,Better Offer,0
9799,2024-02-23 03:33:51,Relocation,0
32291,2021-05-18 03:34:44,Better Offer,0
39303,2021-12-13 19:40:23,Health,0
11272,2020-02-12 12:04:02,Performance,0
27376,2025-01-27 20:40:20,Higher Studies,0
41778,2021-10-09 17:16:52,Better Offer,1
26241,2021-05-11 05:45:40,Performance,0
20164,2023-09-23 06:01:25,Performance,0
36643,2022-08-10 06:48:20,Better Offer,0
13662,2024-11-28 00:03:35,Relocation,1
26534,2024-05-05 04:13:51,Higher Studies,0
5663,2021-12-29 19:45:33,Better Offer,1
6350,2024-02-15 20:48:58,Performance,0
27408,2023-11-06 05:08:23,Better Offer,0
1837,2020-06-20 11:56:16,Performance,0
5249,2020-12-02 03:54:33,Performance,0
40747,2022-09-25 20:30:47,Performance,1
5945,2025-06-17 05:16:39,Better Offer,1
4643,2020-11-01 19:50:55,Better Offer,0
12551,2019-07-18 08:19:20,Better Offer,0
6843,2020-09-10 06:45:49,Performance,0
37524,2020-11-16 03:05:31,Higher Studies,0
4473,2021-07-26 15:05:49,Personal,0
28748,2024-11-02 20:13:08,Personal,0
19016,2023-10-19 14:07:04,Performance,0
11587,2020-10-11 22:31:11,Better Offer,1
21078,2021-10-24 04:24:08,Performance,0
42265,2020-08-28 21:33:01,Better Offer,0
39349,2019-11-18 06:35:41,Better Offer,0
2711,2020-06-11 15:58:38,Better Offer,0
12598,2025-05-30 07:47:56,Personal,0
42239,2023-11-09 13:57:24,Relocation,1
8306,2025-08-25 12:31:18,Relocation,0
36716,2022-04-06 08:44:00,Health,0
33168,2022-08-23 21:15:43,Better Offer,0
19985,2020-08-30 05:07:43,Higher Studies,0
22371,2021-12-10 12:59:29,Personal,0
10894,2023-04-26 18:25:05,Better Offer,0
26708,2022-10-05 12:04:32,Better Offer,0
4835,2025-07-22 20:25:18,Better Offer,1
38134,2025-07-05 21:31:10,Better Offer,0
37483,2019-07-10 18:02:07,Performance,0
26736,2022-07-11 09:34:37,Better Offer,0
26607,2020-09-27 22:14:01,Personal,0
14835,2021-11-03 08:54:34,Better Offer,1
4995,2021-12-25 13:32:47,Performance,0
31023,2019-10-29 16:59:43,Better Offer,0
22842,2024-11-07 19:36:35,Better Offer,0
42009,2020-03-06 22:00:03,Personal,1
35524,2023-09-17 14:21:02,Better Offer,0
7377,2019-10-05 09:32:16,Better Offer,0
4994,2024-01-27 01:18:51,Better Offer,1
35780,2023-06-06 06:18:09,Better Offer,0
28534,2023-09-23 22:26:59,Better Offer,1
16759,2025-10-28 14:18:25,Personal,1
2396,2021-11-09 05:59:18,Better Offer,0
38423,2021-09-03 21:23:35,Performance,0
2334,2022-09-20 10:20:37,Performance,0
34074,2020-01-14 02:41:24,Better Offer,0
31154,2020-08-15 06:53:10,Performance,0
24825,2024-06-16 18:33:41,Higher Studies,0
26979,2025-07-17 07:36:27,Better Offer,0
5527,2021-10-09 16:20:46,Performance,0
42833,2022-01-22 15:53:32,Better Offer,1
7778,2025-10-04 04:38:48,Higher Studies,0
29817,2023-04-08 07:34:39,Better Offer,1
6657,2020-11-21 23:41:53,Performance,1
16476,2023-12-09 08:35:07,Performance,1
30977,2023-04-29 22:55:39,Personal,0
22636,2022-11-28 02:52:32,Better Offer,1
11797,2023-05-27 15:30:00,Higher Studies,1
8156,2021-09-07 20:19:16,Higher Studies,0
29806,2021-05-26 05:11:26,Relocation,0
1129,2021-10-31 06:37:13,Better Offer,0
37535,2022-10-03 20:57:35,Better Offer,0
18757,2024-05-28 14:06:52,Better Offer,0
17648,2024-10-28 10:36:08,Relocation,0
20422,2025-08-23 23:44:02,Personal,0
37382,2025-10-27 01:13:27,Personal,0
24765,2019-10-08 22:44:38,Performance,1
7256,2024-06-17 06:35:31,Better Offer,0
41714,2019-07-27 09:00:08,Performance,0
13910,2019-10-05 04:44:38,Better Offer,0
4512,2021-04-07 03:34:39,Performance,0
36220,2020-08-27 01:14:12,Better Offer,0
38607,2023-03-28 05:39:54,Personal,0
22970,2025-03-05 15:36:55,Better Offer,0
7570,2023-03-21 11:21:54,Better Offer,0
10420,2021-12-29 04:29:29,Better Offer,0
6262,2022-10-25 08:28:11,Performance,0
12197,2024-04-25 06:53:35,Better Offer,0
4700,2021-07-15 08:21:46,Better Offer,0
8076,2023-03-14 09:02:08,Personal,1
20226,2022-11-07 11:08:38,Personal,0
40949,2024-02-10 08:05:52,Better Offer,1
29967,2022-10-19 06:32:43,Better Offer,0
4430,2023-07-31 15:02:41,Better Offer,0
14168,2021-07-13 08:43:38,Health,0
3626,2020-07-14 04:38:50,Better Offer,0
7097,2025-09-10 17:29:10,Personal,0
36554,2022-12-06 01:36:53,Better Offer,0
11067,2025-03-06 09:00:52,Better Offer,0
42480,2021-11-09 10:06:53,Better Offer,0
42321,2020-09-29 15:38:10,Performance,1
3125,2022-10-28 10:34:48,Personal,0
26809,2021-04-10 03:54:25,Performance,0
8634,2019-12-07 08:39:42,Better Offer,1
30793,2021-07-10 02:22:18,Relocation,0
41644,2025-03-12 18:44:58,Better Offer,0
13199,2021-09-21 04:56:44,Performance,0
6437,2022-12-07 10:24:53,Better Offer,0
28218,2025-04-18 19:27:03,Better Offer,0
8638,2020-12-20 07:55:01,Relocation,1
5174,2024-09-02 12:59:31,Better Offer,1
40188,2019-12-28 10:24:30,Better Offer,0
29973,2021-12-03 17:54:53,Relocation,0
39545,2023-12-11 22:01:25,Better Offer,0
26178,2019-07-04 19:17:43,Better Offer,0
8575,2021-01-12 18:22:03,Higher Studies,0
27073,2024-04-28 06:51:11,Performance,0
32048,2024-09-25 11:06:19,Higher Studies,0
5665,2021-01-07 18:00:21,Relocation,0
34464,2024-07-29 01:36:08,Health,0
19507,2025-07-05 15:01:08,Personal,0
37097,2022-03-06 03:02:38,Better Offer,0
3802,2020-02-14 12:49:41,Better Offer,0
22108,2020-02-09 05:53:28,Better Offer,1
29907,2025-10-07 11:08:41,Better Offer,1
21218,2020-07-19 14:44:23,Health,0
29385,2020-11-23 23:41:55,Health,0
38019,2021-04-26 17:54:47,Better Offer,1
26768,2020-12-29 07:28:49,Personal,0
4483,2019-10-06 21:31:43,Better Offer,0
11195,2024-09-04 05:13:53,Personal,0
31239,2023-01-26 18:41:50,Performance,0
27694,2023-11-08 15:52:15,Performance,1
30682,2023-09-10 12:00:45,Relocation,0
12474,2024-07-06 13:05:41,Better Offer,0
30520,2024-08-29 08:52:24,Performance,0
6940,2023-05-09 21:12:56,Better Offer,0
26263,2025-04-10 03:40:46,Better Offer,1
9832,2025-10-17 04:25:20,Performance,0
43055,2022-02-14 06:26:26,Better Offer,1
26917,2024-03-11 19:40:12,Performance,0
24964,2020-03-09 17:44:20,Better Offer,1
12952,2021-01-11 22:51:57,Higher Studies,0
23666,2023-08-10 14:28:57,Better Offer,0
4283,2024-06-20 07:34:48,Performance,0
24035,2023-07-10 11:42:02,Personal,0
35299,2020-08-08 07:58:14,Better Offer,0
1807,2023-03-09 20:17:59,Personal,0
26935,2021-11-23 00:25:56,Better Offer,1
15172,2025-01-10 15:10:42,Better Offer,0
31184,2020-10-24 10:13:12,Better Offer,0
31907,2021-08-03 19:28:58,Better Offer,1
30205,2019-07-16 13:08:00,Better Offer,0
32249,2023-03-25 01:31:06,Higher Studies,1
7431,2021-03-13 10:35:42,Performance,1
22187,2023-11-18 13:07:15,Better Offer,1
3534,2020-01-17 04:03:48,Better Offer,0
5035,2025-04-25 08:00:37,Relocation,1
3055,2019-09-24 03:36:19,Higher Studies,0
37950,2023-07-10 15:04:49,Better Offer,0
23290,2024-03-04 04:24:46,Better Offer,1
3224,2022-02-21 04:52:23,Better Offer,0
25181,2022-06-29 04:40:33,Performance,0
24991,2019-07-10 01:03:41,Better Offer,1
9619,2020-08-22 02:08:46,Better Offer,0
11322,2024-05-19 05:14:50,Better Offer,1
31231,2019-08-19 16:14:45,Better Offer,0
35283,2023-08-16 17:48:26,Higher Studies,0
29920,2021-11-18 11:45:12,Personal,0
19237,2021-03-11 06:27:30,Personal,0
33028,2023-05-18 17:37:14,Performance,1
24551,2023-04-01 22:30:40,Relocation,1
33331,2024-08-15 06:35:18,Better Offer,0
25811,2024-03-14 04:53:46,Better Offer,1
14277,2025-09-26 03:52:25,Personal,0
22764,2021-01-23 16:25:42,Relocation,0
6113,2020-08-25 21:04:21,Higher Studies,1
6138,2021-11-14 01:31:04,Better Offer,1
32729,2022-02-14 22:47:31,Better Offer,1
39257,2021-04-21 07:27:35,Personal,0
15323,2019-09-19 05:48:58,Performance,1
19876,2020-02-25 19:56:06,Health,0
11670,2025-02-28 01:09:12,Health,0
25849,2024-01-18 12:39:40,Better Offer,0
3297,2019-11-25 03:52:25,Personal,0
5539,2023-10-31 19:25:21,Better Offer,0
19987,2020-03-16 14:28:30,Higher Studies,1
31634,2019-10-08 20:35:34,Personal,0
21571,2025-04-02 01:10:26,Health,0
32726,2025-01-15 16:24:41,Relocation,1
26969,2021-01-03 22:55:40,Performance,0
34188,2022-02-14 06:59:44,Personal,0
17517,2020-04-16 22:57:30,Health,0
16399,2020-01-19 19:19:39,Better Offer,0
13297,2023-05-25 15:51:29,Better Offer,1
14469,2020-04-14 02:33:52,Health,1
41544,2024-11-22 09:10:56,Better Offer,0
4125,2019-12-17 06:01:22,Better Offer,1
35448,2025-06-06 00:13:00,Better Offer,0
27793,2023-03-05 02:00:25,Better Offer,0
37031,2022-09-01 12:43:33,Better Offer,0
28331,2020-08-17 01:15:30,Performance,0
10463,2023-10-09 08:16:48,Better Offer,0
39666,2019-11-20 14:57:26,Performance,0
30712,2024-07-10 22:16:55,Higher Studies,0
20732,2021-07-21 18:20:17,Better Offer,0
3270,2020-07-16 01:53:56,Performance,0
14590,2021-07-24 12:17:37,Performance,1
40479,2020-04-25 00:55:08,Better Offer,1
39871,2022-09-29 02:12:14,Better Offer,0
41073,2025-08-20 05:19:43,Health,0
29939,2023-10-31 18:07:23,Higher Studies,1
20632,2024-02-10 00:33:35,Better Offer,0
6716,2019-08-30 04:12:53,Better Offer,0
37018,2020-06-06 15:40:18,Relocation,1
26804,2023-04-13 07:23:27,Performance,0
24564,2020-09-15 20:20:48,Performance,0
40350,2022-03-14 09:08:43,Health,0
4241,2020-04-22 07:06:01,Better Offer,0
21928,2021-05-17 13:08:24,Better Offer,1
12939,2024-01-01 22:02:03,Performance,0
41911,2023-10-25 23:29:44,Higher Studies,0
16041,2021-08-04 01:58:32,Higher Studies,0
20465,2022-06-29 01:51:01,Better Offer,0
39633,2025-01-31 09:34:38,Better Offer,0
1724,2025-09-20 17:56:45,Performance,0
41040,2025-04-30 18:14:17,Better Offer,0
9247,2025-06-08 02:19:25,Better Offer,0
42612,2025-01-04 01:05:15,Performance,0
33618,2021-10-06 14:59:21,Relocation,0
18692,2019-11-28 04:02:49,Personal,1
10683,2020-03-31 15:37:30,Performance,1
1016,2023-06-12 10:56:32,Relocation,0
37419,2020-09-10 23:57:48,Performance,0
13277,2023-07-30 05:56:05,Performance,1
20230,2023-08-29 03:24:34,Performance,1
9461,2020-07-19 13:41:15,Better Offer,0
30271,2020-04-21 08:54:53,Performance,0
33576,2021-09-10 06:35:50,Higher Studies,0
16842,2024-01-01 12:21:03,Performance,0
37601,2021-11-09 21:48:52,Higher Studies,0
28589,2023-03-05 19:30:49,Performance,1
7890,2024-02-01 12:10:29,Better Offer,0
36218,2021-11-17 00:35:46,Better Offer,0
14258,2024-08-02 14:11:09,Better Offer,1
33500,2020-12-13 19:12:06,Performance,0
47,2024-02-14 23:41:55,Personal,0
25490,2023-06-10 23:47:44,Relocation,0
28870,2024-08-07 02:37:41,Better Offer,1
6374,2021-04-27 07:01:07,Better Offer,0
32,2022-07-24 09:24:46,Better Offer,0
23744,2021-04-02 13:08:47,Better Offer,0
594,2022-02-14 08:27:32,Personal,0
31278,2021-08-10 01:47:53,Relocation,0
16585,2023-03-07 13:08:17,Personal,1
6489,2025-04-05 16:30:16,Performance,0
32962,2022-09-17 21:14:43,Performance,0
39391,2023-02-01 04:29:23,Performance,0
40610,2021-01-19 04:11:32,Better Offer,1
8813,2021-01-04 15:37:31,Performance,1
28901,2024-10-06 07:23:03,Relocation,0
15116,2020-03-04 16:23:10,Better Offer,0
20357,2022-03-05 01:05:13,Relocation,0
28897,2022-05-25 01:18:18,Performance,0
5415,2021-06-05 23:02:07,Better Offer,0
34549,2021-12-22 22:54:39,Better Offer,1
26048,2023-01-28 14:49:43,Health,1
4327,2022-10-19 15:01:48,Performance,0
12036,2023-04-23 08:29:55,Performance,0
1956,2024-01-11 03:30:00,Personal,1
19351,2019-12-25 05:00:27,Personal,0
11971,2023-01-20 03:59:59,Personal,0
32522,2025-07-21 06:37:41,Relocation,0
1396,2023-10-20 09:31:09,Relocation,1
13571,2023-10-11 20:36:38,Higher Studies,1
23992,2022-04-30 02:43:31,Personal,0
40465,2019-11-14 01:50:33,Better Offer,0
9134,2023-11-03 04:15:04,Higher Studies,0
1230,2019-08-28 18:39:11,Higher Studies,1
17354,2024-11-17 12:53:11,Performance,0
9652,2023-07-05 23:52:52,Better Offer,0
27184,2024-12-29 11:24:50,Performance,1
7396,2020-03-15 13:18:27,Performance,0
5701,2022-10-01 03:53:58,Better Offer,1
24132,2024-03-19 19:45:09,Health,0
32317,2023-07-03 01:12:55,Higher Studies,1
24252,2025-04-12 18:16:18,Performance,0
33150,2024-01-23 23:59:12,Better Offer,0
39125,2023-09-11 04:13:03,Personal,0
22955,2022-08-12 02:54:52,Better Offer,0
27662,2023-03-07 01:30:46,Better Offer,0
28283,2023-08-15 07:13:46,Better Offer,1
16139,2021-04-23 03:42:33,Relocation,0
38807,2022-09-04 19:37:48,Performance,1
1019,2020-11-25 11:25:36,Performance,1
36879,2024-03-25 17:37:40,Better Offer,0
20399,2019-08-17 05:55:37,Better Offer,0
39181,2024-03-26 08:11:26,Better Offer,0
26499,2022-04-19 04:37:40,Better Offer,0
12876,2020-10-30 05:22:04,Better Offer,1
17384,2021-03-20 06:34:12,Better Offer,1
6100,2022-09-01 17:36:12,Higher Studies,0
33967,2023-08-09 12:23:04,Better Offer,0
35914,2022-05-26 18:55:23,Personal,0
33968,2021-07-08 22:30:22,Better Offer,0
31054,2024-10-22 23:48:51,Better Offer,1
39139,2023-01-15 14:37:44,Relocation,0
30283,2023-12-20 18:34:51,Performance,0
2770,2024-12-28 04:48:36,Personal,0
23879,2020-07-22 16:07:55,Personal,1
27043,2021-10-30 12:29:29,Performance,0
38090,2022-08-18 10:24:22,Personal,0
26899,2020-12-17 16:59:10,Better Offer,0
42419,2021-09-16 09:15:04,Relocation,0
1994,2025-02-26 19:17:35,Personal,1
23541,2022-01-19 10:47:18,Performance,0
40868,2023-04-21 15:39:58,Better Offer,0
11161,2023-12-25 20:05:21,Better Offer,0
15223,2020-03-22 18:58:52,Higher Studies,0
2675,2021-06-12 09:26:26,Better Offer,1
6432,2023-11-08 03:39:16,Better Offer,1
1424,2023-06-01 04:28:08,Better Offer,0
20286,2022-10-03 05:56:40,Personal,0
4202,2022-09-09 06:25:16,Better Offer,0
42520,2019-07-30 02:11:26,Better Offer,0
24568,2024-05-03 18:28:38,Relocation,0
7752,2021-02-13 12:55:59,Better Offer,0
21264,2020-03-25 09:58:41,Personal,1
33259,2023-12-14 00:00:57,Better Offer,0
2298,2020-11-20 09:02:05,Personal,0
14976,2024-09-14 13:51:10,Better Offer,0
30265,2021-08-25 13:11:33,Performance,0
28004,2022-12-15 20:36:56,Personal,0
8352,2020-02-03 04:37:57,Better Offer,0
9186,2021-10-04 10:48:43,Better Offer,0
1340,2025-06-23 20:41:43,Better Offer,1
36396,2022-05-31 17:21:39,Better Offer,0
22368,2019-08-17 10:14:37,Relocation,0
36251,2022-11-28 01:23:36,Better Offer,0
12495,2019-10-03 19:27:44,Better Offer,0
12724,2021-12-05 06:37:11,Better Offer,0
14356,2019-08-26 05:20:40,Health,0
38214,2025-02-10 20:00:30,Personal,0
3520,2021-09-10 01:46:51,Better Offer,1
24491,2021-08-19 02:04:47,Better Offer,0
9041,2020-01-05 20:27:11,Personal,1
18059,2025-06-16 00:17:24,Better Offer,0
15459,2022-01-15 11:06:22,Performance,0
25113,2020-07-22 01:26:18,Better Offer,0
16607,2024-09-24 09:04:49,Personal,0
14977,2025-09-24 10:36:36,Higher Studies,0
13119,2022-01-17 20:52:54,Performance,0
1281,2024-12-19 08:16:20,Better Offer,1
30668,2021-04-07 09:47:43,Personal,0
12684,2024-02-23 08:11:00,Better Offer,0
24073,2022-06-23 05:24:48,Health,0
18095,2025-04-29 02:24:46,Higher Studies,1
17010,2025-03-30 16:12:25,Personal,1
10625,2020-01-21 16:31:19,Performance,0
38962,2020-11-28 15:53:24,Relocation,0
36354,2023-11-14 16:46:40,Better Offer,0
16865,2023-07-07 10:20:24,Relocation,0
6497,2023-09-05 19:22:22,Performance,0
11491,2022-12-20 05:57:15,Better Offer,0
30819,2021-05-21 06:55:12,Better Offer,0
39390,2024-10-11 22:08:39,Better Offer,0
710,2022-07-07 16:04:07,Better Offer,0
4226,2020-05-22 08:22:15,Better Offer,0
6996,2023-03-14 14:50:29,Performance,0
19074,2019-12-31 17:41:59,Personal,0
41674,2022-08-26 18:40:07,Health,0
10314,2023-10-25 13:55:47,Better Offer,1
5405,2021-08-25 07:14:19,Personal,0
22921,2022-05-20 06:52:04,Better Offer,0
28980,2024-06-09 20:08:32,Higher Studies,0
32270,2025-01-10 11:56:33,Better Offer,0
31330,2021-08-22 05:27:00,Better Offer,0
19219,2022-01-27 20:28:55,Relocation,0
11920,2022-09-18 18:24:08,Personal,0
9808,2022-02-05 17:01:40,Better Offer,0
34465,2024-03-29 13:15:39,Better Offer,0
11641,2024-09-03 14:04:14,Health,0
17236,2024-10-21 17:21:03,Better Offer,0
3515,2024-09-29 03:55:03,Higher Studies,1
3640,2021-09-24 03:22:22,Better Offer,1
27078,2024-01-13 16:25:35,Performance,0
39806,2020-02-07 14:08:03,Performance,0
17352,2019-10-26 20:57:44,Better Offer,0
7244,2025-08-05 11:03:37,Personal,0
39640,2024-05-03 00:39:05,Health,0
34008,2020-09-08 17:44:57,Health,0
41330,2021-07-04 05:37:12,Better Offer,1
22943,2023-06-12 20:33:45,Better Offer,0
5034,2024-05-03 10:34:03,Personal,0
37770,2024-04-15 19:06:21,Better Offer,0
39613,2019-08-07 01:25:34,Personal,1
38711,2021-04-12 16:03:10,Better Offer,0
11445,2025-04-10 08:56:40,Better Offer,0
39018,2024-02-21 01:19:47,Performance,1
19511,2025-08-08 04:08:43,Health,0
17844,2023-07-20 11:58:25,Better Offer,0
34051,2023-11-27 10:29:03,Higher Studies,0
22595,2022-12-30 08:13:18,Better Offer,0
34946,2019-11-19 23:48:22,Better Offer,0
8119,2023-11-12 22:06:20,Personal,0
22766,2020-07-09 16:50:16,Relocation,0
9769,2025-07-31 06:46:12,Personal,0
4957,2024-07-28 05:46:56,Performance,0
17249,2020-07-21 21:29:11,Health,0
23939,2019-07-27 13:06:36,Better Offer,1
29090,2024-10-06 13:44:59,Personal,0
23299,2022-06-09 17:39:13,Personal,0
37351,2021-03-31 20:13:24,Better Offer,0
5436,2023-03-31 20:00:47,Better Offer,0
22829,2019-12-24 06:01:13,Better Offer,0
31025,2020-08-31 12:02:34,Personal,0
8861,2023-08-14 13:46:18,Personal,1
5704,2020-07-15 02:29:34,Higher Studies,0
15988,2025-06-23 17:11:59,Better Offer,0
11095,2022-05-17 22:48:42,Health,0
28149,2020-02-23 16:51:59,Better Offer,0
17719,2023-01-11 12:17:42,Higher Studies,0
16554,2025-07-18 01:34:35,Performance,1
41219,2022-04-03 18:30:44,Performance,0
9896,2019-11-01 09:55:28,Higher Studies,0
37658,2020-06-08 17:12:47,Better Offer,0
17230,2020-03-19 12:04:49,Better Offer,1
6710,2019-11-23 20:23:26,Relocation,1
21158,2021-06-28 03:12:02,Better Offer,0
27890,2022-04-01 06:32:35,Health,0
39280,2021-02-23 18:18:57,Performance,0
6982,2022-12-07 16:04:13,Performance,0
17827,2024-07-13 18:18:07,Better Offer,0
31920,2023-09-24 20:24:52,Performance,0
13423,2021-03-08 20:14:08,Better Offer,0
5262,2025-02-21 18:16:31,Better Offer,1
27581,2020-10-09 15:39:05,Better Offer,0
41509,2023-12-28 13:17:24,Performance,0
41815,2022-06-16 20:46:27,Performance,1
32994,2023-04-20 01:49:38,Better Offer,1
36468,2021-08-02 06:27:13,Performance,0
1028,2024-10-08 13:29:04,Better Offer,0
42316,2021-03-10 00:47:22,Higher Studies,1
28838,2023-12-04 11:43:23,Performance,0
10905,2021-10-15 15:11:33,Better Offer,0
4375,2021-09-10 15:55:23,Performance,0
9037,2020-04-06 03:43:12,Better Offer,1
25785,2020-01-01 05:41:15,Personal,0
6735,2021-11-16 20:29:44,Better Offer,0
38572,2024-04-01 22:16:22,Better Offer,0
1146,2021-01-14 16:26:54,Higher Studies,0
21485,2023-04-22 10:43:46,Better Offer,1
25134,2021-01-10 16:51:43,Relocation,1
35590,2021-08-12 17:58:39,Better Offer,1
4771,2022-04-22 07:49:18,Better Offer,0
897,2020-01-13 12:16:45,Better Offer,1
3543,2024-03-01 14:46:08,Personal,0
40145,2021-10-18 22:23:45,Personal,0
26871,2025-06-28 06:33:38,Higher Studies,0
15916,2020-06-03 19:58:52,Better Offer,0
3577,2022-12-08 06:21:19,Relocation,0
16097,2021-09-03 03:54:36,Relocation,0
327,2022-09-25 06:28:24,Performance,1
14017,2019-09-15 11:14:22,Better Offer,0
20472,2025-07-16 19:31:00,Better Offer,1
33819,2020-08-19 21:41:36,Better Offer,1
30452,2021-04-13 20:35:54,Relocation,0
36832,2024-03-07 21:26:53,Relocation,0
8210,2025-01-01 23:42:55,Better Offer,0
20165,2021-11-09 07:50:22,Higher Studies,1
42926,2023-06-04 20:13:51,Personal,1
11954,2023-04-05 13:27:30,Better Offer,0
14759,2020-07-23 12:11:58,Performance,0
18121,2023-10-27 12:07:20,Better Offer,0
35053,2023-02-08 00:44:57,Performance,0
19927,2021-09-02 23:44:53,Personal,1
40011,2024-07-25 17:42:49,Personal,0
5852,2023-07-07 04:29:31,Personal,1
37681,2019-08-09 21:39:34,Personal,0
42579,2023-08-08 12:41:54,Better Offer,1
31866,2022-01-12 13:26:10,Better Offer,0
13947,2023-05-27 06:30:15,Better Offer,1
33992,2025-03-29 08:36:11,Performance,0
30857,2024-11-15 09:30:56,Health,0
35973,2019-10-21 05:25:37,Better Offer,0
31889,2024-05-23 17:30:31,Better Offer,0
28377,2022-08-11 05:53:33,Relocation,0
6860,2021-09-03 19:26:58,Relocation,0
27091,2025-06-22 13:05:23,Health,1
21550,2021-07-22 18:40:39,Relocation,0
15399,2024-04-26 13:32:08,Higher Studies,0
41925,2021-06-09 16:45:46,Health,0
7123,2024-11-15 06:45:22,Better Offer,0
4964,2022-12-30 21:49:46,Higher Studies,0
22640,2022-12-10 08:40:59,Performance,1
14170,2025-01-04 02:38:06,Better Offer,0
36192,2020-04-03 14:16:30,Personal,0
40731,2020-05-01 13:55:44,Better Offer,0
32247,2024-02-09 18:08:15,Better Offer,1
7576,2022-06-25 03:16:10,Higher Studies,0
21127,2024-08-24 13:56:28,Better Offer,0
15159,2022-10-06 21:12:23,Better Offer,1
33919,2020-01-07 21:21:59,Better Offer,0
3607,2022-12-17 18:21:59,Better Offer,0
41703,2022-04-22 21:16:54,Personal,0
18474,2019-07-02 06:50:48,Performance,1
14586,2020-05-07 06:07:28,Better Offer,0
10527,2023-10-03 22:11:20,Better Offer,0
27247,2025-06-25 20:16:00,Personal,1
9920,2019-07-07 09:00:29,Relocation,0
14053,2020-07-28 05:12:58,Higher Studies,0
2124,2020-07-25 00:18:14,Personal,0
22107,2025-03-27 18:40:24,Higher Studies,1
20355,2022-06-28 14:53:13,Better Offer,0
19230,2021-08-15 13:02:58,Better Offer,0
2658,2025-07-19 21:44:21,Performance,0
5208,2021-11-09 18:04:08,Better Offer,0
25745,2020-12-12 08:21:35,Performance,0
34086,2020-01-01 22:05:03,Better Offer,0
37592,2024-04-15 16:59:22,Relocation,1
20416,2025-08-17 15:20:59,Personal,1
26429,2024-01-01 15:32:18,Higher Studies,1
2451,2021-06-29 19:04:57,Health,0
9994,2025-10-07 05:25:51,Better Offer,0
32938,2024-09-30 06:25:08,Better Offer,1
3695,2019-07-31 05:54:22,Better Offer,0
29586,2020-05-03 00:19:46,Performance,1
16012,2021-12-23 15:20:34,Higher Studies,1
33626,2022-08-18 14:03:37,Better Offer,0
24389,2023-01-08 03:31:39,Better Offer,1
4809,2023-01-01 03:20:25,Better Offer,0
31665,2024-02-09 19:42:16,Relocation,0
43177,2022-08-15 19:37:55,Personal,0
37949,2025-04-15 12:32:00,Performance,0
33863,2022-08-28 02:38:59,Better Offer,0
39403,2023-02-05 03:43:56,Better Offer,0
36126,2023-02-14 16:40:52,Performance,0
24028,2021-07-18 23:34:13,Higher Studies,0
321,2024-12-31 09:49:29,Better Offer,1
21178,2025-06-09 12:09:21,Health,1
42657,2021-03-03 00:09:25,Health,0
35234,2021-06-30 06:56:12,Personal,1
10945,2021-07-06 05:09:32,Better Offer,0
1067,2025-01-08 12:12:56,Relocation,1
41621,2022-07-28 02:06:54,Relocation,0
27613,2021-10-04 08:51:24,Better Offer,0
1,2025-03-18 21:37:38,Performance,0
4860,2021-11-22 22:14:40,Health,0
31643,2023-12-13 00:48:36,Higher Studies,0
10113,2024-09-17 20:07:19,Better Offer,0
17253,2020-04-18 19:56:12,Higher Studies,0
41489,2025-01-05 10:49:55,Relocation,0
16527,2024-01-13 02:55:54,Relocation,0
19838,2024-04-21 01:01:57,Better Offer,0
40162,2024-08-23 23:16:48,Personal,1
6050,2025-05-22 05:18:16,Personal,0
39547,2025-02-02 12:58:34,Higher Studies,0
18230,2020-02-12 18:19:30,Better Offer,0
33570,2021-11-03 11:38:16,Health,0
8622,2021-02-12 05:42:22,Relocation,0
35346,2025-03-21 10:15:01,Better Offer,0
38830,2020-10-13 18:57:04,Relocation,0
16569,2022-11-28 06:02:59,Better Offer,0
22995,2023-12-03 13:52:07,Better Offer,0
14542,2022-02-28 05:16:55,Better Offer,0
12342,2020-06-19 09:58:53,Performance,0
25476,2020-12-01 07:21:16,Performance,1
35814,2020-06-23 16:22:10,Higher Studies,1
7664,2020-06-16 01:37:11,Better Offer,1
10603,2024-03-18 02:15:17,Better Offer,1
34848,2020-04-05 22:15:12,Better Offer,1
20948,2023-05-30 22:24:04,Relocation,0
16460,2024-02-05 22:15:27,Health,0
31351,2021-01-31 23:18:45,Higher Studies,0
14728,2025-01-22 07:35:22,Health,0
25253,2021-08-10 15:56:22,Relocation,0
30786,2021-05-10 12:11:35,Higher Studies,0
6386,2021-08-14 16:12:22,Personal,1
41135,2022-10-01 06:37:53,Relocation,0
17052,2021-02-01 21:56:12,Better Offer,0
42743,2019-10-01 02:54:57,Higher Studies,0
22962,2023-11-20 10:37:00,Relocation,0
35003,2023-05-17 04:41:58,Performance,0
10780,2022-10-07 12:09:59,Better Offer,1
35580,2022-02-13 11:21:33,Better Offer,0
27156,2019-08-19 02:09:42,Performance,0
35932,2023-08-16 04:57:24,Better Offer,0
26377,2021-02-03 07:26:30,Better Offer,0
5609,2023-06-07 05:55:54,Better Offer,0
39498,2021-07-21 05:33:03,Performance,0
36662,2022-10-23 02:56:28,Better Offer,1
17803,2020-11-28 00:15:24,Relocation,1
29911,2022-09-19 21:20:38,Relocation,0
38062,2019-07-18 18:40:30,Better Offer,1
8011,2023-11-18 10:08:01,Better Offer,0
32405,2020-03-06 19:58:47,Higher Studies,0
42412,2019-09-21 07:39:26,Performance,0
17430,2022-07-08 04:39:06,Better Offer,0
18096,2020-12-10 16:27:15,Better Offer,0
40393,2025-10-13 11:29:47,Relocation,0
41959,2020-05-01 18:46:15,Better Offer,0
9649,2020-01-25 11:16:18,Higher Studies,0
14576,2021-01-30 21:08:45,Personal,0
9792,2025-09-12 13:10:07,Better Offer,1
36044,2021-10-13 12:03:10,Performance,0
7577,2020-07-20 22:13:45,Better Offer,1
15852,2023-11-27 18:11:32,Personal,0
23724,2022-02-17 18:14:23,Performance,0
2789,2024-09-20 17:00:03,Higher Studies,0
11389,2023-01-05 08:54:53,Better Offer,0
8186,2024-02-02 06:20:02,Personal,1
4962,2022-12-28 14:03:13,Performance,0
14756,2024-01-29 04:03:53,Better Offer,0
14366,2022-11-26 06:24:35,Performance,0
39658,2024-10-04 18:50:09,Performance,0
24290,2024-12-11 12:19:16,Higher Studies,0
18707,2025-03-08 10:16:01,Better Offer,1
40036,2023-10-13 23:33:47,Better Offer,0
14629,2020-08-07 02:37:42,Better Offer,0
21927,2025-08-28 12:31:12,Health,0
351,2020-09-30 04:16:31,Personal,0
34766,2023-02-15 13:44:00,Better Offer,0
15235,2020-12-12 03:18:45,Better Offer,0
29908,2020-07-11 01:27:40,Better Offer,0
21281,2023-09-29 22:11:41,Better Offer,1
27517,2020-02-21 14:16:24,Relocation,0
1044,2021-05-14 22:56:10,Relocation,0
38743,2025-07-31 03:10:39,Health,0
35975,2023-10-01 14:54:05,Higher Studies,0
19920,2020-03-13 01:20:59,Better Offer,0
7502,2025-10-08 08:19:02,Performance,1
26619,2024-11-30 21:29:05,Better Offer,0
14143,2022-11-13 17:24:28,Health,0
30084,2021-11-20 10:21:33,Better Offer,0
33617,2019-09-20 12:08:30,Relocation,1
3221,2024-06-12 00:09:46,Relocation,1
10974,2025-09-05 08:03:49,Relocation,0
21527,2022-04-24 02:25:21,Better Offer,0
5040,2025-07-05 05:41:29,Higher Studies,0
17321,2019-10-22 07:12:30,Better Offer,1
2119,2021-06-01 08:40:12,Better Offer,0
30341,2020-05-07 10:08:52,Better Offer,0
29000,2023-01-09 21:20:01,Relocation,0
9404,2020-12-09 00:43:31,Better Offer,0
40170,2019-09-01 09:11:34,Better Offer,0
19574,2025-06-10 08:25:30,Higher Studies,1
39461,2023-05-20 22:47:32,Better Offer,0
10390,2024-06-06 22:04:44,Better Offer,0
23303,2022-06-07 09:19:55,Performance,0
22840,2021-11-15 19:38:28,Better Offer,0
24885,2021-09-10 08:48:27,Health,0
14370,2025-07-25 23:05:41,Better Offer,0
23372,2024-05-24 19:55:51,Higher Studies,0
3003,2023-07-28 14:48:54,Better Offer,0
36001,2022-11-14 13:33:59,Better Offer,1
36274,2019-08-20 09:55:11,Performance,1
1629,2022-03-22 07:28:30,Better Offer,0
39599,2019-07-17 11:52:43,Better Offer,0
38176,2024-05-20 13:16:45,Better Offer,0
4699,2021-10-12 05:22:27,Higher Studies,0
28888,2021-07-13 21:12:19,Performance,0
10528,2020-02-21 08:53:41,Personal,1
22977,2023-10-13 02:49:53,Performance,0
24701,2023-05-14 10:00:48,Better Offer,0
6922,2024-09-20 22:18:55,Higher Studies,1
5765,2019-12-07 21:10:28,Personal,0
2494,2024-08-20 08:29:21,Better Offer,0
22003,2025-07-26 12:41:23,Personal,0
38469,2022-06-26 15:37:23,Better Offer,1
25285,2020-05-19 14:48:54,Better Offer,1
31474,2023-02-23 02:50:51,Better Offer,0
33524,2022-10-07 03:47:57,Relocation,0
5481,2021-02-12 09:32:11,Better Offer,1
7349,2025-02-27 03:58:43,Better Offer,0
19817,2024-12-07 14:55:31,Relocation,0
14984,2024-09-14 11:46:05,Better Offer,0
10633,2021-12-24 14:40:18,Relocation,0
26459,2021-03-31 23:54:47,Better Offer,0
10791,2020-01-17 02:08:44,Performance,0
928,2023-02-26 01:48:12,Higher Studies,0
16246,2021-08-27 08:13:00,Better Offer,0
35085,2020-09-21 05:55:49,Health,0
30343,2025-08-12 05:56:16,Better Offer,0
13618,2021-12-01 08:09:28,Relocation,0
15085,2023-11-12 18:17:32,Personal,0
39864,2022-09-09 03:25:55,Better Offer,0
10854,2020-01-03 08:54:04,Health,1
41779,2024-09-06 10:17:38,Relocation,0
6851,2021-05-08 08:01:59,Better Offer,0
39354,2022-08-23 03:45:19,Better Offer,1
27879,2021-02-21 22:37:03,Health,0
2193,2023-11-11 01:15:56,Better Offer,0
40148,2020-07-13 23:58:28,Better Offer,1
35230,2022-08-02 01:08:18,Better Offer,1
15550,2025-06-19 19:32:01,Better Offer,0
6684,2023-05-06 05:32:46,Better Offer,0
39607,2024-08-09 18:21:57,Relocation,1
20674,2019-07-31 20:55:06,Relocation,1
34012,2023-07-10 13:44:47,Higher Studies,0
28009,2019-09-26 23:46:44,Performance,0
18766,2023-03-20 23:45:28,Performance,0
16373,2024-12-11 00:06:31,Better Offer,0
36423,2023-10-18 06:28:05,Better Offer,0
4562,2022-09-20 09:39:48,Better Offer,0
14716,2021-06-23 21:23:02,Personal,0
7109,2021-01-25 05:37:44,Better Offer,0
23762,2023-12-15 18:25:33,Higher Studies,0
16808,2021-01-02 13:32:18,Better Offer,1
10133,2022-03-12 00:58:56,Better Offer,1
2717,2021-10-13 21:24:28,Better Offer,0
14644,2021-01-09 04:18:59,Better Offer,0
20705,2021-08-23 21:04:15,Better Offer,0
5434,2024-10-22 03:06:46,Relocation,0
16744,2025-05-14 05:26:28,Performance,1
37444,2024-07-17 09:15:09,Personal,0
23385,2022-12-27 04:26:15,Better Offer,1
33305,2025-07-30 03:02:37,Performance,1
21523,2021-11-08 17:13:17,Health,0
4754,2022-11-19 11:08:05,Relocation,0
16047,2022-12-12 13:50:11,Better Offer,1
8894,2024-05-16 21:07:09,Relocation,0
31039,2022-06-03 02:44:14,Relocation,0
27327,2023-04-24 14:22:59,Better Offer,0
31471,2023-04-30 04:46:07,Personal,0
29309,2020-07-30 06:20:10,Better Offer,0
38258,2024-01-14 20:00:37,Personal,0
436,2022-09-05 06:29:30,Better Offer,1
31521,2023-11-09 00:11:34,Performance,1
16048,2021-11-05 22:05:03,Higher Studies,0
11760,2023-03-22 09:36:53,Better Offer,1
17558,2022-11-20 10:22:50,Relocation,0
39902,2020-11-25 06:54:39,Relocation,1
18237,2021-06-30 06:46:42,Higher Studies,1
28412,2022-02-04 11:18:02,Performance,0
38687,2021-02-24 16:18:43,Better Offer,0
27044,2023-02-25 08:00:11,Higher Studies,0
40819,2020-09-19 16:24:14,Performance,0
4034,2021-11-24 03:19:00,Better Offer,0
11407,2020-12-13 03:45:33,Health,1
26283,2023-01-14 06:26:53,Relocation,0
43161,2020-07-22 16:57:31,Better Offer,0
9796,2024-04-18 11:37:20,Better Offer,1
42360,2025-06-04 03:49:04,Performance,0
26270,2019-11-11 00:05:26,Better Offer,0
2196,2023-04-16 20:04:16,Performance,1
34644,2019-07-10 04:25:40,Better Offer,0
22695,2025-06-10 22:35:28,Better Offer,0
14121,2025-02-22 17:20:29,Higher Studies,0
19350,2023-06-09 13:25:03,Performance,1
4833,2021-06-08 14:30:54,Better Offer,0
2162,2019-08-18 03:45:25,Higher Studies,0
40435,2024-10-01 03:10:56,Better Offer,0
25954,2024-03-05 21:08:18,Better Offer,0
18067,2023-01-18 19:44:57,Better Offer,0
40363,2020-05-22 22:45:33,Better Offer,0
37705,2021-01-20 12:47:32,Better Offer,1
36514,2021-03-02 17:19:54,Better Offer,0
42960,2024-07-22 11:37:15,Better Offer,1
6124,2023-09-25 00:12:44,Better Offer,1
21619,2025-08-08 23:40:49,Personal,0
31096,2022-03-02 05:31:44,Personal,0
372,2024-02-04 08:38:40,Personal,0
42068,2019-12-26 09:34:18,Personal,1
16829,2024-05-21 02:23:49,Personal,0
11723,2022-06-06 18:19:17,Better Offer,0
15024,2024-03-14 03:34:41,Better Offer,0
4239,2020-07-24 01:23:24,Health,0
17425,2019-12-24 16:41:56,Personal,0
37651,2021-08-23 07:38:58,Better Offer,1
18146,2019-10-08 23:16:57,Personal,1
27910,2021-07-26 06:48:39,Better Offer,0
4998,2024-09-14 12:30:08,Relocation,0
13189,2020-05-16 02:07:10,Better Offer,1
31311,2024-12-06 11:20:17,Performance,0
3703,2024-06-10 07:00:27,Relocation,1
30833,2025-10-22 01:22:00,Better Offer,0
15376,2023-04-23 14:34:15,Better Offer,0
6216,2025-08-07 22:03:55,Performance,0
1167,2024-04-22 05:32:15,Better Offer,1
29671,2021-03-12 07:17:11,Higher Studies,0
6444,2023-05-13 17:00:27,Better Offer,0
15559,2023-05-12 23:32:30,Better Offer,1
41222,2025-01-15 12:27:12,Better Offer,0
33821,2022-06-23 00:15:14,Performance,1
25416,2022-07-14 00:55:50,Better Offer,0
40209,2025-08-12 22:25:56,Better Offer,1
9967,2020-01-04 18:08:43,Higher Studies,0
7369,2022-10-14 04:04:42,Higher Studies,1
21421,2020-07-09 08:02:37,Better Offer,1
9925,2022-07-30 04:54:43,Performance,0
39769,2020-09-22 01:20:41,Better Offer,0
37934,2022-10-23 13:49:40,Personal,0
36722,2022-02-16 22:11:56,Better Offer,0
33365,2020-12-10 00:27:18,Better Offer,0
42834,2020-05-28 19:52:49,Performance,0
22213,2020-11-05 20:15:12,Relocation,0
1681,2019-09-28 15:23:06,Higher Studies,0
2340,2021-01-16 11:10:05,Personal,1
7622,2025-03-31 09:32:22,Better Offer,0
21525,2020-12-09 23:20:29,Relocation,1
24571,2025-03-10 07:12:53,Personal,0
1255,2020-01-27 03:13:01,Relocation,1
37880,2022-06-04 10:15:02,Better Offer,0
5737,2020-06-05 18:40:57,Performance,0
8283,2021-01-06 05:40:24,Performance,1
7478,2021-05-16 10:26:51,Health,0
21704,2024-06-04 06:32:08,Health,0
19173,2019-09-07 04:59:36,Relocation,0
40980,2019-08-28 13:17:38,Relocation,1
16055,2025-02-17 04:32:17,Better Offer,1
21087,2025-06-24 09:33:55,Relocation,0
39652,2021-03-21 04:31:33,Better Offer,0
4861,2023-10-25 12:47:19,Better Offer,0
35804,2023-07-23 18:19:26,Personal,0
14243,2021-02-05 20:57:50,Better Offer,1
40644,2021-04-28 01:59:37,Relocation,0
39322,2021-04-27 20:44:30,Better Offer,0
24303,2021-08-25 02:55:29,Better Offer,0
27005,2025-03-14 02:42:03,Higher Studies,0
12787,2024-10-29 13:36:16,Personal,0
24803,2021-06-03 01:39:00,Higher Studies,0
14011,2020-12-13 14:36:18,Higher Studies,0
21282,2022-08-10 05:48:35,Relocation,0
34420,2021-05-23 23:50:02,Personal,0
30967,2023-08-20 11:32:02,Better Offer,1
18152,2019-10-21 02:59:26,Performance,0
40173,2024-07-02 03:14:46,Relocation,0
5372,2022-06-21 00:38:52,Better Offer,1
22218,2022-02-08 20:41:54,Performance,0
26177,2024-02-03 13:04:03,Health,0
38248,2025-08-01 18:02:07,Relocation,1
17116,2022-02-16 13:39:15,Performance,0
42944,2022-10-31 11:56:48,Better Offer,0
35604,2025-07-15 04:18:26,Performance,0
22876,2024-04-11 14:17:13,Better Offer,1
30964,2024-12-15 07:58:45,Performance,0
10068,2025-04-19 15:40:30,Better Offer,0
704,2021-05-31 18:03:30,Health,0
3619,2023-01-19 18:09:52,Better Offer,0
17346,2020-02-06 16:35:58,Personal,0
18233,2024-10-19 08:58:04,Better Offer,0
25327,2022-06-05 08:05:20,Relocation,0
36710,2019-10-20 17:51:09,Better Offer,1
40813,2025-10-18 20:34:18,Higher Studies,1
40528,2021-06-06 10:08:43,Relocation,0
7919,2021-07-22 02:52:06,Better Offer,1
15558,2024-09-18 12:40:14,Personal,0
40589,2023-03-01 02:18:28,Better Offer,1
30983,2020-07-28 23:20:59,Performance,0
42335,2022-08-15 02:12:48,Better Offer,0
14664,2021-07-17 09:03:24,Higher Studies,1
23330,2021-01-05 09:16:26,Better Offer,1
11803,2022-02-05 23:53:08,Health,1
29536,2021-02-25 09:05:16,Performance,0
8232,2021-10-13 23:13:53,Performance,0
41646,2025-04-04 22:28:39,Personal,0
35309,2023-09-22 17:34:51,Higher Studies,0
39096,2021-02-16 13:52:30,Higher Studies,0
29168,2023-09-24 21:40:09,Higher Studies,1
1698,2022-11-19 02:04:06,Better Offer,1
40276,2020-07-20 14:33:07,Better Offer,1
36806,2023-05-23 12:33:03,Better Offer,1
30117,2025-02-03 01:31:02,Health,1
23591,2019-11-08 12:33:19,Performance,0
7528,2020-03-09 10:00:20,Better Offer,0
8370,2023-07-31 19:44:51,Performance,0
39433,2022-04-17 03:11:42,Performance,1
31691,2022-03-25 21:51:48,Better Offer,0
4103,2024-01-26 01:43:46,Better Offer,0
31038,2021-04-06 15:14:58,Better Offer,1
25079,2022-02-21 03:55:25,Better Offer,1
25359,2025-05-11 15:09:18,Higher Studies,1
20723,2019-12-13 00:35:16,Personal,0
5744,2019-09-11 06:57:03,Better Offer,0
36686,2024-07-02 00:17:51,Personal,1
41453,2019-10-19 11:11:01,Relocation,0
40632,2025-07-26 04:57:16,Relocation,0
28050,2019-10-06 10:28:32,Personal,1
27833,2019-07-28 14:51:32,Performance,0
33354,2020-09-21 11:05:48,Higher Studies,1
16514,2023-05-20 23:54:08,Better Offer,0
32506,2025-07-09 01:49:01,Higher Studies,0
31207,2023-02-07 14:24:57,Better Offer,0
41224,2024-05-27 22:08:32,Better Offer,0
24163,2023-05-05 14:03:26,Relocation,0
11817,2024-07-01 15:19:50,Better Offer,0
24353,2020-05-15 06:06:28,Better Offer,0
18358,2022-01-13 09:51:56,Performance,0
35051,2021-09-16 07:17:40,Better Offer,0
42513,2022-09-26 17:06:35,Performance,0
7899,2025-01-31 10:20:43,Health,1
17231,2019-10-24 19:35:55,Relocation,0
6864,2020-03-19 04:37:22,Better Offer,0
28877,2022-01-21 05:11:43,Personal,0
29081,2020-10-04 11:31:40,Better Offer,0
36135,2023-06-22 11:00:01,Better Offer,1
11680,2023-06-16 16:48:37,Performance,1
27063,2024-04-14 08:18:19,Higher Studies,0
36517,2022-09-29 15:50:19,Higher Studies,0
32069,2025-09-06 15:58:10,Better Offer,0
8140,2025-10-23 10:30:11,Better Offer,0
24923,2025-09-03 21:55:06,Better Offer,0
9603,2024-08-20 14:24:08,Better Offer,0
11913,2020-09-09 02:35:39,Performance,0
16823,2023-11-14 13:43:45,Better Offer,0
42054,2023-09-29 01:23:13,Performance,0
17698,2023-01-14 14:19:08,Better Offer,0
38457,2022-05-02 22:10:41,Health,0
40595,2019-10-29 09:38:35,Better Offer,0
21142,2024-10-10 06:47:12,Relocation,0
3349,2025-07-30 09:34:31,Relocation,1
17772,2025-09-21 17:51:23,Higher Studies,0
5709,2021-08-14 10:07:01,Better Offer,0
10193,2020-07-22 17:16:39,Personal,0
3594,2021-03-02 03:57:07,Better Offer,0
41668,2025-04-24 00:42:01,Personal,1
41304,2019-10-15 11:45:54,Relocation,0
18429,2020-06-10 10:13:31,Personal,0
42789,2024-07-07 21:25:32,Personal,1
14986,2022-04-01 01:25:46,Better Offer,0
16699,2020-06-27 20:21:17,Personal,0
24940,2023-11-24 04:45:18,Performance,0
14862,2022-08-10 12:32:15,Better Offer,1
38150,2019-11-05 02:52:24,Higher Studies,1
31817,2024-05-01 07:35:51,Higher Studies,1
34989,2020-03-28 07:21:21,Health,0
36787,2020-11-29 09:56:42,Performance,0
846,2020-09-24 06:44:35,Relocation,0
30183,2024-01-19 12:31:03,Personal,0
6175,2020-04-02 19:59:17,Higher Studies,0
28505,2020-01-03 04:40:31,Better Offer,0
14581,2022-08-13 23:43:35,Performance,1
25860,2020-05-20 12:16:13,Relocation,0
12399,2024-10-16 06:32:59,Better Offer,0
14185,2021-06-29 01:20:59,Better Offer,1
35209,2021-07-20 18:32:58,Personal,0
3247,2021-11-16 09:09:14,Personal,1
7507,2020-07-14 18:27:07,Better Offer,0
30911,2020-11-08 17:58:03,Better Offer,1
25857,2025-01-30 01:39:23,Performance,0
9919,2023-05-09 15:56:30,Better Offer,0
38893,2021-06-11 17:15:52,Health,0
38611,2021-04-18 12:53:29,Better Offer,0
22070,2022-08-05 04:24:25,Better Offer,0
12707,2022-03-09 13:29:57,Better Offer,0
33637,2024-05-09 10:57:58,Higher Studies,0
16099,2020-04-11 09:04:00,Better Offer,0
41403,2022-12-10 04:38:11,Personal,1
9744,2019-07-23 01:37:02,Performance,0
30380,2022-01-28 20:08:10,Performance,0
27700,2025-05-18 00:51:03,Relocation,0
10247,2025-08-02 10:52:55,Better Offer,0
13919,2024-01-29 05:46:42,Better Offer,0
3800,2019-11-25 13:32:46,Relocation,0
178,2023-08-25 23:10:52,Better Offer,0
4947,2023-11-19 19:25:27,Better Offer,1
2625,2022-02-21 19:16:54,Better Offer,0
15655,2024-08-06 01:33:45,Higher Studies,0
2596,2020-07-25 13:29:13,Higher Studies,0
19629,2023-10-26 07:13:25,Better Offer,0
27769,2025-05-09 04:03:39,Personal,0
15091,2022-10-03 11:06:05,Better Offer,0
22716,2023-03-15 16:01:49,Relocation,0
39534,2023-01-11 04:01:44,Higher Studies,0
4406,2025-06-02 15:59:48,Performance,0
22566,2025-09-16 06:25:04,Performance,0
978,2021-06-24 10:08:48,Relocation,0
14613,2025-02-11 15:24:45,Personal,0
3174,2021-12-20 22:34:16,Performance,0
27090,2024-04-08 08:17:46,Better Offer,1
12064,2023-04-14 00:33:11,Higher Studies,0
12823,2021-02-08 03:59:50,Better Offer,0
3862,2024-12-12 04:52:33,Better Offer,0
42763,2024-09-13 04:32:04,Higher Studies,1
16322,2025-07-12 17:43:58,Better Offer,0
15810,2023-01-19 11:25:50,Health,1
31310,2020-11-10 21:05:52,Personal,1
30759,2021-09-07 17:39:25,Better Offer,0
17666,2021-12-29 05:56:37,Better Offer,0
37870,2021-01-01 02:15:29,Performance,0
40099,2019-10-10 01:33:45,Personal,0
10897,2023-06-25 09:23:38,Higher Studies,1
33775,2022-08-16 19:10:42,Relocation,0
1291,2025-01-13 01:32:21,Personal,0
33313,2020-02-26 15:31:45,Better Offer,0
14726,2023-06-07 22:47:47,Personal,0
25703,2019-10-08 01:47:44,Relocation,0
17565,2024-04-17 15:23:28,Health,1
41728,2022-12-25 01:06:24,Better Offer,0
33010,2021-04-24 03:49:41,Better Offer,0
10475,2022-08-14 16:17:32,Performance,0
11980,2024-05-05 10:25:33,Better Offer,0
32628,2022-12-01 08:28:27,Relocation,0
6562,2021-08-18 02:43:51,Better Offer,1
13292,2024-03-08 07:31:48,Better Offer,0
34620,2024-09-06 05:24:34,Better Offer,0
10979,2019-12-28 20:59:28,Better Offer,0
7459,2020-05-20 22:37:42,Better Offer,1
25270,2019-08-25 17:38:29,Better Offer,0
35090,2024-02-18 01:28:23,Better Offer,0
8663,2024-07-18 07:08:12,Relocation,0
19031,2025-03-28 06:37:27,Better Offer,0
37813,2021-07-28 14:56:54,Better Offer,0
24171,2019-08-12 13:42:09,Higher Studies,0
17261,2022-07-30 04:06:59,Better Offer,0
10191,2021-11-24 03:46:57,Better Offer,1
21690,2019-07-24 21:33:02,Better Offer,1
34460,2020-01-06 04:36:43,Better Offer,0
10830,2022-02-03 15:29:10,Relocation,0
33196,2025-09-30 17:32:20,Performance,0
5384,2021-09-30 20:21:57,Better Offer,0
5741,2020-12-19 22:35:11,Health,0
1238,2024-07-22 04:38:27,Better Offer,0
22802,2019-07-05 12:11:52,Better Offer,0
6645,2021-08-23 12:51:29,Performance,0
7840,2023-08-04 15:30:00,Better Offer,0
41884,2025-01-29 11:20:24,Performance,0
19433,2023-08-28 15:21:25,Better Offer,0
13211,2021-06-13 03:38:48,Higher Studies,0
2304,2022-07-09 08:06:51,Performance,0
30224,2021-10-14 15:55:43,Relocation,0
3769,2024-11-09 13:19:55,Better Offer,1
20676,2020-01-03 06:04:24,Performance,0
42630,2025-09-04 04:52:03,Personal,0
7388,2022-04-25 20:57:05,Performance,1
3632,2023-09-01 06:10:43,Better Offer,0
25307,2024-06-30 07:05:29,Higher Studies,1
9409,2020-06-14 19:17:56,Relocation,0
37584,2024-03-13 22:20:37,Better Offer,0
28890,2022-04-21 07:55:35,Health,1
15994,2025-06-22 16:04:04,Better Offer,0
27490,2020-04-27 18:50:07,Personal,0
29656,2021-10-10 08:57:28,Better Offer,0
7149,2021-01-13 15:59:37,Performance,0
28486,2020-01-17 18:21:51,Health,0
22094,2024-08-03 06:37:43,Better Offer,0
24117,2022-03-10 11:42:45,Personal,0
53,2021-01-04 08:35:04,Better Offer,0
10941,2024-10-01 11:06:07,Higher Studies,1
2638,2023-06-21 04:32:54,Personal,0
12276,2022-06-08 19:15:34,Better Offer,0
24518,2021-07-25 15:48:17,Performance,0
33269,2023-10-24 09:35:27,Better Offer,0
32881,2023-01-06 14:02:43,Better Offer,0
13765,2023-05-31 10:40:11,Better Offer,1
7412,2024-08-05 06:54:15,Better Offer,0
14028,2022-10-23 16:23:14,Better Offer,0
14119,2021-05-23 08:19:46,Relocation,1
37133,2025-05-04 01:20:54,Higher Studies,0
2374,2023-11-30 20:56:13,Higher Studies,0
33205,2023-09-04 01:03:11,Health,0
1853,2025-07-06 14:37:51,Better Offer,0
11401,2023-07-16 00:33:57,Better Offer,0
26963,2025-04-25 12:59:21,Better Offer,0
1096,2024-12-03 10:26:42,Higher Studies,0
19904,2021-04-30 08:34:31,Relocation,1
40844,2023-03-11 20:40:03,Personal,0
30529,2022-04-26 12:16:16,Better Offer,0
36242,2021-03-13 09:45:04,Health,0
14473,2023-01-03 07:57:18,Relocation,0
27467,2025-02-21 19:47:24,Better Offer,0
18672,2025-03-16 18:54:17,Performance,1
35816,2024-05-13 18:04:04,Relocation,0
35835,2022-10-17 07:14:28,Personal,0
39746,2020-09-22 05:41:08,Better Offer,0
9456,2019-11-15 09:44:08,Relocation,0
10644,2024-04-07 09:51:43,Better Offer,0
34242,2023-08-30 06:04:36,Performance,1
31705,2024-04-24 04:34:41,Performance,0
29856,2025-06-09 08:32:19,Performance,0
27942,2020-11-08 10:15:56,Higher Studies,0
16841,2023-05-01 08:09:23,Better Offer,0
32781,2022-01-03 07:52:40,Higher Studies,1
1288,2022-05-02 13:12:44,Higher Studies,0
27807,2020-05-13 12:39:24,Personal,1
8991,2024-04-15 12:31:15,Better Offer,1
32303,2024-03-08 23:57:55,Personal,1
33589,2019-09-22 19:57:32,Better Offer,1
20879,2025-06-03 20:45:57,Better Offer,0
386,2020-07-29 07:52:16,Performance,1
26717,2025-07-07 01:17:20,Higher Studies,0
30659,2023-12-03 08:40:58,Personal,0
2156,2022-08-22 23:11:06,Personal,1
25630,2022-08-21 03:35:07,Personal,0
40429,2021-06-27 03:21:52,Personal,0
10814,2021-10-14 18:49:17,Performance,0
13713,2022-06-03 09:42:22,Personal,0
26515,2022-10-13 20:51:27,Health,0
5286,2023-09-19 22:28:08,Relocation,0
8635,2020-06-30 20:35:35,Personal,0
28465,2023-03-01 20:52:32,Better Offer,0
31412,2023-05-25 17:21:15,Performance,0
4442,2024-03-10 00:31:02,Better Offer,0
11854,2023-01-02 05:23:20,Better Offer,0
32660,2025-06-14 17:28:54,Better Offer,0
13793,2019-07-28 06:19:48,Health,0
32127,2023-01-20 04:12:13,Higher Studies,0
20721,2024-02-04 14:58:03,Performance,0
9876,2020-05-25 17:12:08,Performance,0
34031,2023-07-27 17:46:20,Personal,0
33215,2022-01-19 01:20:31,Relocation,0
4059,2025-09-20 17:46:35,Better Offer,1
38864,2020-07-07 06:11:32,Personal,0
7940,2023-09-30 23:11:19,Performance,1
9528,2025-03-05 02:46:08,Performance,0
12000,2021-10-02 13:31:39,Better Offer,0
39116,2025-02-13 09:48:24,Performance,0
8488,2024-05-14 14:31:16,Relocation,1
39996,2024-06-03 05:33:24,Personal,1
36654,2023-12-12 12:31:16,Better Offer,1
7183,2020-12-25 01:31:51,Performance,1
33272,2020-10-01 03:01:22,Better Offer,0
9554,2019-09-14 21:00:27,Better Offer,0
41080,2022-09-28 03:34:07,Higher Studies,1
38664,2025-10-12 15:43:53,Performance,1
11382,2025-03-03 05:25:45,Personal,0
236,2025-06-24 15:25:46,Better Offer,0
34768,2024-10-13 17:55:48,Better Offer,0
24100,2021-11-23 11:05:54,Better Offer,0
10952,2024-03-31 06:08:23,Performance,0
20608,2025-10-29 02:34:36,Better Offer,0
33965,2025-02-27 11:35:07,Performance,0
35360,2020-07-17 09:49:12,Better Offer,0
19709,2020-10-22 19:39:05,Relocation,1
929,2021-03-30 23:41:03,Better Offer,0
22329,2023-09-12 17:39:39,Performance,0
10058,2022-02-28 08:22:48,Better Offer,0
17944,2022-02-12 00:26:02,Better Offer,0
20733,2021-03-19 08:10:34,Relocation,0
17193,2024-02-08 04:37:34,Better Offer,0
19326,2023-03-11 02:45:55,Better Offer,0
8573,2024-02-15 17:12:01,Better Offer,0
6773,2020-07-14 13:23:00,Better Offer,0
38342,2024-08-16 14:57:59,Better Offer,0
13747,2025-10-13 17:37:37,Better Offer,0
34588,2024-05-10 10:26:15,Better Offer,1
30031,2024-08-03 01:49:10,Personal,0
41615,2021-07-12 17:49:45,Better Offer,0
23627,2023-07-15 03:23:59,Personal,0
38008,2022-02-28 16:50:23,Better Offer,0
21196,2024-03-25 19:10:10,Performance,0
21903,2020-07-07 16:50:51,Relocation,0
37022,2022-08-06 18:24:36,Performance,0
21899,2022-06-24 20:25:03,Better Offer,0
32926,2020-10-28 22:35:02,Better Offer,0
34174,2020-07-05 10:08:31,Better Offer,1
2507,2023-09-06 09:15:23,Better Offer,1
1258,2022-06-20 19:36:26,Higher Studies,0
21381,2025-04-05 08:54:25,Better Offer,1
20396,2024-01-20 09:06:47,Performance,0
17877,2021-08-19 04:24:05,Better Offer,0
9183,2023-03-29 02:21:02,Performance,0
6583,2024-01-06 16:22:28,Personal,1
32598,2025-05-11 03:31:59,Higher Studies,0
42214,2022-10-28 14:27:19,Better Offer,1
27150,2025-05-31 15:48:45,Better Offer,0
16622,2020-03-20 12:29:14,Performance,0
18094,2023-05-30 05:13:42,Better Offer,0
22580,2023-08-20 11:49:14,Higher Studies,0
15515,2023-11-03 10:46:07,Better Offer,1
5128,2021-04-08 02:27:46,Performance,0
11287,2021-12-24 02:44:50,Performance,0
18740,2019-10-05 23:22:29,Better Offer,1
8072,2025-05-16 01:38:46,Personal,0
1390,2021-06-08 12:33:13,Relocation,0
7929,2025-07-05 21:08:32,Performance,0
5104,2021-01-10 13:01:32,Better Offer,0
9609,2022-10-04 00:52:08,Performance,0
41794,2023-05-07 17:52:58,Performance,0
21459,2021-12-30 01:07:06,Health,1
3734,2025-02-24 02:38:52,Personal,0
17812,2023-06-22 01:57:10,Performance,1
9917,2025-03-19 13:28:12,Relocation,1
17168,2019-09-07 06:02:46,Performance,1
22085,2025-08-28 04:04:37,Performance,0
40711,2021-03-13 11:23:56,Performance,0
4304,2022-03-31 21:50:01,Better Offer,0
26999,2023-09-17 02:32:52,Health,0
1184,2024-12-20 11:56:06,Performance,0
1613,2023-04-15 16:51:14,Higher Studies,0
27372,2020-07-12 21:57:41,Relocation,0
14782,2021-09-19 03:52:16,Higher Studies,0
5267,2019-07-10 18:59:43,Higher Studies,0
19823,2020-05-14 23:17:05,Performance,0
29964,2023-10-28 08:40:33,Performance,1
26214,2020-10-17 19:48:29,Health,0
25107,2021-04-21 02:02:08,Health,0
573,2022-06-19 19:51:18,Better Offer,0
39204,2021-02-08 11:59:11,Better Offer,0
26016,2025-03-01 13:34:27,Performance,0
32242,2021-09-08 13:05:09,Better Offer,1
31203,2024-05-29 02:46:43,Health,1
23539,2023-05-17 23:14:13,Better Offer,1
27016,2022-10-29 02:46:30,Relocation,0
39730,2025-01-21 12:42:40,Better Offer,0
4522,2022-07-01 09:19:37,Higher Studies,0
192,2021-05-15 04:49:47,Personal,0
27003,2021-02-26 16:08:24,Personal,0
292,2023-04-05 07:31:51,Health,0
9725,2024-03-20 05:17:42,Better Offer,0
39047,2022-06-16 17:14:35,Performance,0
6261,2020-10-13 21:20:40,Better Offer,0
19057,2023-08-25 21:08:25,Better Offer,1
13987,2019-09-10 15:30:56,Better Offer,0
37510,2020-10-18 08:30:33,Relocation,1
30894,2023-06-07 05:01:30,Better Offer,0
23619,2019-12-06 17:34:46,Relocation,1
29675,2023-10-15 00:50:01,Relocation,0
11657,2023-07-25 11:35:56,Better Offer,0
23039,2024-01-22 04:38:48,Relocation,0
11569,2025-04-18 03:17:40,Better Offer,0
20070,2022-07-06 05:41:28,Better Offer,0
10359,2022-12-27 22:13:20,Better Offer,0
15608,2022-03-20 03:20:11,Better Offer,0
8000,2020-07-01 22:05:00,Performance,1
707,2022-05-14 16:16:00,Personal,0
17507,2022-04-19 01:08:01,Better Offer,1
29355,2023-04-16 11:38:47,Relocation,0
19643,2024-01-10 20:59:45,Better Offer,0
24707,2023-01-08 14:44:18,Performance,1
25255,2023-12-15 09:56:23,Personal,0
27690,2022-12-12 06:42:20,Performance,0
38708,2020-09-16 18:44:08,Performance,0
40404,2021-10-01 14:09:55,Relocation,0
20126,2020-11-14 11:57:35,Better Offer,0
23598,2023-09-19 23:56:36,Performance,0
14246,2024-09-28 09:19:56,Better Offer,0
10415,2023-10-05 16:59:02,Personal,1
42211,2024-04-22 21:53:44,Performance,0
26155,2024-11-07 06:25:10,Performance,0
28288,2025-09-27 06:48:51,Relocation,0
18087,2020-01-11 13:57:16,Better Offer,0
10881,2021-10-02 16:20:43,Relocation,0
39451,2024-12-26 08:18:15,Better Offer,0
15266,2020-04-24 15:43:50,Personal,0
15934,2023-04-07 18:24:51,Health,0
34579,2023-03-31 21:01:49,Health,1
17922,2022-07-14 03:15:48,Higher Studies,0
37439,2021-12-23 00:29:41,Health,0
29230,2021-11-26 20:01:30,Higher Studies,0
11437,2023-05-25 18:50:15,Better Offer,1
31349,2023-01-02 23:07:50,Better Offer,0
8512,2022-04-21 16:03:39,Personal,0
1446,2020-01-23 19:39:01,Better Offer,0
17613,2024-12-19 17:58:05,Better Offer,0
15488,2025-10-18 12:26:46,Higher Studies,0
40964,2021-09-25 23:13:51,Better Offer,0
7139,2021-11-13 05:38:16,Better Offer,0
22534,2019-07-31 03:36:26,Better Offer,0
32397,2023-05-22 10:55:24,Better Offer,0
25365,2021-04-04 19:13:52,Better Offer,0
11537,2025-06-23 23:22:50,Performance,1
4755,2020-11-20 15:03:42,Higher Studies,0
35970,2020-12-24 11:29:33,Relocation,0
25002,2021-05-27 22:18:09,Better Offer,0
9389,2024-05-05 05:12:57,Higher Studies,0
19457,2024-04-17 18:52:35,Health,0
30113,2022-02-11 02:38:07,Personal,0
9877,2025-09-29 06:32:41,Personal,0
8168,2024-01-04 21:28:56,Better Offer,0
21866,2021-08-13 12:34:06,Performance,0
37844,2023-12-12 12:07:02,Better Offer,0
28896,2019-08-07 23:49:00,Better Offer,0
13146,2023-09-19 21:04:58,Relocation,0
29789,2020-03-27 14:39:36,Better Offer,0
9417,2024-06-24 00:19:21,Personal,1
35269,2025-01-02 18:10:54,Higher Studies,0
3345,2020-06-08 01:26:49,Better Offer,0
995,2019-07-13 07:25:40,Relocation,0
34299,2022-07-27 03:02:21,Better Offer,0
19701,2023-06-02 11:26:55,Higher Studies,0
34840,2025-04-02 17:37:56,Better Offer,0
22379,2023-08-31 03:21:30,Relocation,0
23172,2023-06-10 03:35:29,Better Offer,0
18163,2024-02-04 04:36:58,Personal,0
33478,2020-01-04 10:51:09,Better Offer,1
40545,2023-06-05 02:59:31,Relocation,0
6289,2022-12-18 14:00:53,Better Offer,0
23276,2025-06-18 08:39:05,Better Offer,1
35774,2021-08-23 08:19:12,Relocation,0
42226,2022-03-23 10:00:48,Relocation,0
12555,2020-02-07 10:49:30,Higher Studies,1
8464,2020-10-15 00:46:36,Relocation,0
23498,2022-09-26 05:54:23,Relocation,0
27112,2021-02-09 16:42:18,Higher Studies,0
22656,2022-07-15 22:44:56,Performance,0
22221,2025-08-24 03:07:20,Better Offer,0
7344,2022-08-13 13:13:27,Better Offer,0
14721,2022-01-24 18:31:05,Higher Studies,0
12719,2021-07-24 23:57:25,Health,0
2137,2019-11-09 11:29:51,Better Offer,0
28972,2021-09-12 21:10:39,Better Offer,0
21701,2024-10-06 09:29:13,Health,0
13324,2023-01-21 22:07:43,Better Offer,0
29445,2020-08-05 08:54:17,Relocation,0
6244,2020-12-10 07:37:02,Relocation,0
29288,2025-02-06 10:58:21,Relocation,1
31008,2022-01-25 05:09:21,Personal,1
18532,2023-02-07 18:01:48,Performance,0
14935,2023-01-01 23:53:42,Better Offer,0
12523,2022-04-12 01:24:51,Personal,0
15649,2022-07-18 19:02:21,Higher Studies,0
21436,2025-05-06 01:04:21,Better Offer,0
34696,2022-07-07 23:48:16,Performance,0
24665,2025-04-14 14:38:54,Better Offer,0
4066,2022-06-20 02:22:26,Better Offer,1
21380,2019-08-30 21:06:58,Better Offer,0
28260,2021-04-16 15:09:01,Better Offer,1
20085,2025-09-04 15:49:58,Higher Studies,1
17806,2020-10-30 04:05:34,Higher Studies,1
38539,2025-06-03 05:45:40,Personal,0
29801,2019-12-09 13:34:18,Personal,0
22465,2020-02-10 20:42:32,Relocation,0
42963,2024-11-04 22:48:22,Performance,0
40220,2021-02-15 17:42:24,Better Offer,0
17523,2022-05-19 17:03:20,Better Offer,0
21442,2024-06-06 02:39:05,Higher Studies,0
20100,2023-04-06 16:45:27,Higher Studies,0
30495,2023-10-14 14:29:54,Better Offer,0
8681,2019-09-25 12:06:43,Performance,0
7035,2023-09-24 04:19:09,Better Offer,1
19795,2022-12-06 21:58:06,Better Offer,0
41494,2021-04-27 13:45:56,Better Offer,0
27695,2020-12-13 03:56:25,Relocation,0
30307,2021-05-02 18:09:06,Better Offer,0
25217,2023-10-25 07:05:21,Performance,0
28488,2020-10-26 16:05:04,Relocation,1
31436,2021-10-31 14:31:26,Better Offer,0
36550,2023-06-26 06:42:11,Personal,1
38692,2019-10-16 02:15:33,Better Offer,0
39489,2023-01-16 23:23:17,Better Offer,1
42793,2023-05-13 07:54:01,Performance,0
34229,2025-06-29 14:19:13,Better Offer,1
5216,2025-01-15 16:22:03,Relocation,1
33089,2024-06-11 00:49:42,Higher Studies,1
14360,2021-07-25 10:12:50,Performance,1
18539,2025-05-27 01:24:10,Health,0
30390,2021-07-10 08:11:06,Performance,0
3542,2024-08-20 20:18:52,Better Offer,0
28630,2022-08-13 07:17:56,Relocation,1
20848,2025-01-17 07:25:18,Better Offer,0
13375,2025-06-17 15:04:32,Better Offer,0
9205,2019-11-30 16:09:59,Higher Studies,0
7548,2022-01-14 08:24:19,Better Offer,0
35924,2022-10-22 06:28:06,Better Offer,1
22857,2021-09-12 06:20:37,Health,1
29347,2020-12-27 17:47:46,Better Offer,1
32399,2020-07-12 01:57:17,Better Offer,1
4816,2023-12-18 11:40:41,Better Offer,1
21715,2019-08-22 07:11:59,Better Offer,1
40120,2023-10-21 18:20:04,Better Offer,1
25029,2025-05-16 06:27:06,Personal,0
11400,2022-03-25 04:07:26,Relocation,0
16920,2024-03-21 00:30:22,Better Offer,0
2355,2019-11-26 10:06:57,Performance,0
30071,2022-10-19 15:35:46,Better Offer,0
5590,2020-04-14 22:13:30,Relocation,0
12423,2020-11-24 04:25:56,Better Offer,0
17479,2022-11-26 22:20:27,Better Offer,0
29022,2020-01-12 15:59:20,Better Offer,0
37240,2023-02-10 00:19:44,Better Offer,0
42242,2019-10-22 20:17:18,Performance,1
42923,2025-03-06 15:40:25,Better Offer,0
14330,2020-12-29 07:27:40,Better Offer,0
5390,2021-02-12 15:50:29,Performance,1
22216,2023-08-24 14:10:59,Better Offer,0
22452,2025-03-03 12:46:15,Personal,1
5722,2020-03-26 14:50:01,Relocation,1
33194,2020-09-05 22:32:18,Better Offer,0
32379,2025-10-05 12:43:34,Better Offer,0
14081,2025-04-28 15:40:28,Better Offer,0
27900,2025-06-27 15:12:09,Better Offer,0
15870,2020-05-02 07:50:28,Better Offer,0
17320,2024-10-21 21:34:18,Health,0
1916,2024-11-02 20:26:40,Health,0
41538,2023-08-10 07:12:13,Better Offer,0
7564,2022-10-16 08:12:06,Performance,1
19584,2020-12-07 04:40:38,Better Offer,0
21581,2025-04-18 20:32:26,Higher Studies,1
7892,2025-06-29 13:54:13,Relocation,1
4539,2023-09-12 05:44:11,Relocation,0
7247,2023-11-28 20:01:04,Higher Studies,0
13900,2021-03-30 01:22:07,Better Offer,1
39300,2020-12-29 08:59:41,Better Offer,1
37802,2020-01-11 06:40:27,Relocation,0
6498,2023-04-13 06:25:10,Better Offer,0
26591,2022-01-19 04:16:06,Better Offer,1
18552,2019-11-21 02:31:07,Better Offer,0
41149,2020-05-19 06:10:06,Better Offer,0
38758,2023-07-08 21:34:16,Better Offer,1
6636,2021-08-30 19:53:59,Better Offer,1
37622,2023-01-24 04:16:36,Performance,1
22694,2024-08-14 02:06:25,Relocation,1
26449,2021-03-05 08:48:34,Relocation,0
25891,2024-09-17 05:41:10,Relocation,1
43,2019-10-17 00:36:56,Higher Studies,1
28887,2025-05-20 11:43:12,Performance,1
5067,2025-03-02 16:06:43,Better Offer,0
24998,2024-06-05 23:10:13,Relocation,1
3584,2021-09-28 07:05:14,Better Offer,0
11143,2025-04-15 05:46:03,Better Offer,0
427,2025-01-23 15:59:01,Higher Studies,1
31327,2022-02-02 19:06:34,Personal,0
25727,2020-01-01 17:54:09,Performance,1
29213,2024-10-20 13:53:00,Better Offer,0
449,2023-03-27 21:36:27,Personal,0
32632,2020-09-25 07:30:00,Relocation,0
40743,2019-07-27 15:55:12,Better Offer,0
18943,2024-06-17 01:42:46,Higher Studies,0
39292,2024-06-18 14:30:36,Better Offer,0
2929,2020-04-07 13:44:26,Better Offer,0
35661,2022-11-27 19:47:39,Better Offer,1
36259,2022-08-05 03:05:27,Performance,0
15313,2021-08-14 14:44:07,Personal,0
34611,2020-04-29 07:58:15,Higher Studies,0
28175,2022-03-23 05:13:51,Personal,0
33286,2022-11-05 19:40:22,Better Offer,0
29654,2022-03-13 00:50:09,Health,0
11338,2024-05-23 06:09:04,Performance,1
5473,2024-08-13 02:10:53,Relocation,0
24049,2025-06-18 14:29:59,Better Offer,1
26857,2025-07-06 04:00:03,Better Offer,1
29454,2022-02-17 19:00:28,Better Offer,0
17367,2023-06-06 05:10:21,Better Offer,1
1805,2022-04-21 23:53:18,Relocation,0
17872,2024-12-15 11:54:59,Better Offer,1
41435,2023-02-09 10:40:12,Personal,0
14753,2023-03-20 11:01:20,Better Offer,1
27065,2020-08-30 19:33:04,Relocation,1
6899,2020-08-13 22:30:03,Better Offer,0
5399,2025-10-15 11:18:18,Better Offer,0
11395,2023-07-07 15:06:18,Better Offer,0
26208,2023-05-19 01:26:45,Better Offer,0
2678,2025-07-30 15:26:00,Better Offer,0
31798,2025-09-20 12:47:21,Better Offer,0
5939,2019-07-12 11:16:37,Better Offer,0
9024,2024-04-01 02:45:21,Personal,0
11779,2025-06-01 21:21:57,Personal,0
25242,2025-07-04 00:53:47,Better Offer,0
4156,2023-10-22 01:27:58,Better Offer,0
17690,2022-12-01 15:28:44,Higher Studies,0
16372,2022-09-10 18:30:20,Personal,0
2003,2024-05-08 14:12:33,Performance,0
541,2023-04-19 11:54:32,Relocation,0
2459,2023-07-12 14:43:39,Performance,0
2221,2024-12-12 00:17:14,Relocation,1
34220,2024-03-20 13:37:51,Better Offer,1
7436,2024-05-27 02:07:36,Health,0
9549,2021-03-31 12:07:01,Personal,1
12750,2021-08-31 10:01:13,Better Offer,1
8880,2022-03-21 13:20:35,Personal,0
40567,2021-11-05 16:50:27,Performance,1
20988,2023-07-20 17:32:12,Better Offer,1
29572,2021-11-07 13:01:45,Better Offer,0
6756,2025-07-01 01:52:54,Performance,0
24645,2025-05-06 19:22:49,Better Offer,0
8988,2020-10-26 14:23:36,Relocation,0
41965,2022-04-16 17:53:31,Better Offer,0
34717,2022-11-03 16:05:25,Performance,0
8005,2020-04-21 16:05:10,Higher Studies,0
32884,2025-03-18 15:21:31,Performance,0
10358,2022-07-19 17:50:35,Better Offer,0
35386,2024-10-23 17:32:31,Performance,0
40712,2019-11-26 04:49:38,Health,0
4533,2023-12-08 10:32:42,Better Offer,1
31719,2021-11-21 07:47:37,Health,0
8715,2019-12-26 16:40:39,Better Offer,1
38367,2019-10-03 04:29:51,Performance,1
29849,2020-06-12 02:24:24,Better Offer,0
20598,2025-05-13 22:43:31,Performance,0
15687,2021-06-04 11:58:05,Relocation,0
7692,2022-11-24 23:54:28,Performance,0
13755,2021-06-04 18:05:43,Better Offer,0
6096,2021-03-18 05:35:12,Personal,0
12383,2023-09-28 21:19:03,Performance,0
3082,2024-10-16 20:17:16,Better Offer,0
24819,2019-12-03 07:03:34,Better Offer,0
11231,2025-09-28 13:10:26,Better Offer,1
8350,2022-04-26 20:11:34,Better Offer,0
19501,2022-04-12 23:04:20,Better Offer,1
1006,2023-11-16 14:27:15,Performance,0
23671,2021-12-19 16:37:17,Better Offer,0
42931,2024-10-31 08:26:40,Health,0
35026,2023-05-21 14:59:28,Better Offer,0
38066,2024-07-02 12:15:38,Relocation,0
43213,2020-09-23 22:29:18,Personal,1
13372,2020-01-25 01:48:51,Personal,0
18340,2024-05-01 16:39:33,Higher Studies,1
7598,2019-08-04 17:49:19,Better Offer,1
14959,2025-06-02 11:50:49,Relocation,1
37476,2022-03-26 21:31:04,Better Offer,0
36202,2020-02-15 13:19:20,Performance,1
18422,2019-08-09 03:27:37,Personal,0
30749,2022-10-08 05:53:39,Health,0
3407,2022-02-28 20:41:36,Health,0
20294,2023-10-08 06:10:06,Better Offer,0
4475,2022-05-26 17:14:58,Relocation,0
41651,2025-01-17 13:03:26,Better Offer,0
25356,2020-09-15 18:58:05,Performance,0
5907,2021-05-25 17:47:58,Better Offer,1
28045,2019-08-12 19:01:27,Personal,0
23462,2023-09-27 06:23:24,Performance,0
30709,2021-05-23 05:08:42,Performance,0
2740,2024-08-29 14:05:08,Relocation,0
17310,2021-09-29 05:51:36,Better Offer,1
1247,2025-06-13 02:44:25,Personal,1
19677,2022-06-27 09:30:43,Better Offer,1
16502,2025-05-16 01:45:57,Better Offer,0
6041,2020-05-16 08:51:57,Personal,0
21328,2022-11-06 09:14:39,Better Offer,0
16571,2020-09-29 10:21:16,Higher Studies,0
731,2020-12-12 01:24:04,Better Offer,1
23810,2022-02-04 04:34:37,Better Offer,0
19562,2025-09-23 08:25:37,Health,0
1110,2022-03-31 03:06:34,Relocation,0
12420,2024-04-16 11:14:48,Better Offer,1
7363,2022-05-13 17:42:12,Performance,0
17211,2021-02-17 10:55:55,Performance,0
4348,2019-11-30 03:45:07,Better Offer,1
34266,2022-11-26 05:08:50,Higher Studies,0
6661,2020-03-14 20:06:22,Relocation,1
2919,2020-03-01 00:01:26,Better Offer,0
5546,2025-03-23 08:16:21,Better Offer,1
18579,2023-01-06 14:44:29,Better Offer,1
3133,2022-11-16 00:02:01,Relocation,0
21458,2025-07-18 18:51:45,Performance,0
32244,2022-02-09 06:12:51,Performance,0
5014,2021-12-10 09:34:15,Better Offer,1
5464,2021-02-18 18:09:15,Better Offer,1
32516,2021-11-29 13:21:30,Better Offer,0
31506,2021-07-10 15:11:42,Better Offer,0
29886,2022-07-05 21:14:29,Better Offer,0
39129,2023-07-03 08:06:53,Personal,0
10734,2025-09-11 17:55:27,Better Offer,0
40361,2021-05-08 23:37:09,Better Offer,0
12403,2024-06-18 00:03:18,Personal,0
37611,2025-03-29 06:23:42,Better Offer,0
3162,2020-10-17 18:51:07,Relocation,0
38070,2025-04-07 05:27:23,Relocation,0
18845,2019-08-28 23:28:19,Higher Studies,0
28771,2021-09-12 04:40:33,Health,1
27293,2021-11-28 12:48:50,Personal,0
20870,2022-09-23 08:58:21,Performance,1
41227,2023-05-23 14:06:32,Better Offer,0
26077,2021-06-21 01:10:21,Better Offer,1
36311,2025-01-09 14:10:03,Better Offer,0
22879,2025-02-20 03:53:49,Performance,1
37956,2019-07-31 13:31:35,Relocation,1
39004,2023-09-04 10:23:37,Personal,0
26052,2022-03-26 22:36:49,Better Offer,0
15839,2020-02-17 09:50:53,Health,0
6551,2023-01-22 14:40:53,Performance,0
25183,2019-11-28 19:46:19,Performance,0
17439,2024-07-20 03:29:31,Higher Studies,0
22396,2020-07-23 02:46:27,Better Offer,1
19694,2025-01-04 20:25:40,Relocation,0
11669,2023-07-14 13:35:05,Better Offer,0
9285,2024-11-17 03:31:16,Better Offer,1
9196,2021-06-20 02:12:04,Personal,0
15865,2024-10-12 11:45:39,Higher Studies,0
33064,2021-11-25 01:29:03,Higher Studies,0
24960,2021-08-20 12:42:18,Relocation,0
42973,2021-11-11 03:39:53,Better Offer,0
15303,2019-08-11 11:55:54,Better Offer,0
25354,2022-07-20 02:59:31,Performance,0
36518,2021-06-21 01:46:34,Relocation,0
2715,2024-11-25 17:50:22,Better Offer,0
15634,2022-11-06 21:37:19,Better Offer,0
7430,2023-10-03 15:28:31,Higher Studies,0
2902,2021-08-02 18:46:14,Personal,0
36185,2024-02-15 11:09:50,Better Offer,0
31279,2024-04-14 11:21:02,Performance,0
9956,2020-06-19 12:14:33,Better Offer,0
26393,2021-05-19 08:41:06,Better Offer,0
11600,2025-09-28 05:05:57,Higher Studies,0
19299,2020-08-21 03:12:27,Better Offer,1
11468,2024-10-31 04:38:13,Performance,0
5845,2020-06-11 16:43:49,Better Offer,1
21288,2019-12-25 09:00:54,Relocation,0
14379,2019-07-29 01:30:36,Better Offer,1
340,2025-07-14 03:10:01,Health,1
5306,2023-04-29 03:35:33,Personal,0
11541,2023-02-25 14:33:03,Personal,0
36539,2019-08-04 21:41:35,Better Offer,0
1412,2022-10-09 20:13:55,Better Offer,0
2812,2020-08-06 09:40:03,Better Offer,1
6691,2025-04-29 00:40:56,Better Offer,0
34437,2024-07-14 00:24:07,Performance,0
39435,2019-07-03 10:50:09,Better Offer,0
41082,2025-08-27 15:05:08,Relocation,0
7753,2022-03-30 23:48:34,Personal,1
4883,2023-12-05 10:00:29,Personal,1
1440,2021-08-30 08:59:37,Performance,1
14575,2019-12-02 03:43:41,Better Offer,1
32575,2022-04-16 17:58:52,Performance,0
7340,2020-02-11 01:23:36,Better Offer,0
28156,2024-01-23 22:32:46,Relocation,0
3051,2025-05-25 15:26:30,Better Offer,1
38757,2022-04-27 14:01:35,Better Offer,1
34448,2021-11-02 12:42:49,Higher Studies,0
26514,2024-06-29 22:56:05,Better Offer,0
40091,2019-10-29 00:36:49,Better Offer,0
30503,2019-07-09 14:20:09,Better Offer,0
37839,2025-03-21 06:30:33,Relocation,0
3227,2024-08-01 23:14:39,Higher Studies,0
34072,2021-05-09 01:12:41,Better Offer,0
37838,2023-08-14 18:37:50,Better Offer,0
20006,2024-02-29 09:51:03,Relocation,0
27492,2020-01-11 00:35:03,Better Offer,0
37187,2022-01-02 04:36:12,Better Offer,0
37582,2025-05-19 22:34:10,Better Offer,1
24048,2021-01-07 04:23:55,Higher Studies,1
27745,2022-10-07 23:39:58,Better Offer,0
6521,2024-12-11 06:08:25,Personal,0
22481,2020-04-05 12:48:39,Personal,0
3643,2022-08-23 17:29:19,Better Offer,0
7628,2024-01-08 22:06:35,Better Offer,1
23094,2022-12-30 16:26:59,Better Offer,0
27087,2023-05-30 12:29:12,Relocation,0
35400,2023-01-09 01:08:42,Performance,1
12401,2021-05-23 01:29:47,Better Offer,0
18397,2023-10-29 05:09:33,Better Offer,0
40870,2020-06-09 10:44:45,Performance,0
37307,2020-07-26 10:17:29,Performance,0
27783,2025-06-09 22:55:09,Relocation,0
26231,2025-09-14 10:00:06,Relocation,0
23499,2020-10-10 10:44:54,Performance,0
19648,2020-10-05 13:17:43,Better Offer,0
477,2024-05-31 10:13:30,Performance,0
30424,2024-04-04 23:07:53,Personal,0
7027,2023-09-02 06:24:02,Better Offer,0
2910,2022-04-01 22:52:49,Better Offer,0
18727,2024-02-20 16:27:13,Better Offer,0
9655,2020-10-24 13:32:07,Relocation,0
1128,2021-03-15 18:19:30,Relocation,0
8789,2024-12-27 01:27:13,Relocation,0
21667,2025-06-12 19:18:40,Better Offer,0
39152,2019-08-16 17:06:26,Better Offer,1
10612,2024-02-12 20:14:03,Relocation,1
31094,2020-01-02 00:34:41,Better Offer,1
108,2025-01-12 04:55:22,Personal,0
20826,2023-07-14 09:17:45,Better Offer,0
1964,2024-03-12 05:00:10,Performance,0
27422,2022-12-31 11:51:38,Performance,0
35039,2019-11-20 01:14:41,Relocation,0
17493,2021-05-22 09:02:20,Better Offer,0
35180,2019-11-19 23:46:54,Better Offer,0
30660,2024-10-10 00:53:30,Better Offer,0
23105,2021-10-14 17:44:44,Better Offer,0
27574,2024-03-19 09:47:57,Health,0
16166,2019-08-04 02:06:07,Personal,0
43139,2021-07-17 01:59:04,Better Offer,1
42936,2021-08-23 19:10:04,Better Offer,0
24220,2022-02-24 20:37:35,Performance,0
5927,2022-07-19 17:03:00,Better Offer,0
28627,2020-04-10 19:15:30,Higher Studies,0
399,2019-09-29 17:42:17,Better Offer,0
8504,2020-11-03 00:48:03,Personal,0
41156,2025-01-30 22:45:48,Relocation,0
38116,2024-10-05 00:49:54,Relocation,0
25827,2021-05-10 10:01:51,Better Offer,0
22553,2024-11-17 16:54:51,Better Offer,0
31758,2022-12-08 14:05:36,Better Offer,1
2743,2020-10-10 21:02:53,Health,0
7543,2023-05-14 02:26:30,Higher Studies,0
11712,2025-09-03 21:45:14,Performance,0
39273,2025-07-08 17:02:57,Better Offer,0
41559,2024-02-17 23:58:06,Performance,0
793,2022-09-27 09:29:39,Personal,0
31237,2025-05-19 14:03:34,Better Offer,1
36970,2024-09-10 21:39:10,Better Offer,0
39596,2025-01-29 13:41:40,Performance,0
33231,2023-03-12 11:55:52,Better Offer,0
1589,2020-06-05 05:20:46,Higher Studies,0
465,2023-02-21 15:29:04,Personal,0
3713,2022-11-27 15:22:24,Performance,1
12009,2019-08-01 00:17:57,Higher Studies,0
36964,2021-10-16 09:48:16,Performance,1
3324,2022-01-02 07:15:11,Better Offer,0
36394,2023-04-25 12:51:28,Health,0
8949,2021-08-23 01:41:24,Better Offer,0
16218,2024-09-15 23:57:04,Better Offer,0
16750,2021-01-17 15:58:43,Better Offer,0
4766,2020-03-04 23:53:47,Better Offer,0
39732,2019-10-26 08:40:39,Better Offer,0
37385,2023-01-01 09:21:39,Personal,0
36356,2023-05-06 16:11:39,Better Offer,0
16963,2020-03-29 23:43:24,Better Offer,0
34646,2025-01-27 04:36:32,Better Offer,0
40933,2021-01-12 09:40:20,Performance,0
10745,2021-09-25 16:35:36,Performance,1
32761,2023-10-10 06:04:26,Better Offer,1
5544,2021-05-10 16:45:49,Better Offer,0
26029,2023-10-28 19:14:18,Better Offer,0
6418,2022-01-28 05:57:09,Better Offer,0
35404,2022-08-29 15:40:49,Performance,0
14722,2021-06-07 08:25:42,Relocation,0
28992,2021-01-03 17:40:04,Higher Studies,1
1987,2019-07-28 15:43:15,Performance,0
4701,2021-07-12 01:52:41,Higher Studies,0
42648,2024-10-13 14:13:05,Better Offer,0
3073,2024-10-04 06:31:15,Performance,1
14157,2020-05-21 23:37:45,Higher Studies,0
2346,2023-09-26 05:27:30,Better Offer,1
5331,2020-12-17 16:10:57,Better Offer,0
42870,2023-11-02 18:51:50,Better Offer,0
39731,2021-02-17 03:42:16,Better Offer,0
23625,2025-10-09 11:08:32,Higher Studies,1
29151,2023-04-09 10:06:37,Better Offer,0
24270,2021-06-29 22:07:29,Personal,0
34410,2019-09-14 17:25:54,Better Offer,0
34056,2025-09-29 22:50:56,Higher Studies,0
21238,2025-03-19 02:25:25,Better Offer,0
35279,2024-07-06 17:33:03,Better Offer,0
38606,2022-04-07 10:48:37,Better Offer,1
6338,2019-07-03 11:22:55,Better Offer,0
1228,2024-03-04 04:21:15,Better Offer,0
32098,2020-03-05 14:30:22,Performance,0
2764,2019-08-24 04:25:34,Better Offer,0
589,2020-12-08 22:05:58,Performance,1
22661,2021-06-22 05:35:19,Better Offer,0
35616,2021-03-02 08:28:56,Performance,0
26223,2022-12-08 00:43:47,Higher Studies,1
37259,2024-03-14 07:19:53,Higher Studies,0
33999,2024-07-07 07:29:16,Better Offer,0
1243,2024-07-09 03:25:49,Better Offer,1
35314,2024-06-29 15:54:12,Personal,1
35771,2024-07-26 08:42:58,Personal,0
33533,2024-02-21 17:18:49,Higher Studies,0
36828,2020-07-14 04:07:40,Relocation,0
29424,2021-12-08 00:38:41,Higher Studies,1
40399,2025-01-25 15:20:54,Better Offer,1
24504,2025-06-29 21:16:47,Personal,0
31491,2024-03-13 13:05:59,Better Offer,0
3637,2021-01-27 02:24:33,Relocation,0
6234,2021-04-16 14:54:45,Better Offer,0
10756,2023-06-10 06:50:31,Better Offer,0
1993,2023-11-21 04:53:19,Personal,0
28990,2020-09-10 07:46:03,Better Offer,0
1537,2023-06-16 07:45:34,Better Offer,1
26170,2025-02-17 20:55:38,Performance,0
14929,2022-04-23 01:09:11,Health,1
1704,2020-04-21 01:38:50,Performance,1
20279,2020-11-01 01:01:21,Health,1
37367,2021-09-01 08:32:14,Better Offer,0
26336,2023-08-30 03:52:06,Better Offer,0
18698,2024-06-03 14:58:13,Higher Studies,1
32860,2021-01-05 04:07:29,Performance,0
4581,2021-05-19 06:09:50,Personal,0
22614,2023-05-29 10:37:25,Relocation,1
23217,2021-06-16 02:22:59,Performance,0
36805,2021-05-21 05:57:09,Better Offer,0
32821,2019-11-05 00:35:56,Better Offer,0
15014,2025-02-10 17:05:17,Health,0
2218,2024-11-20 09:14:57,Better Offer,0
25574,2024-03-29 21:09:12,Relocation,0
40165,2024-10-06 10:05:41,Personal,0
42273,2021-01-03 03:37:43,Personal,0
8523,2021-01-25 09:58:52,Better Offer,1
36268,2020-07-06 01:33:11,Health,0
18577,2022-04-01 19:12:20,Better Offer,0
33581,2021-10-02 12:48:03,Performance,1
71,2021-06-15 08:16:06,Higher Studies,1
22257,2021-04-07 04:39:08,Better Offer,0
35389,2024-03-16 13:07:44,Personal,0
32281,2022-12-11 16:12:33,Personal,1
15,2024-07-14 21:08:35,Personal,0
32591,2025-07-11 13:54:02,Better Offer,0
33336,2025-01-22 09:10:53,Health,0
30087,2023-06-30 16:30:14,Performance,0
11266,2021-08-01 04:41:14,Better Offer,1
1554,2021-02-18 22:27:29,Better Offer,1
36864,2025-04-05 18:38:14,Performance,0
24578,2021-10-05 14:41:59,Better Offer,0
28290,2021-02-24 10:00:38,Better Offer,0
36071,2025-10-29 13:31:04,Personal,0
2582,2024-06-20 20:48:03,Personal,0
5069,2022-09-26 16:42:07,Better Offer,0
8931,2021-08-29 07:03:25,Performance,0
845,2023-09-29 06:24:52,Higher Studies,0
20763,2025-09-17 03:34:06,Performance,0
9149,2022-04-30 09:22:20,Better Offer,1
33137,2024-07-18 19:06:02,Relocation,0
34540,2023-10-29 10:29:50,Relocation,0
5275,2019-10-25 05:12:58,Personal,0
24407,2022-06-26 19:37:05,Better Offer,0
10529,2025-01-16 20:03:33,Better Offer,0
36182,2020-08-08 03:41:38,Better Offer,0
29514,2022-04-24 10:06:53,Performance,1
15245,2021-01-23 03:54:08,Better Offer,0
15470,2025-06-12 06:12:51,Higher Studies,0
19834,2019-08-31 11:11:42,Relocation,0
22999,2023-09-26 09:28:31,Relocation,0
42433,2021-10-25 23:33:02,Better Offer,1
28555,2025-01-13 09:48:47,Better Offer,0
40246,2022-02-01 06:05:38,Better Offer,1
1401,2021-08-18 21:36:49,Better Offer,0
30345,2020-04-05 11:58:35,Relocation,1
26188,2024-03-18 03:36:05,Better Offer,0
25308,2020-01-06 20:45:46,Better Offer,0
19476,2022-08-20 13:57:15,Performance,0
9087,2025-06-26 01:36:34,Health,0
1678,2021-10-15 14:43:07,Performance,0
35627,2024-07-01 00:45:43,Personal,0
40240,2024-10-15 18:48:35,Higher Studies,0
38631,2019-10-21 09:09:30,Performance,0
18789,2025-01-04 14:41:20,Higher Studies,1
41471,2020-08-26 05:12:11,Personal,0
41958,2020-01-02 06:25:31,Better Offer,0
15278,2024-07-01 12:06:27,Relocation,0
32852,2025-09-12 11:27:29,Relocation,0
25597,2024-08-14 14:29:42,Better Offer,1
35623,2022-04-29 13:13:55,Better Offer,0
30431,2024-08-29 05:38:11,Better Offer,0
13364,2023-11-14 09:36:00,Personal,1
25380,2019-12-30 23:35:28,Relocation,0
393,2020-11-10 22:56:51,Better Offer,0
1004,2024-01-12 03:46:12,Personal,0
8938,2023-01-15 10:13:37,Better Offer,0
39922,2021-01-20 07:35:49,Personal,0
38931,2024-03-24 00:37:24,Higher Studies,0
4435,2021-07-02 21:25:56,Relocation,1
16937,2021-09-09 16:39:43,Better Offer,0
5543,2020-11-20 19:16:07,Higher Studies,0
9468,2024-11-01 06:26:18,Relocation,0
35918,2020-10-18 01:50:33,Performance,1
1644,2021-12-24 07:34:22,Better Offer,0
33752,2020-12-30 23:48:29,Better Offer,0
39207,2021-11-21 05:12:45,Performance,0
38566,2024-04-20 22:24:39,Higher Studies,1
5195,2024-11-29 05:37:14,Relocation,0
34017,2023-09-26 22:00:21,Relocation,1
30600,2019-09-26 06:16:40,Better Offer,0
26603,2020-07-26 11:49:34,Better Offer,1
22362,2022-01-21 10:40:22,Better Offer,1
15275,2024-11-03 22:57:27,Better Offer,0
35823,2020-01-25 20:33:40,Relocation,0
32790,2025-09-11 17:31:01,Better Offer,1
12228,2021-05-25 21:13:31,Health,0
38110,2022-11-03 14:36:34,Performance,1
691,2021-01-15 20:03:53,Better Offer,0
13551,2024-06-15 12:05:41,Performance,0
1388,2021-11-28 19:37:09,Better Offer,1
1505,2024-11-17 15:03:20,Better Offer,0
21159,2020-11-08 23:00:02,Better Offer,1
8590,2022-06-28 21:02:18,Better Offer,0
5298,2021-01-04 09:44:10,Better Offer,1
15499,2024-07-27 05:54:43,Better Offer,0
28660,2021-03-09 19:40:17,Better Offer,0
11857,2021-11-13 02:45:01,Performance,1
18894,2023-04-28 20:17:34,Better Offer,0
29038,2023-07-08 03:46:05,Relocation,0
29879,2019-10-23 16:55:17,Personal,0
18651,2022-02-04 06:10:33,Better Offer,0
9888,2024-11-18 04:54:39,Higher Studies,0
28346,2024-06-17 15:50:46,Better Offer,0
37631,2019-10-17 12:38:35,Better Offer,0
9294,2022-06-09 05:05:14,Better Offer,0
40530,2022-06-29 17:52:54,Better Offer,0
23306,2024-02-01 07:08:11,Relocation,0
19960,2025-02-16 03:50:02,Better Offer,0
24236,2020-07-28 12:14:02,Personal,0
15282,2024-07-04 14:10:37,Performance,0
15920,2020-03-28 15:49:17,Better Offer,0
26470,2020-02-15 13:42:36,Better Offer,0
40811,2025-03-26 01:31:32,Higher Studies,0
2684,2022-01-09 16:50:12,Better Offer,0
40806,2021-01-12 08:47:21,Higher Studies,0
37772,2025-09-13 09:05:10,Better Offer,0
31840,2021-07-11 16:18:41,Performance,0
37107,2022-06-07 14:28:11,Better Offer,0
40214,2022-04-17 07:44:48,Better Offer,0
10901,2023-06-22 02:44:14,Relocation,0
34513,2021-09-13 00:54:03,Personal,0
32348,2022-10-23 21:07:38,Relocation,0
22162,2020-09-12 17:00:13,Better Offer,0
16341,2020-12-19 03:20:32,Performance,0
35091,2023-06-25 01:47:26,Performance,0
38143,2020-03-21 23:40:22,Better Offer,0
20177,2022-04-12 06:39:21,Better Offer,1
26046,2022-09-16 04:25:07,Higher Studies,0
22892,2024-09-24 04:40:39,Performance,0
32266,2023-09-26 19:45:36,Better Offer,0
42065,2025-01-02 01:58:05,Better Offer,0
41935,2020-10-24 14:40:35,Better Offer,1
23511,2025-10-15 21:42:01,Performance,0
38436,2020-05-08 10:18:45,Personal,1
20770,2023-10-17 06:08:51,Personal,0
29614,2025-07-18 20:37:34,Better Offer,1
37239,2019-11-27 07:33:20,Better Offer,0
21301,2019-08-23 07:53:29,Better Offer,0
37008,2020-11-29 13:32:12,Relocation,0
32637,2023-11-29 08:33:52,Performance,0
19931,2022-08-13 03:29:48,Relocation,0
7103,2020-02-17 03:48:57,Health,0
37134,2025-10-28 18:26:43,Performance,0
11651,2025-10-10 15:10:26,Better Offer,0
24263,2020-03-11 09:49:33,Better Offer,0
18817,2021-06-03 10:09:48,Relocation,0
35253,2023-08-21 20:58:09,Better Offer,0
8477,2023-02-28 16:46:43,Health,0
6064,2023-11-29 11:18:01,Performance,0
34731,2022-06-13 19:06:45,Personal,0
33129,2022-10-09 21:18:57,Better Offer,1
12673,2023-08-06 18:43:40,Performance,1
25544,2022-06-02 14:44:10,Personal,1
17475,2024-06-10 19:38:15,Relocation,1
7279,2021-06-23 12:15:52,Performance,1
39761,2020-08-06 01:18:49,Better Offer,0
42937,2024-04-02 14:40:14,Performance,1
15329,2024-03-10 04:44:48,Higher Studies,1
3918,2025-03-08 11:00:21,Better Offer,1
12718,2025-08-19 05:44:14,Better Offer,0
41320,2023-05-02 11:27:45,Performance,0
9505,2020-02-12 19:05:53,Performance,1
25651,2024-12-08 09:44:57,Higher Studies,0
21648,2023-10-02 02:27:06,Performance,0
16726,2022-10-06 10:21:49,Higher Studies,0
17398,2019-10-30 09:44:44,Better Offer,0
10907,2021-05-18 20:06:52,Performance,0
3935,2021-11-04 00:49:06,Higher Studies,0
2146,2024-01-10 09:22:40,Personal,0
19924,2020-12-27 00:36:48,Better Offer,1
29430,2024-05-26 12:54:23,Performance,0
36275,2023-04-11 09:25:05,Performance,0
10458,2022-03-30 14:05:39,Better Offer,0
17404,2025-01-19 12:52:30,Better Offer,1
41284,2021-10-31 18:08:51,Relocation,0
27913,2022-02-15 03:23:55,Relocation,0
9313,2024-10-19 04:54:56,Better Offer,0
17285,2021-03-27 13:21:01,Better Offer,0
9053,2025-08-24 23:39:32,Performance,0
35990,2021-06-07 10:45:42,Health,0
2703,2025-08-23 14:54:29,Higher Studies,1
42864,2021-02-14 08:39:33,Higher Studies,0
15918,2019-08-16 20:55:01,Higher Studies,1
11781,2022-04-06 01:07:19,Relocation,1
5360,2025-08-22 22:56:58,Performance,0
11539,2019-12-13 06:52:54,Better Offer,1
18427,2021-09-03 23:32:31,Personal,1
21342,2024-06-19 01:08:32,Performance,1
15332,2023-10-08 18:16:08,Performance,0
24894,2023-10-01 09:57:27,Higher Studies,1
8669,2024-10-22 21:53:00,Performance,0
23799,2022-04-27 00:02:50,Performance,0
20516,2021-04-16 15:27:02,Relocation,0
21056,2023-10-28 12:53:15,Better Offer,1
285,2022-01-25 23:46:46,Personal,0
1727,2020-03-19 05:40:43,Better Offer,0
37201,2025-07-01 11:27:23,Personal,0
40129,2020-09-13 00:53:45,Personal,0
19376,2024-06-07 00:53:51,Better Offer,0
34001,2019-08-27 17:07:16,Better Offer,1
39961,2022-06-30 07:58:10,Higher Studies,0
35935,2024-04-09 23:49:31,Higher Studies,0
7761,2019-08-16 04:09:53,Better Offer,0
30459,2023-05-03 06:40:06,Better Offer,0
39222,2023-01-07 21:55:44,Personal,0
3011,2023-06-02 17:04:23,Better Offer,0
20702,2025-10-19 22:26:52,Higher Studies,1
13406,2025-07-24 15:28:36,Health,0
40025,2025-08-28 16:21:13,Personal,0
25731,2025-01-17 11:04:55,Better Offer,0
25126,2019-11-29 16:03:55,Better Offer,0
515,2024-10-25 05:40:29,Health,0
39357,2025-04-22 19:56:25,Health,0
6078,2024-04-18 02:14:48,Better Offer,0
5142,2020-11-15 10:23:57,Performance,1
12825,2023-10-21 21:54:14,Better Offer,0
29467,2024-02-16 01:24:37,Better Offer,0
25922,2024-11-14 19:37:52,Performance,0
21688,2020-01-30 00:10:13,Health,0
16331,2019-07-17 00:13:10,Better Offer,0
29545,2023-04-11 13:24:37,Personal,0
22855,2024-12-24 10:41:02,Health,0
41985,2024-03-21 10:51:00,Better Offer,0
7759,2020-01-29 21:04:34,Better Offer,0
467,2023-10-17 07:15:30,Better Offer,1
40854,2023-10-12 02:54:01,Personal,0
22823,2019-10-07 19:20:16,Better Offer,0
23229,2023-04-09 01:07:43,Personal,0
15165,2020-12-29 09:30:16,Better Offer,0
35047,2022-04-01 01:50:52,Performance,0
28795,2021-10-24 03:36:15,Better Offer,1
39993,2020-02-06 12:20:51,Health,0
27388,2023-09-22 04:28:17,Performance,1
3552,2019-12-22 01:23:24,Better Offer,0
4415,2022-05-30 14:49:31,Performance,0
9586,2022-12-10 03:38:38,Higher Studies,0
10667,2023-12-06 20:39:31,Higher Studies,0
24421,2024-04-01 04:48:18,Higher Studies,0
29523,2020-05-27 22:18:52,Better Offer,0
42330,2023-09-10 11:15:56,Higher Studies,0
1148,2021-02-05 12:54:21,Personal,0
42724,2022-01-16 04:55:31,Health,0
14420,2024-11-05 13:49:59,Health,0
9008,2020-04-22 19:25:21,Health,0
5159,2023-10-30 08:27:15,Performance,0
27955,2024-03-28 19:58:54,Better Offer,1
8845,2019-10-27 09:36:15,Personal,0
12743,2020-04-05 20:51:45,Higher Studies,0
30489,2023-11-18 09:13:04,Better Offer,1
22347,2021-07-30 11:29:22,Better Offer,0
64,2023-05-19 16:08:05,Personal,0
9804,2023-01-12 05:23:48,Better Offer,0
18650,2024-05-29 07:00:16,Health,0
16318,2019-07-26 22:46:49,Relocation,1
26072,2023-10-19 01:07:47,Better Offer,1
2956,2020-12-17 00:27:00,Performance,0
25053,2023-11-12 10:33:20,Performance,0
29160,2022-12-27 07:24:55,Better Offer,0
22776,2023-07-22 00:13:19,Personal,0
26417,2022-01-12 16:33:30,Relocation,0
5656,2022-01-05 23:58:55,Better Offer,0
22318,2020-02-24 07:54:52,Better Offer,0
25007,2021-05-08 14:29:38,Performance,0
25030,2020-03-13 22:33:52,Higher Studies,0
14079,2025-01-25 08:58:25,Personal,1
7614,2024-10-31 06:25:10,Relocation,0
22053,2021-05-28 05:17:26,Relocation,0
11194,2023-06-15 08:28:43,Relocation,1
13148,2022-02-22 18:23:17,Better Offer,0
1900,2020-12-03 06:06:14,Better Offer,1
32293,2019-09-24 05:30:47,Higher Studies,1
15874,2024-08-05 19:50:02,Better Offer,0
40526,2023-11-29 11:04:13,Higher Studies,0
32240,2021-09-27 09:10:19,Personal,0
11616,2021-06-08 20:05:26,Performance,0
36040,2025-01-05 14:37:31,Better Offer,1
6709,2023-02-04 03:16:20,Better Offer,0
34757,2020-06-10 21:37:43,Performance,0
24899,2023-12-29 04:07:21,Higher Studies,0
21106,2020-02-16 10:19:02,Better Offer,0
11042,2025-02-17 09:20:48,Better Offer,0
6384,2023-01-14 01:55:49,Better Offer,0
32773,2022-04-15 20:49:43,Higher Studies,1
33607,2025-10-17 03:42:03,Better Offer,0
13098,2021-03-29 06:39:17,Better Offer,0
25399,2020-01-16 08:24:28,Better Offer,1
15914,2023-01-30 08:51:17,Better Offer,1
30582,2022-07-08 23:22:58,Higher Studies,0
9969,2022-05-25 08:57:18,Better Offer,1
19138,2023-01-14 10:24:36,Better Offer,0
2311,2022-08-03 05:41:39,Better Offer,1
17049,2021-11-10 11:56:00,Better Offer,0
4031,2024-07-02 16:48:06,Relocation,0
42196,2021-04-28 06:36:16,Performance,0
35576,2021-05-20 10:06:09,Better Offer,0
6328,2021-08-15 15:50:48,Better Offer,0
16648,2020-04-24 15:19:29,Higher Studies,0
10678,2021-11-28 07:35:17,Better Offer,1
10349,2022-06-29 19:05:59,Better Offer,0
22581,2019-09-27 07:42:14,Higher Studies,0
21514,2021-11-18 11:10:03,Personal,0
36399,2025-03-10 15:37:18,Performance,0
1871,2022-10-17 08:33:01,Higher Studies,0
37001,2025-04-29 10:47:44,Better Offer,0
42385,2021-05-02 07:33:42,Higher Studies,1
14839,2020-04-25 07:55:05,Relocation,0
37640,2020-11-21 13:18:42,Better Offer,0
35724,2021-07-23 09:21:49,Relocation,0
20213,2023-07-10 08:35:09,Relocation,1
38575,2019-12-06 13:50:55,Higher Studies,0
1391,2024-05-31 11:30:25,Personal,0
1136,2023-01-24 17:48:33,Relocation,0
6697,2025-08-31 16:40:46,Better Offer,1
5476,2024-07-08 08:46:51,Better Offer,0
19186,2023-03-03 04:09:33,Personal,0
15206,2025-10-16 19:53:46,Better Offer,0
34552,2021-08-15 06:48:28,Performance,0
30726,2022-05-14 09:17:25,Better Offer,0
9054,2023-03-27 11:50:08,Better Offer,0
13496,2020-05-26 09:23:16,Performance,1
32378,2020-05-10 13:59:50,Better Offer,0
40402,2023-01-08 20:42:27,Performance,1
42108,2025-07-22 09:58:42,Higher Studies,0
23378,2022-05-24 08:12:51,Performance,0
17658,2024-09-05 04:18:06,Performance,0
22711,2021-06-29 18:49:42,Better Offer,1
14419,2024-05-17 05:38:26,Personal,1
40804,2019-08-28 21:15:09,Personal,0
33470,2020-07-21 03:05:38,Performance,0
8797,2020-05-08 13:01:29,Performance,0
15820,2019-12-27 14:33:52,Relocation,0
34066,2021-10-28 22:27:52,Performance,0
23282,2021-02-12 06:38:46,Personal,0
4170,2024-08-26 05:26:35,Better Offer,0
1459,2022-11-28 16:46:13,Performance,0
15122,2020-10-09 21:03:15,Relocation,1
14418,2021-07-12 13:48:18,Relocation,0
21411,2024-02-18 23:23:12,Health,0
37521,2022-08-08 03:11:44,Better Offer,0
2034,2020-10-14 08:01:18,Higher Studies,0
30245,2024-09-03 22:24:01,Better Offer,1
40890,2023-10-24 08:58:33,Better Offer,0
39442,2023-02-11 18:22:01,Better Offer,0
2719,2019-08-05 08:56:59,Better Offer,0
34245,2019-09-05 21:18:04,Better Offer,1
9257,2022-11-07 20:43:06,Better Offer,1
20985,2021-08-26 12:40:10,Better Offer,0
16809,2024-02-09 10:59:31,Health,1
30934,2024-01-18 00:30:38,Better Offer,0
29811,2021-10-19 11:27:10,Relocation,0
3115,2020-05-16 10:48:12,Performance,0
7489,2024-10-22 11:21:15,Health,0
8722,2022-02-07 09:13:25,Better Offer,0
36498,2022-08-18 20:35:27,Performance,0
20506,2021-04-12 13:32:01,Better Offer,0
42532,2019-11-20 08:52:00,Performance,0
1817,2023-12-12 12:02:39,Better Offer,0
8869,2024-08-24 22:23:48,Performance,0
41852,2019-08-11 15:12:28,Better Offer,0
31130,2020-12-21 23:08:52,Better Offer,0
6524,2022-03-25 07:20:18,Personal,1
16660,2022-02-13 08:16:16,Better Offer,0
8985,2024-05-05 12:59:28,Better Offer,1
4159,2020-09-15 00:04:05,Higher Studies,0
27173,2020-02-08 17:31:12,Personal,0
32447,2020-11-08 04:52:52,Personal,1
1627,2021-08-03 23:36:00,Better Offer,0
17206,2022-02-15 19:10:42,Better Offer,0
12163,2019-10-08 03:35:42,Personal,0
6464,2021-03-21 14:56:23,Personal,1
28269,2022-08-25 11:31:02,Personal,0
41350,2024-01-23 18:46:18,Better Offer,1
14082,2020-08-24 12:13:24,Relocation,0
29508,2019-10-21 12:04:40,Higher Studies,0
28090,2021-04-09 22:34:48,Better Offer,0
17501,2020-02-20 21:51:48,Relocation,1
31498,2020-08-30 04:48:54,Performance,0
18525,2019-11-09 22:36:01,Performance,0
38633,2020-06-15 08:57:56,Relocation,1
27679,2020-02-25 21:15:57,Health,0
26318,2020-04-07 07:36:36,Personal,0
21026,2023-10-25 16:07:50,Better Offer,0
3582,2022-07-17 12:16:24,Higher Studies,0
16915,2024-12-25 18:02:48,Better Offer,0
30636,2023-04-11 13:42:09,Personal,1
37129,2025-10-06 08:22:19,Better Offer,0
28170,2022-06-19 02:20:53,Better Offer,0
32749,2021-12-21 05:40:59,Better Offer,0
9779,2025-10-25 02:19:02,Better Offer,0
3997,2020-11-01 05:00:24,Personal,0
370,2023-06-16 00:55:49,Better Offer,0
11777,2023-03-05 18:41:23,Higher Studies,0
34506,2022-01-06 03:40:40,Performance,1
27351,2020-01-05 06:11:15,Personal,0
12984,2024-06-17 20:16:05,Performance,0
10129,2025-01-25 11:29:39,Performance,0
11198,2023-08-17 18:31:48,Better Offer,1
18254,2025-07-27 12:27:33,Performance,0
6821,2024-07-14 03:17:25,Relocation,1
8453,2023-02-12 01:49:34,Relocation,0
3828,2022-10-12 05:10:38,Better Offer,0
10911,2024-04-29 13:09:30,Health,0
26596,2024-06-21 22:45:26,Health,0
5607,2019-07-10 21:31:24,Higher Studies,0
28336,2023-10-24 22:09:10,Better Offer,0
25105,2021-01-17 16:56:29,Higher Studies,0
3948,2022-09-22 04:31:04,Personal,1
41637,2023-07-29 07:54:35,Relocation,0
6921,2022-03-02 01:50:03,Health,0
27841,2020-01-22 20:22:03,Personal,0
41999,2023-04-05 10:27:01,Better Offer,0
35702,2022-10-12 09:22:15,Relocation,0
23609,2020-08-04 04:21:14,Better Offer,0
23147,2022-03-27 09:25:02,Personal,0
2140,2024-08-06 08:38:02,Performance,0
6213,2021-05-12 20:48:18,Higher Studies,0
18194,2020-08-24 05:06:35,Better Offer,1
3563,2019-09-14 11:12:50,Better Offer,1
14261,2025-09-26 15:38:40,Health,0
10157,2022-03-25 07:55:34,Better Offer,0
24944,2019-08-22 11:29:49,Better Offer,1
15202,2021-04-26 18:46:57,Relocation,0
38230,2020-04-07 05:09:51,Better Offer,0
38334,2023-07-10 17:02:13,Health,0
13478,2021-12-10 18:33:40,Better Offer,0
36814,2023-09-04 19:22:56,Better Offer,0
37472,2024-07-05 16:32:24,Better Offer,0
4008,2021-03-26 06:21:58,Relocation,0
34032,2025-03-19 18:16:19,Better Offer,0
35440,2023-02-04 00:39:31,Better Offer,0
26903,2021-04-03 00:51:59,Health,0
24540,2022-02-08 20:52:50,Relocation,0
13463,2022-01-17 06:17:30,Performance,0
11146,2019-10-31 04:42:18,Performance,0
39036,2025-08-15 20:44:36,Better Offer,1
30497,2024-03-04 23:08:09,Better Offer,0
12817,2021-04-19 17:39:37,Personal,0
40583,2021-09-16 00:24:41,Relocation,0
29729,2023-05-29 00:49:52,Health,0
33079,2021-07-12 04:04:19,Better Offer,0
8110,2021-11-29 12:18:27,Relocation,0
40093,2025-02-24 12:32:09,Better Offer,0
31905,2023-12-19 21:53:52,Performance,1
34889,2021-07-01 13:30:54,Better Offer,0
17093,2021-07-26 01:36:45,Health,0
37417,2021-06-21 14:07:54,Better Offer,0
2933,2022-02-10 07:18:37,Higher Studies,0
28666,2024-10-05 10:40:13,Performance,0
19947,2022-03-30 22:41:19,Personal,1
21261,2022-10-09 08:07:13,Performance,0
8064,2021-05-13 10:30:04,Performance,1
24077,2021-06-24 14:53:46,Relocation,0
14075,2024-03-11 02:47:48,Higher Studies,0
21085,2022-06-26 02:04:17,Better Offer,0
37942,2023-12-09 09:54:53,Higher Studies,1
37603,2022-08-03 01:06:28,Better Offer,1
9258,2024-04-27 17:10:46,Personal,0
28342,2025-10-19 06:07:00,Better Offer,1
2762,2025-07-21 10:51:43,Personal,1
459,2024-07-11 02:49:20,Better Offer,0
36252,2020-08-28 01:01:18,Better Offer,0
40929,2024-08-04 16:41:03,Personal,0
30744,2024-09-06 19:04:01,Better Offer,1
12687,2021-02-07 21:45:56,Better Offer,0
37148,2021-11-03 03:58:32,Performance,0
8364,2023-12-15 17:46:07,Better Offer,0
8986,2024-08-06 01:41:24,Relocation,1
39294,2023-01-07 09:52:27,Better Offer,0
25073,2019-12-20 18:41:29,Personal,1
7421,2025-01-08 04:48:36,Performance,0
8596,2020-12-04 18:38:25,Personal,0
27265,2025-06-20 11:05:40,Relocation,0
38459,2023-02-15 04:01:46,Better Offer,0
14019,2021-04-02 18:20:57,Performance,0
18285,2022-01-10 22:12:34,Relocation,1
32038,2025-03-27 13:15:27,Better Offer,0
22606,2020-10-30 03:39:16,Better Offer,0
5599,2019-08-13 21:47:21,Better Offer,0
13786,2020-10-12 23:11:58,Personal,1
5562,2024-08-12 06:00:03,Relocation,1
26914,2022-08-14 02:33:02,Relocation,1
9698,2022-10-01 16:44:09,Higher Studies,1
30862,2025-03-13 08:03:51,Better Offer,0
5896,2021-07-11 21:39:25,Personal,1
3531,2021-05-28 08:04:24,Performance,0
37585,2020-02-15 18:30:49,Better Offer,0
10499,2020-05-03 07:51:15,Better Offer,0
31447,2025-01-17 20:33:22,Relocation,0
14666,2022-01-17 08:09:09,Better Offer,0
31408,2022-01-22 16:27:14,Higher Studies,1
36627,2024-07-12 21:28:34,Higher Studies,0
41970,2020-01-26 10:04:54,Personal,0
39173,2022-03-24 11:01:50,Better Offer,0
10014,2025-08-16 20:47:00,Health,0
3256,2020-09-22 00:57:46,Relocation,0
13240,2024-06-16 20:09:19,Better Offer,0
26520,2022-11-29 19:21:54,Better Offer,0
36051,2023-03-20 16:15:28,Higher Studies,0
8953,2019-09-30 12:22:25,Relocation,0
14314,2021-05-02 10:04:26,Better Offer,0
17252,2020-06-10 16:51:36,Better Offer,0
34824,2020-03-12 05:55:20,Relocation,0
25838,2023-07-27 03:55:45,Higher Studies,1
42781,2019-08-20 14:34:33,Better Offer,0
35546,2025-04-22 21:46:20,Better Offer,0
11188,2019-07-07 11:04:37,Personal,0
592,2023-05-29 13:29:41,Performance,0
15516,2023-05-22 02:38:11,Relocation,0
29987,2020-08-09 18:47:03,Relocation,0
10215,2023-06-25 21:01:08,Better Offer,0
42945,2025-01-25 06:27:33,Better Offer,0
33182,2021-01-31 06:34:29,Better Offer,0
36198,2024-10-18 01:29:25,Higher Studies,0
13938,2022-06-15 14:54:39,Personal,0
1343,2025-08-19 03:37:23,Better Offer,1
29685,2025-07-02 06:05:17,Higher Studies,0
21901,2020-03-03 06:50:08,Relocation,0
25536,2023-08-01 15:01:23,Better Offer,0
12706,2023-05-10 00:12:31,Better Offer,0
23699,2024-02-16 09:07:50,Performance,1
19295,2021-08-19 01:39:09,Higher Studies,1
3072,2021-07-28 20:21:49,Relocation,0
23429,2023-01-04 13:30:03,Performance,0
26289,2021-07-01 01:32:46,Better Offer,0
13224,2024-03-02 03:56:46,Better Offer,1
36286,2023-05-04 14:45:55,Relocation,0
31390,2024-12-08 16:17:53,Better Offer,0
41294,2022-11-19 09:06:53,Relocation,1
20547,2021-01-28 23:34:22,Higher Studies,1
21101,2021-05-29 09:20:23,Better Offer,0
26859,2021-10-21 19:15:01,Health,0
6548,2024-01-11 09:11:40,Better Offer,1
21455,2023-04-26 22:02:13,Personal,1
26699,2023-04-19 19:17:41,Better Offer,0
17228,2019-08-05 21:57:51,Performance,0
8531,2023-10-27 16:45:19,Better Offer,0
30128,2020-06-10 10:24:15,Relocation,1
20210,2025-04-24 14:21:40,Better Offer,1
12847,2022-07-27 03:41:34,Health,0
9854,2022-01-23 02:21:11,Better Offer,0
14247,2022-09-11 18:00:42,Higher Studies,0
28946,2022-10-02 05:59:07,Higher Studies,1
1930,2020-01-29 09:13:13,Better Offer,0
12994,2022-03-28 04:20:49,Better Offer,1
26302,2022-11-01 12:05:17,Performance,1
13339,2022-05-06 03:16:36,Better Offer,0
41904,2023-01-22 10:59:05,Performance,0
41547,2021-05-15 00:35:27,Performance,0
1201,2020-11-12 05:51:44,Better Offer,0
30107,2021-01-16 18:05:56,Health,0
31219,2021-11-26 09:33:05,Personal,0
13894,2025-04-01 05:31:18,Personal,0
13538,2024-05-10 19:30:43,Better Offer,0
22375,2025-06-23 05:57:54,Health,0
19867,2021-10-09 11:28:54,Performance,0
39728,2020-10-31 19:59:11,Better Offer,0
37983,2022-04-09 05:26:48,Performance,0
5565,2024-08-14 12:21:44,Better Offer,0
11182,2021-12-22 22:29:22,Health,0
17358,2022-02-14 14:27:49,Health,0
29888,2022-06-26 07:01:12,Health,0
29569,2022-03-07 11:16:53,Relocation,0
12219,2020-04-12 01:07:47,Performance,1
42408,2020-08-05 21:04:48,Better Offer,0
2730,2024-01-02 11:21:21,Better Offer,0
9604,2025-08-20 00:06:36,Personal,0
20869,2025-04-03 03:48:16,Better Offer,1
22069,2022-05-17 20:32:39,Better Offer,1
22421,2024-05-05 01:27:59,Personal,0
27188,2021-04-30 19:44:35,Better Offer,0
4290,2019-07-26 16:56:59,Health,1
36823,2023-10-24 19:33:19,Better Offer,1
18435,2022-06-19 06:39:29,Performance,1
17109,2021-03-10 02:12:22,Personal,0
19733,2020-06-26 01:54:51,Personal,1
16277,2021-09-28 12:24:59,Performance,0
4506,2019-09-30 18:36:56,Better Offer,0
9555,2023-12-07 19:15:31,Relocation,0
39687,2020-05-02 00:46:04,Performance,1
7812,2025-08-22 20:46:56,Relocation,0
30941,2021-09-19 18:36:52,Better Offer,1
7211,2022-08-08 06:03:08,Performance,1
21004,2019-09-04 16:12:27,Better Offer,1
7062,2025-04-09 20:18:27,Relocation,1
30840,2024-05-17 02:14:50,Performance,0
22586,2025-10-09 01:20:32,Better Offer,0
40121,2023-05-08 09:11:51,Personal,1
36418,2020-02-20 23:15:26,Better Offer,1
27101,2025-05-08 14:02:29,Better Offer,0
33758,2022-06-04 03:51:26,Health,0
41189,2025-09-10 09:41:24,Better Offer,0
28093,2019-09-13 07:34:45,Better Offer,0
13003,2019-08-07 01:27:34,Better Offer,0
2433,2024-01-09 17:29:44,Relocation,0
33963,2022-05-16 20:29:26,Higher Studies,0
15797,2023-10-12 08:45:36,Better Offer,0
25226,2020-02-12 07:21:23,Performance,0
35378,2025-09-01 07:33:21,Relocation,1
11066,2025-03-18 12:24:59,Better Offer,1
11008,2025-09-01 04:01:01,Better Offer,0
31877,2022-05-29 09:13:41,Relocation,0
35902,2023-05-11 01:22:51,Personal,0
36610,2025-09-19 04:47:59,Performance,0
5669,2023-05-25 14:00:04,Better Offer,0
12902,2020-05-26 17:49:13,Better Offer,0
3124,2025-05-27 08:25:05,Better Offer,0
36116,2022-07-18 23:14:35,Better Offer,0
8717,2024-05-08 10:57:25,Relocation,0
26233,2020-04-06 15:08:47,Relocation,0
29841,2025-07-20 19:16:06,Better Offer,1
28948,2021-08-30 20:09:08,Relocation,0
38488,2022-02-18 07:02:35,Better Offer,0
32673,2020-03-30 12:33:43,Performance,0
2462,2022-10-31 17:23:24,Personal,0
41971,2024-12-12 05:56:43,Better Offer,0
42405,2021-08-16 18:22:57,Personal,0
26939,2025-09-12 09:36:43,Higher Studies,0
5601,2021-11-15 20:34:09,Better Offer,1
27354,2022-03-30 18:35:33,Higher Studies,1
28837,2025-02-12 17:27:07,Better Offer,0
13407,2025-05-08 22:43:27,Better Offer,0
12522,2021-02-15 06:11:06,Health,0
33636,2024-12-25 17:35:39,Performance,0
17331,2025-03-13 16:36:52,Better Offer,0
21235,2021-08-15 08:13:05,Better Offer,1
4851,2021-12-16 20:35:24,Personal,1
35708,2023-03-07 00:59:40,Personal,0
23174,2022-06-11 21:53:18,Better Offer,0
39779,2023-11-25 06:37:25,Better Offer,0
1471,2024-07-16 21:57:46,Better Offer,1
21391,2023-12-22 17:14:07,Better Offer,0
23469,2021-12-28 12:34:05,Relocation,0
11296,2020-04-30 08:53:02,Higher Studies,0
4924,2024-01-14 06:16:12,Performance,0
7437,2021-10-02 03:34:34,Performance,0
31760,2022-04-08 07:01:12,Better Offer,0
35079,2024-09-05 07:02:27,Performance,0
3807,2023-10-30 16:15:54,Health,1
40207,2021-04-08 05:53:24,Personal,0
41302,2021-04-10 09:28:33,Performance,1
27109,2023-05-19 18:51:46,Personal,1
14156,2020-08-13 16:38:14,Performance,1
27527,2023-03-13 05:17:20,Performance,0
18839,2019-07-10 14:33:34,Better Offer,0
32588,2022-07-11 14:22:54,Better Offer,0
16998,2020-10-13 07:56:05,Performance,1
4025,2020-12-03 21:31:13,Personal,0
35640,2024-07-16 22:10:26,Better Offer,0
14087,2020-08-19 22:19:40,Better Offer,0
11691,2025-08-21 22:01:17,Relocation,0
10345,2023-04-13 07:34:10,Better Offer,0
7772,2025-01-25 08:01:26,Better Offer,0
25382,2025-05-13 13:34:30,Relocation,1
17047,2023-09-19 16:18:44,Better Offer,0
16076,2022-03-11 11:38:22,Better Offer,0
34102,2025-02-25 13:45:36,Better Offer,0
38335,2024-03-10 20:39:31,Higher Studies,1
31334,2024-12-02 04:49:18,Performance,0
42589,2020-01-15 18:02:30,Better Offer,0
12023,2021-06-25 06:09:58,Better Offer,0
33946,2024-12-09 10:07:12,Personal,0
5344,2023-01-27 11:21:49,Better Offer,1
26551,2021-07-08 04:05:55,Performance,0
13105,2025-04-25 13:10:38,Performance,1
21659,2022-01-08 23:34:34,Personal,0
30158,2022-08-26 19:21:33,Relocation,0
1738,2024-06-26 01:36:15,Relocation,0
35013,2024-03-16 00:12:38,Performance,0
669,2020-02-12 03:50:38,Relocation,0
15472,2021-03-22 08:45:20,Higher Studies,0
39929,2024-06-02 09:15:40,Relocation,0
13572,2023-03-01 05:52:58,Better Offer,0
15746,2019-10-04 00:11:04,Better Offer,1
4629,2022-07-28 09:35:16,Better Offer,0
36483,2019-08-09 20:36:08,Higher Studies,0
1685,2025-04-10 10:22:52,Relocation,1
29494,2021-11-03 06:24:53,Higher Studies,0
39092,2023-02-17 12:52:00,Better Offer,0
10978,2025-04-12 07:21:48,Better Offer,0
41348,2020-09-10 09:40:28,Personal,1
2970,2024-05-10 18:48:15,Performance,0
38049,2025-10-29 07:12:28,Better Offer,0
10437,2020-06-08 08:53:57,Better Offer,0
25132,2022-03-20 15:52:20,Relocation,0
21767,2022-10-16 20:11:10,Higher Studies,1
806,2024-05-05 03:24:42,Better Offer,1
37186,2022-01-10 19:00:52,Performance,0
18171,2020-01-29 07:26:18,Performance,0
8871,2025-05-12 10:12:30,Performance,1
25933,2025-07-02 09:55:59,Better Offer,0
2997,2020-12-04 22:58:59,Higher Studies,0
27649,2022-04-16 06:23:24,Performance,0
14698,2020-11-19 11:27:48,Relocation,0
27432,2021-02-02 19:27:01,Performance,0
40338,2024-12-01 23:31:38,Better Offer,0
42114,2023-06-14 21:11:38,Performance,0
1868,2025-05-03 19:50:38,Relocation,0
4927,2021-06-20 07:23:31,Better Offer,0
16757,2022-10-11 19:27:27,Better Offer,0
17859,2023-02-24 12:58:30,Health,0
29634,2024-09-09 07:14:06,Better Offer,1
17721,2023-05-29 07:02:28,Performance,1
35226,2023-03-02 03:55:34,Better Offer,1
20353,2021-01-16 21:44:09,Higher Studies,0
31574,2023-03-26 02:29:57,Relocation,0
12732,2022-10-01 18:22:34,Higher Studies,0
19316,2022-05-10 21:56:27,Performance,0
24177,2020-11-03 19:46:16,Performance,0
1947,2023-02-27 19:58:58,Performance,0
7305,2025-03-18 19:16:00,Better Offer,0
10511,2025-01-06 18:26:53,Better Offer,0
38028,2021-02-04 03:17:14,Relocation,0
20597,2023-10-07 21:15:17,Performance,0
31555,2020-10-02 20:46:29,Better Offer,0
14593,2024-09-10 04:43:13,Performance,1
35343,2019-08-04 15:11:34,Better Offer,0
37999,2019-07-07 14:00:00,Better Offer,0
16584,2021-04-09 07:48:41,Performance,0
24853,2023-01-09 16:37:04,Higher Studies,0
8006,2025-01-02 04:41:49,Personal,0
42802,2022-11-15 10:36:44,Better Offer,0
3172,2023-03-27 17:36:09,Better Offer,1
21237,2022-01-10 05:32:18,Higher Studies,1
26781,2019-07-24 21:01:50,Personal,0
37192,2021-11-18 15:36:51,Performance,0
14290,2022-05-31 03:18:03,Performance,0
22203,2024-05-31 05:56:34,Performance,0
18712,2021-02-04 10:11:22,Better Offer,0
11992,2019-10-07 15:27:52,Relocation,0
34042,2020-10-06 03:38:55,Relocation,0
37664,2025-02-06 23:57:39,Health,0
8170,2023-09-29 17:48:44,Health,1
12368,2025-02-04 04:44:02,Higher Studies,0
26570,2021-06-11 14:58:58,Performance,1
30670,2024-07-15 15:26:10,Better Offer,0
40584,2025-07-07 12:47:10,Better Offer,1
38269,2022-11-01 11:31:14,Better Offer,0
40636,2024-12-14 10:14:56,Better Offer,0
13455,2020-09-12 11:15:58,Performance,0
22824,2022-07-23 17:36:38,Performance,0
2210,2022-05-27 07:07:12,Relocation,0
23714,2023-06-15 10:13:18,Better Offer,0
8484,2023-09-23 10:46:46,Better Offer,0
11790,2020-01-26 08:26:53,Performance,0
27413,2020-05-16 13:30:28,Higher Studies,1
34881,2023-05-29 21:42:38,Better Offer,0
33422,2024-04-29 06:14:31,Better Offer,0
1271,2024-05-04 09:06:26,Performance,0
35877,2021-08-27 11:21:51,Personal,0
21933,2023-02-01 12:05:10,Health,0
11153,2023-06-05 02:12:13,Better Offer,0
23326,2022-02-10 18:26:00,Performance,1
7746,2020-08-08 18:20:35,Personal,0
37735,2024-08-12 02:57:29,Performance,0
3790,2020-05-08 19:08:31,Performance,0
28190,2024-06-21 20:18:28,Better Offer,0
4102,2024-04-24 21:01:02,Higher Studies,0
17691,2022-05-15 17:03:35,Personal,1
4054,2021-04-20 23:20:27,Health,0
7488,2019-09-15 17:39:16,Better Offer,0
35727,2021-06-26 19:48:36,Performance,1
42413,2021-06-16 11:22:29,Personal,0
42183,2021-08-12 00:06:11,Better Offer,0
32562,2025-04-26 17:15:18,Health,1
15873,2022-12-16 13:04:59,Performance,0
9740,2023-02-27 01:22:57,Better Offer,0
37939,2023-08-07 02:11:21,Better Offer,1
32392,2024-11-06 01:02:45,Better Offer,0
27277,2019-08-27 08:29:48,Performance,0
20570,2020-02-03 08:06:08,Better Offer,0
13769,2021-06-09 16:23:39,Relocation,0
28327,2022-10-31 01:05:22,Better Offer,0
38156,2020-04-26 23:59:21,Better Offer,0
13279,2025-05-14 05:26:13,Performance,0
27279,2021-09-01 16:11:38,Better Offer,0
2974,2022-10-05 12:10:41,Better Offer,0
4580,2025-10-06 07:24:37,Better Offer,0
34828,2025-08-18 17:20:47,Performance,0
13493,2025-01-24 21:05:33,Better Offer,0
18041,2024-01-28 18:14:22,Better Offer,0
16109,2022-01-26 06:35:42,Performance,0
2465,2020-01-10 02:43:52,Better Offer,1
2960,2022-09-27 23:14:28,Relocation,0
36989,2021-10-02 07:56:48,Better Offer,1
15464,2019-12-31 00:37:09,Personal,0
7861,2021-05-01 04:42:12,Better Offer,0
1248,2022-09-02 13:22:37,Performance,0
37833,2021-09-08 17:31:56,Higher Studies,0
38580,2025-01-17 02:16:52,Better Offer,0
4592,2021-11-17 10:19:28,Better Offer,0
28814,2024-04-05 08:25:46,Better Offer,0
23573,2021-12-03 01:20:49,Better Offer,0
3902,2020-05-21 08:12:04,Personal,0
21388,2022-04-22 12:09:39,Performance,0
1075,2023-01-05 05:37:09,Better Offer,1
6702,2020-07-21 13:35:13,Better Offer,0
24443,2025-06-10 05:04:41,Better Offer,0
15554,2024-07-20 02:42:01,Better Offer,0
38160,2023-05-27 08:11:41,Personal,1
3798,2022-09-21 06:57:20,Better Offer,0
5870,2019-10-03 04:58:34,Relocation,0
31182,2019-09-15 10:37:00,Higher Studies,0
4868,2023-09-04 04:34:56,Better Offer,1
37579,2025-03-05 02:54:58,Relocation,0
30533,2019-11-02 12:12:02,Higher Studies,0
4003,2021-05-03 17:10:15,Better Offer,0
12903,2022-09-22 03:32:02,Better Offer,0
38289,2022-03-24 17:27:19,Personal,0
6016,2021-08-18 00:00:27,Better Offer,0
1601,2022-02-04 20:20:49,Performance,1
39381,2020-01-23 19:47:29,Better Offer,0
23926,2023-08-27 20:48:06,Relocation,0
20533,2022-01-23 09:59:36,Better Offer,0
56,2021-02-20 15:29:16,Higher Studies,0
21822,2024-07-17 23:53:45,Better Offer,0
3842,2019-10-20 04:32:04,Better Offer,0
10015,2023-06-28 09:26:08,Relocation,0
13299,2022-10-24 23:35:58,Relocation,0
15276,2020-01-25 00:11:53,Personal,1
2186,2025-04-15 20:26:48,Better Offer,1
34633,2021-08-26 10:53:21,Higher Studies,1
229,2021-06-29 16:23:02,Personal,0
33743,2022-12-27 14:41:46,Performance,0
24119,2021-07-25 03:42:33,Higher Studies,0
39952,2024-10-10 00:47:38,Relocation,0
8667,2019-07-18 03:08:23,Health,0
28094,2021-05-09 23:31:16,Better Offer,0
6227,2020-08-26 10:46:55,Relocation,0
1478,2023-03-01 23:06:56,Performance,0
18250,2023-11-04 02:19:44,Performance,0
29281,2021-12-07 15:42:34,Better Offer,0
4300,2021-04-15 18:51:31,Better Offer,0
1260,2019-11-11 05:20:51,Better Offer,0
34320,2023-05-09 03:09:24,Personal,0
32603,2019-08-31 14:39:03,Relocation,0
17576,2025-02-02 11:18:44,Better Offer,1
22690,2023-03-14 07:38:23,Personal,0
35397,2022-07-07 05:23:54,Relocation,0
37066,2021-04-09 23:00:28,Better Offer,0
17071,2019-12-22 19:23:19,Better Offer,1
7464,2024-10-11 09:33:55,Personal,1
13510,2020-07-14 13:51:41,Better Offer,0
29827,2021-12-16 18:32:15,Higher Studies,0
7255,2019-09-17 21:39:28,Better Offer,1
1200,2022-11-30 22:58:18,Higher Studies,1
32657,2020-11-21 22:52:35,Relocation,0
24514,2022-09-25 23:37:24,Better Offer,0
4400,2021-01-06 16:19:45,Relocation,0
29491,2022-04-21 02:39:01,Better Offer,0
15538,2020-04-26 03:44:35,Performance,0
15234,2021-12-12 11:56:25,Better Offer,0
14288,2021-07-20 02:28:50,Better Offer,0
33528,2022-04-23 14:16:21,Better Offer,0
39665,2019-11-13 19:31:48,Better Offer,1
13547,2021-03-01 05:32:05,Better Offer,0
21204,2023-04-13 04:37:18,Better Offer,0
37213,2022-07-08 13:43:34,Higher Studies,0
2505,2025-01-29 01:57:35,Health,0
26205,2022-02-19 18:57:43,Performance,0
29565,2025-05-27 20:00:05,Relocation,0
36076,2024-12-25 20:22:58,Better Offer,1
431,2021-06-17 08:16:49,Higher Studies,0
29171,2022-09-05 15:58:28,Personal,0
21708,2022-09-30 12:50:11,Personal,0
13024,2019-07-27 17:36:54,Better Offer,1
3140,2024-04-11 20:56:45,Health,1
21446,2024-02-20 04:40:22,Better Offer,1
4096,2021-01-29 07:22:21,Better Offer,0
12053,2020-03-30 03:41:30,Better Offer,1
3720,2021-01-12 17:34:54,Better Offer,0
6254,2022-02-04 18:17:23,Higher Studies,0
40757,2021-03-29 08:36:35,Better Offer,0
11610,2020-03-15 11:52:40,Personal,0
7399,2023-01-23 12:59:54,Better Offer,1
34037,2021-11-15 14:33:26,Better Offer,0
11428,2023-05-23 19:32:41,Performance,0
21653,2019-09-29 20:39:51,Better Offer,1
17601,2023-02-21 18:20:36,Better Offer,0
8944,2022-05-09 21:13:34,Better Offer,0
42807,2021-06-02 14:07:04,Better Offer,0
28909,2021-09-29 07:36:33,Health,1
6865,2021-02-26 21:24:54,Better Offer,1
40081,2020-12-21 06:43:43,Better Offer,0
17165,2022-10-01 21:06:03,Performance,1
35277,2022-06-01 17:33:35,Better Offer,1
6536,2024-09-17 18:57:56,Better Offer,0
14633,2021-07-10 21:39:40,Better Offer,0
3155,2023-10-02 14:30:48,Performance,0
29501,2022-03-23 19:12:37,Better Offer,0
34556,2024-11-10 05:33:07,Personal,1
32014,2020-07-14 02:57:36,Better Offer,1
41300,2020-08-22 08:55:37,Better Offer,0
26638,2022-08-14 10:52:50,Better Offer,1
4728,2020-05-01 09:20:21,Relocation,0
19512,2020-12-29 00:16:41,Better Offer,1
11513,2025-01-10 20:54:41,Personal,0
33472,2025-08-13 18:19:53,Health,0
30108,2024-05-26 22:30:14,Personal,0
13734,2024-01-17 16:24:48,Higher Studies,0
10099,2025-05-10 16:56:46,Better Offer,1
19070,2025-08-27 14:34:24,Performance,1
5536,2024-01-21 03:56:59,Better Offer,0
6438,2025-10-05 03:39:10,Better Offer,1
9244,2021-06-11 06:29:47,Better Offer,0
5447,2023-03-28 04:02:44,Better Offer,0
20841,2022-09-10 10:42:16,Better Offer,0
17040,2020-01-27 01:03:43,Personal,1
8521,2024-06-09 16:41:28,Higher Studies,0
27717,2024-07-10 03:45:57,Better Offer,0
16783,2022-01-29 07:53:13,Relocation,0
39330,2024-01-05 10:38:45,Better Offer,0
35131,2021-08-08 18:54:04,Personal,0
20408,2021-09-24 04:30:13,Better Offer,0
3613,2022-08-22 17:16:18,Better Offer,0
36932,2021-01-19 03:28:52,Relocation,0
8940,2024-04-15 00:58:43,Better Offer,0
31984,2024-04-15 00:43:44,Better Offer,0
20247,2020-11-25 02:15:48,Performance,0
26550,2023-09-08 04:33:08,Better Offer,0
2172,2020-10-05 03:29:24,Better Offer,0
6317,2020-05-06 12:27:46,Performance,0
295,2021-02-23 01:27:42,Better Offer,1
2697,2023-12-30 22:42:01,Higher Studies,1
38643,2022-04-19 00:14:25,Better Offer,1
42206,2023-05-18 06:05:01,Performance,0
30297,2022-05-12 05:27:22,Relocation,0
3013,2025-05-09 13:18:08,Relocation,1
6242,2022-12-12 23:42:06,Better Offer,0
37449,2024-09-15 19:29:06,Performance,0
1266,2021-11-29 08:31:16,Better Offer,1
11439,2025-07-20 15:45:16,Better Offer,0
22838,2022-01-14 04:30:06,Better Offer,0
33755,2020-09-27 09:23:42,Health,1
24666,2020-07-24 06:37:27,Personal,0
121,2024-08-26 14:47:37,Better Offer,0
22309,2019-08-09 13:12:40,Health,0
10131,2021-09-04 09:01:41,Relocation,0
40279,2020-01-09 23:14:52,Higher Studies,0
33005,2023-11-07 03:30:19,Better Offer,0
15731,2021-05-03 21:43:23,Higher Studies,0
24327,2024-03-27 10:28:04,Better Offer,0
22623,2023-04-05 21:47:06,Personal,0
18089,2019-08-23 23:23:10,Better Offer,0
13861,2022-11-26 19:18:27,Better Offer,1
35040,2020-09-13 17:19:17,Better Offer,0
18530,2019-12-28 06:15:11,Performance,1
27566,2024-02-20 11:22:41,Higher Studies,1
17173,2024-08-25 10:16:39,Performance,0
7647,2025-07-18 10:04:44,Higher Studies,1
19286,2024-10-13 06:58:59,Better Offer,0
34583,2025-10-17 15:40:45,Better Offer,1
1645,2020-04-27 16:01:25,Better Offer,1
18325,2023-06-20 12:05:10,Better Offer,1
2973,2024-07-20 03:34:24,Better Offer,0
40874,2025-03-03 06:01:41,Better Offer,0
11456,2023-08-03 14:43:05,Better Offer,0
36454,2021-07-23 18:53:55,Better Offer,1
36620,2020-10-28 22:42:34,Better Offer,0
41842,2020-11-13 23:08:25,Better Offer,0
27366,2023-05-08 13:22:42,Performance,0
25783,2020-08-06 19:29:48,Health,1
24375,2022-05-14 10:59:21,Better Offer,1
2906,2020-06-08 01:51:52,Better Offer,1
41412,2024-06-10 22:44:22,Better Offer,0
9359,2020-09-10 00:40:23,Performance,0
7643,2023-04-22 20:56:07,Better Offer,1
8363,2023-06-06 08:21:04,Performance,0
18609,2021-07-05 16:24:44,Personal,0
41242,2022-03-14 06:49:13,Health,1
32327,2020-06-02 19:32:41,Health,1
31482,2024-05-24 06:35:00,Better Offer,1
33712,2025-03-06 02:03:47,Higher Studies,0
31114,2021-09-16 12:33:52,Higher Studies,1
18752,2025-03-05 04:34:51,Better Offer,0
9658,2023-03-03 09:17:32,Better Offer,0
1316,2024-07-18 00:12:27,Relocation,0
38007,2023-02-22 16:57:50,Better Offer,0
22863,2024-11-22 13:05:03,Relocation,0
40979,2023-10-05 07:40:35,Better Offer,0
27337,2022-02-25 06:16:21,Health,0
42363,2020-02-16 04:45:07,Higher Studies,1
21900,2023-01-21 07:11:20,Relocation,0
24280,2020-02-22 02:53:58,Relocation,0
15327,2021-03-16 09:28:03,Personal,0
107,2022-02-26 07:16:00,Higher Studies,1
17758,2024-05-09 06:31:51,Performance,1
13948,2019-12-01 03:03:25,Higher Studies,0
11065,2025-04-27 04:08:30,Personal,0
38858,2020-10-21 03:06:44,Better Offer,0
23484,2020-12-10 07:43:15,Higher Studies,0
12665,2019-11-18 19:29:55,Personal,0
40472,2024-09-22 06:11:46,Higher Studies,1
28720,2020-05-25 08:00:03,Relocation,0
28111,2025-10-22 09:44:24,Higher Studies,0
38015,2024-10-28 08:10:24,Performance,0
28997,2021-09-13 01:19:08,Personal,0
9321,2020-04-02 07:48:40,Higher Studies,0
19590,2019-08-02 07:34:36,Better Offer,0
33395,2020-01-01 17:52:34,Better Offer,0
14499,2024-12-29 12:06:52,Better Offer,0
36581,2019-10-18 19:08:36,Personal,0
1746,2020-08-14 09:13:43,Better Offer,0
32686,2025-07-04 08:43:43,Health,0
35516,2020-01-19 17:23:00,Better Offer,1
27286,2023-01-11 09:00:51,Personal,1
21143,2023-02-01 22:24:30,Performance,0
5457,2025-04-14 04:56:26,Performance,0
25766,2021-07-29 05:01:15,Relocation,0
42406,2022-05-12 14:15:57,Better Offer,1
2476,2025-10-13 02:52:11,Performance,0
21361,2020-06-21 09:54:27,Performance,0
41024,2022-03-06 10:07:39,Performance,0
3983,2022-04-21 14:22:34,Better Offer,0
28179,2025-08-06 23:27:13,Relocation,0
33452,2025-01-27 20:24:14,Personal,1
26672,2020-09-04 19:47:44,Personal,0
6896,2022-09-26 00:57:14,Performance,0
42824,2019-08-06 19:33:18,Personal,0
37550,2020-07-22 13:46:10,Better Offer,1
42064,2019-09-27 18:03:49,Better Offer,0
34347,2023-12-08 19:14:40,Relocation,0
21074,2024-09-06 16:04:39,Personal,1
40748,2021-01-25 23:52:36,Relocation,1
22536,2024-05-02 14:45:01,Relocation,1
12775,2022-02-22 10:58:58,Better Offer,0
23093,2022-09-02 09:28:31,Better Offer,0
40860,2021-07-12 23:25:26,Better Offer,0
10382,2023-08-15 07:04:33,Performance,1
20804,2023-02-07 08:28:10,Better Offer,0
27010,2020-02-13 00:27:21,Better Offer,0
21208,2024-09-07 05:49:59,Performance,0
19149,2023-11-03 17:36:24,Better Offer,0
20194,2025-07-04 09:14:31,Relocation,0
33477,2021-08-25 08:56:03,Better Offer,1
35645,2023-03-11 15:16:26,Relocation,0
19573,2021-09-24 11:34:36,Better Offer,1
42500,2019-07-01 21:17:23,Performance,0
28428,2021-09-22 04:00:41,Better Offer,0
17697,2024-07-16 10:24:22,Personal,0
12285,2021-04-20 10:00:15,Performance,0
6203,2023-07-22 00:03:23,Better Offer,0
6906,2020-12-14 10:22:52,Personal,0
36180,2022-04-04 09:22:48,Better Offer,1
41423,2023-05-04 11:23:57,Better Offer,1
3044,2023-02-03 21:09:04,Better Offer,0
19083,2023-04-18 20:24:54,Higher Studies,0
4131,2023-12-06 02:55:31,Higher Studies,1
43129,2022-09-11 09:53:58,Better Offer,1
27705,2019-07-21 10:59:33,Performance,0
11623,2023-12-19 15:43:42,Relocation,1
28480,2023-12-07 23:21:17,Performance,0
6019,2024-11-19 15:54:23,Better Offer,1
33483,2023-03-23 09:22:25,Personal,0
11612,2025-07-12 08:34:43,Performance,1
37859,2023-08-08 21:12:30,Performance,0
886,2022-01-28 21:17:46,Better Offer,0
35304,2022-09-19 05:08:26,Performance,0
10136,2025-04-25 16:32:15,Higher Studies,1
8490,2022-04-21 19:42:08,Health,0
4707,2022-04-05 02:47:06,Performance,0
13955,2021-09-02 03:34:30,Better Offer,1
16421,2024-10-14 20:52:30,Better Offer,1
41004,2020-07-17 21:55:39,Personal,0
16923,2021-08-27 05:31:38,Personal,0
32940,2023-06-30 16:09:16,Better Offer,0
29653,2024-01-17 11:23:44,Relocation,0
5226,2020-01-13 08:34:59,Better Offer,0
36746,2024-12-05 08:28:19,Better Offer,1
14172,2024-03-04 00:05:25,Better Offer,1
5210,2024-01-01 07:58:04,Relocation,0
36575,2021-06-11 22:28:55,Personal,0
31707,2021-07-25 11:00:52,Personal,1
5739,2020-11-26 20:18:25,Relocation,1
33086,2024-04-21 13:29:14,Personal,0
40160,2024-10-01 01:07:45,Better Offer,0
12770,2025-03-04 22:12:49,Better Offer,1
14346,2021-01-19 22:04:50,Better Offer,0
14086,2025-07-07 17:40:22,Better Offer,1
35572,2022-01-12 01:33:51,Better Offer,0
19140,2021-11-15 23:22:59,Relocation,0
42590,2025-08-25 15:22:18,Higher Studies,0
18557,2025-10-24 16:04:14,Better Offer,0
7135,2019-08-18 04:21:36,Better Offer,0
10468,2019-12-23 07:01:16,Better Offer,1
14877,2025-08-09 01:43:42,Higher Studies,0
12593,2020-10-18 08:01:57,Better Offer,0
9421,2020-06-19 15:51:59,Personal,0
36702,2024-06-07 14:47:40,Better Offer,0
6576,2022-05-07 11:14:00,Personal,0
2912,2021-05-14 08:58:43,Personal,1
31714,2023-04-23 17:50:07,Personal,0
42417,2020-11-15 05:32:20,Better Offer,0
14221,2020-03-12 01:56:31,Better Offer,1
33091,2022-05-02 05:46:55,Higher Studies,0
559,2024-03-09 07:41:27,Better Offer,1
23602,2024-03-16 22:27:59,Better Offer,0
18085,2020-01-16 13:57:04,Personal,0
6668,2024-09-04 01:08:53,Better Offer,0
28213,2024-03-30 11:11:09,Health,0
20846,2023-05-19 03:52:32,Better Offer,0
4681,2022-01-09 07:43:03,Personal,0
33049,2020-02-18 12:47:52,Relocation,0
9291,2023-11-22 18:41:46,Better Offer,0
15382,2023-11-21 20:39:03,Performance,1
10414,2020-05-28 10:45:21,Performance,0
14606,2024-08-22 23:40:25,Better Offer,0
30638,2022-08-19 08:10:56,Personal,1
23739,2022-06-27 11:08:18,Relocation,0
36589,2023-05-20 16:46:50,Better Offer,0
18355,2024-07-04 20:57:38,Better Offer,1
27099,2021-08-11 20:53:11,Better Offer,0
12729,2023-05-25 03:55:12,Better Offer,1
2150,2025-03-07 13:34:10,Performance,0
15076,2024-04-14 18:15:29,Personal,1
12291,2019-07-17 23:31:09,Better Offer,0
29690,2020-10-04 20:13:05,Performance,0
23026,2022-07-09 16:42:30,Performance,0
5438,2025-02-16 00:17:12,Relocation,0
37065,2025-05-23 09:06:06,Relocation,0
12096,2020-04-20 23:08:05,Personal,1
28472,2022-05-11 03:40:28,Relocation,0
30025,2020-08-13 12:16:17,Personal,1
32768,2023-05-17 01:58:54,Better Offer,1
11611,2021-12-18 04:40:24,Better Offer,0
34802,2020-09-25 23:54:30,Performance,1
43220,2019-07-13 12:04:10,Personal,1
37910,2021-03-05 00:17:08,Better Offer,0
13577,2022-01-03 03:25:01,Better Offer,1
24227,2022-05-29 06:14:45,Better Offer,0
27891,2024-07-24 03:13:00,Health,0
32282,2023-08-17 07:17:45,Better Offer,0
35626,2022-02-05 14:26:23,Better Offer,0
9440,2020-05-04 22:31:40,Better Offer,0
29324,2022-01-17 07:32:18,Better Offer,0
2469,2020-11-19 07:41:49,Better Offer,0
34335,2020-02-23 18:02:47,Better Offer,0
11112,2022-11-12 04:31:59,Higher Studies,0
15540,2020-07-08 22:18:43,Relocation,0
30494,2025-06-10 01:25:00,Better Offer,0
34703,2021-09-30 14:48:36,Personal,1
94,2025-01-02 19:04:42,Higher Studies,0
24726,2020-04-20 04:59:27,Performance,0
12434,2023-02-20 07:19:51,Higher Studies,1
2038,2023-07-18 20:50:57,Performance,0
36874,2021-05-26 01:21:17,Better Offer,0
23656,2019-12-27 09:16:43,Relocation,0
22860,2024-04-06 15:54:26,Performance,1
27835,2024-06-29 10:17:45,Relocation,1
9790,2023-11-02 03:07:22,Relocation,0
39155,2021-03-26 13:07:51,Relocation,1
30174,2020-06-16 13:41:00,Better Offer,0
5089,2020-10-11 17:58:26,Relocation,0
8945,2025-08-24 10:57:22,Better Offer,0
9382,2023-09-12 16:35:12,Better Offer,1
27553,2025-06-11 01:41:19,Better Offer,0
14488,2020-07-25 12:57:19,Relocation,1
28665,2025-06-20 07:41:05,Higher Studies,1
6722,2021-01-10 03:14:37,Better Offer,0
36256,2023-12-08 14:46:51,Higher Studies,0
17387,2020-02-13 17:17:01,Better Offer,0
29228,2024-05-08 17:37:13,Better Offer,0
33534,2020-11-24 16:07:35,Better Offer,0
32858,2022-07-02 22:06:35,Relocation,0
2205,2023-09-06 08:16:40,Personal,0
12789,2024-03-13 09:21:37,Better Offer,0
24605,2024-11-30 14:51:32,Better Offer,0
24675,2024-07-28 00:05:38,Personal,0
37556,2023-04-25 19:44:06,Personal,0
7167,2023-08-17 13:31:52,Personal,1
421,2024-01-09 10:31:19,Relocation,0
207,2025-02-15 07:14:11,Higher Studies,0
30180,2020-05-21 16:43:11,Performance,1
15314,2022-06-06 20:39:06,Better Offer,1
16015,2024-10-27 00:37:00,Performance,0
21597,2021-12-30 14:26:50,Personal,0
19984,2022-09-11 02:16:26,Personal,0
23069,2024-01-19 04:27:05,Relocation,0
28784,2023-05-08 10:29:53,Better Offer,0
36136,2020-01-29 00:10:03,Better Offer,0
17543,2023-01-15 13:15:52,Health,0
30456,2023-05-05 04:48:27,Relocation,0
27501,2024-06-02 23:40:09,Better Offer,0
10860,2024-05-09 00:09:16,Better Offer,0
12926,2020-11-06 15:20:07,Performance,0
4104,2021-12-29 11:58:28,Better Offer,0
36430,2020-07-14 10:47:15,Better Offer,0
26097,2023-11-09 19:09:53,Better Offer,0
23556,2020-02-04 17:18:51,Personal,1
35461,2021-01-29 10:00:10,Better Offer,0
34626,2024-07-01 16:14:00,Performance,0
20834,2020-11-01 16:22:07,Better Offer,0
9438,2025-07-20 10:04:24,Better Offer,0
14937,2022-02-01 05:18:34,Higher Studies,0
16465,2024-05-07 11:29:59,Higher Studies,0
6572,2022-09-19 06:38:04,Better Offer,0
38117,2022-12-21 13:34:44,Better Offer,0
11172,2024-02-20 13:38:23,Better Offer,1
42342,2023-02-21 09:20:32,Better Offer,1
28212,2022-01-15 00:03:10,Better Offer,0
24543,2023-11-06 23:55:30,Higher Studies,0
18200,2023-02-05 00:45:35,Personal,1
357,2020-06-28 07:20:23,Performance,0
17042,2025-05-19 04:05:05,Better Offer,0
24994,2023-08-12 00:03:45,Better Offer,1
8460,2021-01-10 15:33:37,Better Offer,0
22749,2025-06-10 02:41:13,Better Offer,1
3042,2020-08-28 11:19:30,Personal,0
19620,2020-11-24 10:22:10,Higher Studies,0
24194,2023-09-06 05:16:14,Personal,0
12322,2021-01-08 04:49:40,Performance,0
28733,2019-10-08 19:59:30,Better Offer,0
12954,2025-06-18 02:38:17,Better Offer,1
10782,2025-09-27 11:21:30,Higher Studies,1
39963,2024-11-02 15:58:12,Better Offer,0
10301,2025-04-25 15:54:53,Relocation,0
7345,2021-11-17 14:48:30,Relocation,1
18765,2023-03-05 01:03:36,Better Offer,0
24296,2025-01-11 22:39:05,Performance,1
26518,2020-10-18 03:35:58,Relocation,0
34277,2024-07-24 09:30:05,Performance,0
440,2019-11-17 08:39:03,Personal,0
25460,2025-07-01 09:44:12,Better Offer,1
11789,2020-04-30 04:17:04,Relocation,0
27526,2023-02-10 10:07:18,Better Offer,0
34947,2022-08-15 18:28:59,Personal,0
32532,2023-05-23 12:03:24,Better Offer,0
18537,2022-03-21 02:02:25,Better Offer,0
22891,2024-07-16 12:38:34,Better Offer,1
4276,2019-09-28 06:57:48,Better Offer,0
5317,2019-11-23 08:56:23,Better Offer,1
21005,2023-06-11 18:41:10,Better Offer,0
27006,2020-05-20 08:25:05,Personal,0
36276,2023-11-16 07:00:01,Performance,1
7565,2022-05-06 00:47:47,Higher Studies,0
5935,2023-07-29 01:24:57,Better Offer,0
24187,2021-03-10 11:29:35,Better Offer,0
14391,2019-07-09 10:32:49,Relocation,0
12111,2021-12-23 18:32:58,Higher Studies,0
37624,2024-10-22 15:24:10,Personal,0
2805,2023-05-08 10:56:43,Better Offer,0
34295,2020-04-16 20:22:46,Personal,1
32666,2024-10-14 19:19:56,Better Offer,1
34111,2020-12-11 17:54:33,Personal,0
3576,2022-01-11 03:22:29,Better Offer,1
30885,2021-03-01 13:45:07,Better Offer,0
20,2021-05-06 18:36:17,Better Offer,1
4497,2022-03-31 04:02:19,Health,0
22388,2020-12-10 19:28:36,Higher Studies,0
21443,2025-03-08 23:44:40,Better Offer,1
13557,2023-05-26 20:08:29,Health,0
26180,2020-07-24 03:06:24,Performance,0
37675,2022-01-22 05:03:49,Better Offer,1
33480,2019-08-01 13:06:42,Personal,0
41822,2021-05-02 01:16:07,Better Offer,0
43176,2022-04-28 11:04:00,Health,0
9776,2025-01-11 04:03:55,Better Offer,0
9194,2019-09-10 15:52:25,Higher Studies,0
8138,2020-11-04 22:04:49,Higher Studies,0
32406,2023-07-19 01:35:47,Better Offer,1
39298,2020-05-06 21:26:14,Better Offer,1
26902,2025-05-25 23:23:48,Relocation,0
37894,2021-04-27 13:45:31,Relocation,0
26149,2024-02-23 16:28:16,Relocation,0
12106,2019-08-15 16:25:36,Better Offer,0
11592,2022-09-13 02:55:24,Relocation,1
32654,2024-10-31 23:51:29,Better Offer,0
12091,2021-08-14 08:05:44,Better Offer,0
14842,2023-11-26 11:23:46,Personal,0
6364,2025-05-08 15:11:55,Better Offer,0
18685,2019-07-08 00:24:00,Better Offer,0
1435,2024-04-25 20:50:13,Better Offer,0
31641,2024-03-01 17:00:42,Higher Studies,0
5475,2024-08-01 15:30:38,Better Offer,0
20755,2020-04-04 10:44:02,Higher Studies,0
11340,2024-10-27 10:46:23,Better Offer,1
9921,2020-10-10 02:12:53,Health,0
19154,2021-04-26 17:08:12,Higher Studies,0
19422,2022-12-07 06:50:12,Better Offer,0
5431,2020-05-09 10:23:27,Better Offer,0
7770,2022-12-12 08:21:00,Better Offer,1
28258,2024-05-11 23:42:39,Better Offer,1
16162,2021-07-17 09:00:00,Better Offer,0
14875,2025-01-25 17:30:33,Better Offer,0
25206,2024-05-04 00:52:13,Performance,1
3419,2025-04-17 00:12:46,Higher Studies,0
28524,2023-06-08 10:41:37,Personal,0
5467,2024-04-22 14:25:45,Health,0
12424,2025-10-13 04:44:49,Relocation,1
19334,2021-03-04 07:54:13,Better Offer,1
21666,2023-01-23 13:47:47,Personal,0
16533,2021-01-19 03:13:51,Personal,0
20090,2024-06-06 12:30:44,Personal,0
4791,2023-02-09 02:04:36,Personal,0
39942,2025-03-07 19:31:40,Better Offer,0
24186,2025-10-01 04:26:41,Personal,0
647,2022-09-04 05:24:34,Better Offer,1
32095,2023-07-16 00:28:26,Relocation,0
18854,2024-07-06 21:43:51,Better Offer,1
7452,2021-04-16 20:22:13,Performance,1
6705,2022-06-30 03:19:39,Relocation,1
308,2020-06-03 13:28:14,Relocation,1
4776,2024-10-06 07:57:25,Relocation,0
28255,2020-07-29 16:14:00,Better Offer,1
11271,2021-11-28 18:08:54,Higher Studies,0
2010,2021-12-29 07:09:43,Personal,0
28623,2024-08-18 07:07:47,Relocation,0
22693,2024-10-06 08:12:03,Better Offer,0
19969,2020-08-30 04:35:51,Personal,1
27385,2020-06-14 17:19:05,Health,0
24886,2024-07-30 13:39:57,Personal,0
21669,2022-02-02 16:29:12,Health,0
27126,2023-11-22 08:35:03,Better Offer,0
12816,2023-08-01 18:50:13,Higher Studies,0
33011,2025-05-08 09:54:49,Better Offer,0
37632,2022-07-16 14:53:34,Higher Studies,0
36437,2022-09-22 17:22:46,Relocation,0
30880,2021-09-17 22:18:06,Performance,0
36358,2021-10-02 19:43:04,Personal,0
8897,2025-08-30 19:05:42,Higher Studies,0
3000,2025-08-24 10:27:26,Health,0
28872,2021-04-15 18:26:28,Relocation,0
30280,2025-05-17 08:08:31,Relocation,0
15394,2019-10-10 21:03:42,Relocation,0
30486,2019-07-09 04:25:01,Personal,1
8435,2024-02-03 17:40:24,Performance,0
1138,2022-01-07 11:50:58,Higher Studies,0
9267,2020-08-27 00:26:44,Better Offer,0
3592,2024-12-28 23:12:21,Personal,1
20524,2019-11-03 18:24:19,Performance,0
6516,2021-07-25 12:13:55,Relocation,0
36172,2023-07-25 18:49:10,Personal,0
1901,2021-10-01 08:08:22,Health,0
30156,2022-05-19 09:43:49,Better Offer,1
23375,2024-03-18 20:23:43,Better Offer,0
38560,2023-04-22 16:13:01,Better Offer,0
30360,2023-08-16 19:04:17,Better Offer,0
95,2021-01-14 07:46:37,Better Offer,0
30718,2020-08-11 02:15:00,Better Offer,0
809,2025-10-12 17:57:48,Better Offer,0
20107,2022-04-27 23:34:54,Performance,0
37871,2023-10-24 00:55:09,Higher Studies,0
32358,2019-07-12 12:12:44,Better Offer,0
31837,2020-07-15 16:53:22,Performance,0
38988,2023-12-18 16:57:03,Higher Studies,0
28881,2021-11-24 14:24:59,Performance,1
41894,2025-07-30 16:19:40,Better Offer,0
27577,2022-12-17 20:18:41,Better Offer,0
21773,2024-09-25 10:14:44,Better Offer,1
25469,2020-01-24 11:34:05,Higher Studies,1
18574,2019-10-26 20:04:20,Better Offer,0
35765,2025-04-26 18:21:58,Better Offer,1
17998,2021-03-10 13:18:53,Performance,0
41808,2021-12-05 05:15:27,Better Offer,1
36397,2025-05-29 00:53:22,Higher Studies,0
32907,2025-05-13 08:57:50,Health,0
41276,2022-10-30 16:40:21,Better Offer,0
7769,2023-11-21 19:15:48,Performance,1
30852,2023-03-05 18:30:22,Higher Studies,0
28145,2025-05-31 11:18:07,Personal,0
17706,2021-04-21 16:16:12,Better Offer,0
8050,2023-06-28 08:25:26,Personal,1
31740,2020-08-02 19:16:21,Better Offer,0
18771,2019-12-06 09:18:02,Relocation,0
10106,2024-05-02 15:29:09,Relocation,1
39071,2023-11-04 20:35:33,Better Offer,0
20944,2021-07-10 07:55:28,Performance,0
6574,2024-07-20 04:21:28,Better Offer,1
2513,2025-02-03 05:45:10,Better Offer,1
34930,2020-11-18 04:50:37,Personal,1
10909,2025-02-26 16:17:09,Better Offer,0
24080,2021-03-24 09:37:23,Better Offer,0
18921,2023-06-27 19:43:51,Relocation,0
25141,2019-10-12 07:49:06,Better Offer,0
4145,2020-12-30 23:06:46,Personal,0
21610,2020-10-15 13:52:54,Relocation,0
25283,2024-09-21 18:47:33,Higher Studies,1
14078,2020-01-22 14:34:11,Performance,0
12887,2022-03-28 00:16:11,Better Offer,1
10598,2024-05-31 21:29:11,Better Offer,0
11173,2023-12-03 07:00:16,Better Offer,0
20957,2020-11-14 19:35:23,Higher Studies,0
13091,2024-02-29 13:03:32,Relocation,0
21433,2020-07-03 14:41:18,Performance,0
36948,2022-03-30 21:23:57,Higher Studies,1
6441,2022-04-09 05:45:37,Higher Studies,0
16125,2022-07-17 12:59:13,Better Offer,0
3947,2023-01-16 11:04:40,Relocation,0
13842,2021-06-16 17:04:35,Performance,0
37258,2023-11-19 08:24:02,Performance,1
18453,2021-01-17 01:39:03,Personal,0
32384,2019-12-13 08:17:47,Personal,0
33892,2024-07-19 17:07:09,Performance,1
31343,2022-10-17 10:39:15,Better Offer,1
26742,2024-10-28 07:04:35,Better Offer,0
27295,2023-11-10 00:58:27,Better Offer,0
41049,2020-06-02 10:46:23,Better Offer,0
6228,2022-01-31 23:47:41,Health,0
40851,2019-12-20 10:38:03,Personal,0
40128,2025-01-15 21:13:04,Better Offer,0
23075,2023-12-31 19:13:00,Better Offer,0
33964,2024-08-10 07:50:00,Better Offer,0
38112,2023-08-19 06:58:42,Personal,0
2106,2024-03-25 12:11:13,Performance,1
32687,2021-09-17 19:27:17,Health,0
34770,2020-04-19 04:52:34,Better Offer,1
24390,2021-12-13 13:05:44,Better Offer,0
11332,2020-01-28 13:59:27,Higher Studies,0
36835,2023-09-01 20:13:32,Better Offer,0
37430,2024-05-29 08:50:30,Better Offer,1
44,2022-08-02 10:32:04,Better Offer,0
15001,2021-12-03 07:31:44,Personal,1
22302,2022-11-06 15:37:47,Better Offer,0
26145,2025-05-24 04:28:26,Better Offer,0
4225,2024-03-23 17:00:39,Personal,0
5238,2023-03-16 05:02:03,Performance,0
18186,2023-08-08 07:41:30,Performance,0
42148,2023-02-10 04:23:52,Better Offer,0
2319,2021-04-10 09:36:42,Better Offer,0
28591,2024-07-11 22:27:00,Better Offer,0
35996,2025-05-06 15:17:42,Better Offer,0
40387,2022-07-30 10:49:03,Performance,0
25281,2020-06-10 09:39:45,Better Offer,0
30832,2024-08-30 02:38:16,Personal,1
28867,2023-01-20 05:51:33,Performance,0
36607,2023-11-09 11:13:19,Better Offer,1
7261,2022-04-11 03:17:28,Performance,1
32667,2024-08-04 14:13:28,Performance,0
29196,2022-09-26 06:09:51,Personal,0
21952,2024-01-24 14:03:34,Personal,0
19312,2020-09-26 22:16:01,Performance,0
16419,2023-04-28 12:04:18,Better Offer,0
15805,2019-09-23 01:07:30,Higher Studies,0
12544,2024-04-02 23:21:15,Performance,0
23433,2023-08-30 15:39:15,Better Offer,0
4440,2022-11-10 08:40:41,Better Offer,0
42354,2023-09-12 00:43:33,Health,0
34568,2020-09-25 13:46:36,Performance,0
18866,2020-12-04 22:45:07,Better Offer,0
31949,2020-04-02 10:37:47,Performance,1
34514,2020-10-15 22:00:00,Better Offer,0
39788,2022-09-13 13:34:02,Better Offer,0
32030,2025-02-16 16:26:33,Personal,0
6428,2025-01-04 05:08:17,Better Offer,0
5382,2021-02-13 04:38:43,Better Offer,1
46,2020-11-24 07:40:05,Personal,0
5919,2022-04-06 08:15:35,Performance,0
40302,2020-04-30 20:59:30,Better Offer,1
12837,2023-03-12 21:01:31,Better Offer,1
13902,2020-08-05 20:41:14,Relocation,0
14135,2022-11-12 10:55:20,Personal,0
22477,2024-03-19 20:36:05,Better Offer,0
12720,2023-09-25 00:38:29,Relocation,1
43136,2021-08-12 00:04:09,Better Offer,0
21697,2021-01-21 08:45:53,Better Offer,1
42350,2022-02-17 07:37:11,Personal,1
3070,2022-11-22 02:03:18,Relocation,0
6333,2022-01-16 01:19:11,Better Offer,0
6130,2025-05-08 05:35:25,Personal,0
13714,2023-10-03 09:09:26,Better Offer,0
16893,2023-11-13 06:14:51,Higher Studies,1
39536,2022-10-15 07:39:23,Performance,0
5962,2023-11-02 13:10:47,Performance,1
36307,2024-08-18 16:18:59,Personal,0
8925,2019-11-05 12:07:10,Health,1
37517,2025-07-08 20:40:11,Relocation,1
28910,2024-02-14 07:05:06,Higher Studies,0
18903,2019-12-21 18:41:30,Better Offer,0
28561,2023-11-01 01:01:37,Health,1
12746,2022-12-13 10:17:41,Performance,0
8954,2022-06-11 01:02:48,Better Offer,1
16889,2020-09-27 02:39:37,Health,0
31004,2025-02-11 11:56:15,Better Offer,1
33958,2024-09-17 02:22:47,Better Offer,0
5247,2021-07-09 01:16:49,Performance,1
22369,2024-10-12 16:13:15,Better Offer,0
9770,2020-08-26 02:52:22,Better Offer,1
20767,2022-04-10 12:40:04,Better Offer,0
14945,2024-04-17 09:42:11,Better Offer,1
3524,2021-06-20 02:38:27,Better Offer,0
19354,2023-12-04 03:32:51,Better Offer,0
26354,2022-09-01 21:00:08,Relocation,1
30191,2025-08-30 01:37:38,Performance,0
10591,2020-12-10 19:11:27,Better Offer,0
20800,2021-03-06 11:34:20,Better Offer,0
4271,2021-09-01 13:32:39,Better Offer,1
27760,2023-12-15 11:58:18,Health,1
42930,2021-04-20 19:31:09,Better Offer,0
454,2023-02-08 12:48:47,Better Offer,0
11814,2022-03-13 05:34:19,Higher Studies,0
29204,2020-07-14 08:04:08,Better Offer,1
11696,2024-06-17 14:32:23,Better Offer,0
31277,2024-07-11 03:48:08,Performance,0
21140,2019-07-09 17:37:25,Better Offer,0
40625,2020-11-03 14:41:31,Relocation,0
6377,2024-11-05 10:26:01,Relocation,1
28635,2019-07-26 19:13:06,Health,1
33620,2023-01-22 12:04:27,Relocation,0
9445,2020-07-24 02:02:25,Relocation,0
30185,2020-10-25 00:17:50,Better Offer,0
12851,2020-08-28 23:39:34,Better Offer,0
23377,2021-08-30 22:58:23,Higher Studies,0
23969,2021-05-12 07:43:28,Better Offer,0
2773,2019-11-18 19:45:06,Better Offer,1
19508,2023-04-02 22:41:19,Personal,0
37407,2024-10-27 02:22:18,Relocation,0
40573,2020-09-26 14:52:22,Better Offer,0
27972,2024-07-19 05:01:46,Personal,0
28047,2023-10-07 03:05:59,Better Offer,0
40228,2025-01-16 23:05:48,Health,0
5185,2022-04-12 15:51:39,Performance,0
35379,2025-05-02 18:58:50,Higher Studies,0
35630,2025-05-21 08:36:19,Better Offer,0
19753,2025-02-14 00:44:24,Personal,0
4729,2022-08-28 07:13:07,Better Offer,0
15174,2024-07-17 02:32:54,Performance,1
42659,2021-09-08 21:36:53,Relocation,0
24966,2025-09-15 10:20:55,Better Offer,1
28900,2023-01-23 22:09:39,Better Offer,0
37886,2025-10-27 19:33:40,Better Offer,0
30699,2023-05-04 13:04:34,Relocation,0
8499,2024-11-18 15:56:49,Better Offer,1
42071,2019-09-06 00:25:55,Better Offer,1
2917,2025-02-07 15:41:29,Personal,1
34825,2022-05-27 22:21:01,Better Offer,0
27754,2024-11-24 17:58:37,Health,0
14738,2019-08-26 10:57:47,Health,0
32732,2022-09-29 05:43:50,Relocation,0
12467,2019-09-08 03:05:21,Performance,0
17740,2025-06-29 05:24:54,Performance,0
36942,2023-04-28 15:48:21,Better Offer,0
27600,2025-06-23 01:22:33,Better Offer,0
42565,2019-08-03 01:05:54,Performance,1
42730,2021-02-18 18:44:11,Better Offer,0
10906,2019-08-22 09:13:24,Relocation,1
29769,2023-05-05 04:12:03,Higher Studies,1
29095,2020-04-04 16:49:39,Performance,0
37901,2023-01-12 11:08:44,Better Offer,1
39602,2019-10-19 01:07:26,Relocation,1
41867,2023-08-10 21:54:06,Better Offer,0
12864,2025-04-20 08:13:12,Health,0
7312,2022-09-17 06:43:39,Better Offer,0
28549,2019-08-25 10:44:59,Better Offer,0
118,2023-05-08 17:36:26,Better Offer,0
18850,2023-10-28 12:06:58,Personal,0
13763,2022-07-04 08:09:39,Performance,0
37426,2023-02-24 00:04:33,Personal,1
15066,2023-12-30 10:53:58,Better Offer,0
29598,2020-11-14 03:52:58,Better Offer,1
33768,2022-02-28 16:02:54,Higher Studies,1
12959,2022-05-01 16:05:37,Relocation,0
40653,2025-03-17 08:44:49,Better Offer,0
6570,2021-11-19 17:41:59,Personal,0
42969,2023-09-07 08:32:04,Personal,0
25240,2025-07-29 19:56:32,Personal,1
42594,2023-09-27 07:58:11,Higher Studies,0
35653,2020-01-11 15:50:13,Better Offer,0
24128,2024-04-02 05:22:12,Higher Studies,1
25528,2021-09-22 07:24:36,Better Offer,0
25896,2022-05-10 23:20:02,Better Offer,0
12527,2025-06-22 11:13:22,Better Offer,0
43118,2019-11-25 04:20:07,Relocation,0
30483,2020-05-23 21:27:19,Better Offer,0
13579,2024-09-18 13:56:34,Higher Studies,0
3315,2019-08-09 01:40:27,Higher Studies,0
16487,2022-04-28 03:29:07,Better Offer,0
37615,2021-03-24 14:13:52,Better Offer,0
22487,2021-09-05 18:24:42,Better Offer,0
8314,2020-07-30 19:08:50,Health,0
35094,2023-05-01 03:55:32,Better Offer,0
40961,2024-03-12 14:29:48,Better Offer,0
40480,2023-12-04 23:37:06,Better Offer,0
38914,2023-03-29 16:22:36,Health,1
15324,2021-06-22 06:54:50,Performance,0
43085,2019-11-24 00:14:37,Better Offer,1
6937,2023-11-22 02:16:03,Personal,0
43121,2025-08-09 02:17:07,Relocation,1
10074,2024-04-12 08:58:42,Relocation,1
32483,2023-01-28 21:43:52,Better Offer,0
9730,2022-08-25 10:38:13,Relocation,0
15139,2020-04-28 04:49:23,Personal,1
4307,2021-09-02 07:00:44,Better Offer,0
13774,2021-01-21 10:58:00,Better Offer,0
22618,2020-05-21 07:46:33,Performance,0
23041,2021-11-26 19:32:47,Better Offer,1
36674,2024-11-16 00:34:50,Personal,0
38466,2022-05-13 02:28:37,Better Offer,0
29238,2024-03-28 14:05:20,Better Offer,0
38775,2019-09-30 04:05:21,Health,1
30482,2023-10-27 07:37:29,Better Offer,0
20720,2025-04-14 22:59:10,Performance,0
1035,2024-04-27 00:04:23,Performance,0
993,2021-01-28 21:44:46,Better Offer,1
24581,2024-12-06 06:07:09,Better Offer,0
42297,2024-04-28 19:12:25,Better Offer,1
29425,2023-04-17 06:31:22,Better Offer,0
38926,2020-09-01 05:37:50,Health,1
4584,2021-12-18 01:31:22,Performance,1
9419,2024-05-31 13:15:43,Better Offer,0
32641,2019-09-04 18:13:36,Higher Studies,0
20312,2022-06-10 20:25:32,Better Offer,1
41247,2020-11-05 19:26:20,Better Offer,0
34896,2023-03-21 22:39:36,Better Offer,0
26130,2023-05-13 04:06:55,Relocation,0
8297,2024-05-27 09:49:00,Performance,0
21263,2024-11-12 09:37:49,Better Offer,0
13449,2023-03-26 01:34:27,Personal,0
27447,2019-12-05 21:18:46,Relocation,0
6838,2019-09-08 00:53:52,Better Offer,0
34123,2023-08-05 13:23:23,Better Offer,1
27735,2022-08-08 16:08:02,Better Offer,0
10141,2025-04-04 11:50:39,Health,0
374,2020-01-20 12:35:41,Relocation,0
3783,2022-11-02 07:13:13,Relocation,0
39843,2024-11-09 22:32:58,Better Offer,1
34863,2025-07-17 17:40:46,Better Offer,0
14301,2023-03-08 01:43:54,Health,0
31789,2023-11-26 13:34:07,Better Offer,0
24346,2020-10-27 00:24:10,Better Offer,0
1700,2025-08-04 00:11:25,Health,0
11943,2021-03-12 22:51:45,Performance,0
27015,2021-02-24 01:15:59,Personal,0
34076,2024-01-04 20:02:56,Better Offer,1
941,2021-09-06 14:26:36,Relocation,0
32284,2019-08-22 14:15:58,Relocation,0
10371,2019-09-14 01:48:14,Relocation,0
34354,2020-06-09 16:59:57,Higher Studies,1
4685,2020-09-28 06:46:07,Performance,0
15945,2023-12-15 13:16:00,Better Offer,0
38255,2020-08-23 05:31:27,Better Offer,1
41264,2023-04-18 16:44:37,Personal,1
2947,2021-04-13 08:07:13,Relocation,1
10977,2024-04-23 06:54:32,Better Offer,0
17452,2023-04-29 08:16:48,Better Offer,1
936,2024-02-26 08:29:26,Better Offer,1
13537,2024-05-15 06:21:30,Better Offer,0
7956,2023-01-04 21:53:57,Higher Studies,1
9999,2021-08-10 12:53:15,Personal,1
22474,2023-10-14 21:59:45,Better Offer,0
13594,2023-12-10 07:10:57,Better Offer,0
33429,2024-05-12 16:49:03,Health,0
23947,2020-07-10 22:31:41,Relocation,0
33237,2024-10-24 00:32:25,Better Offer,0
15337,2021-10-27 22:09:28,Better Offer,0
12574,2024-09-06 18:43:30,Relocation,0
10195,2025-01-01 14:57:38,Health,0
40998,2023-09-24 08:04:51,Higher Studies,0
16280,2023-04-11 13:11:15,Better Offer,0
29997,2024-01-21 02:27:34,Better Offer,1
9690,2020-03-07 02:21:45,Performance,1
40157,2020-09-15 14:27:08,Better Offer,0
11364,2024-08-15 10:03:12,Higher Studies,0
40690,2020-01-07 02:39:02,Health,1
9874,2019-11-25 19:05:04,Relocation,0
15714,2021-10-25 17:23:23,Better Offer,0
26160,2025-10-26 10:48:57,Higher Studies,0
35717,2025-03-08 04:39:20,Better Offer,1
24487,2022-04-28 20:11:26,Relocation,0
31048,2025-03-13 00:42:07,Better Offer,0
23143,2021-08-22 08:10:38,Health,0
18357,2025-09-21 01:52:53,Better Offer,1
42323,2022-03-09 04:56:15,Performance,0
878,2022-08-03 15:09:00,Better Offer,1
16091,2020-06-13 13:22:24,Performance,0
38393,2020-03-30 20:53:13,Higher Studies,1
40562,2024-10-21 15:49:27,Performance,0
38368,2025-02-15 21:51:14,Better Offer,0
28466,2024-03-12 08:37:58,Relocation,0
11673,2022-06-28 17:44:16,Performance,0
35100,2023-12-03 18:38:00,Higher Studies,0
15192,2024-04-28 07:34:23,Relocation,0
27243,2023-10-21 11:56:52,Performance,1
42965,2024-07-13 10:50:29,Better Offer,0
38054,2023-12-28 12:21:38,Health,1
11171,2024-03-12 02:09:00,Personal,1
29557,2021-09-01 17:48:55,Better Offer,0
30855,2024-10-23 08:11:17,Relocation,0
29858,2019-09-17 14:06:59,Performance,0
25153,2023-08-30 15:43:30,Health,1
38103,2022-12-21 00:52:21,Better Offer,1
2201,2020-09-21 05:32:47,Higher Studies,1
10778,2019-12-19 10:39:23,Better Offer,0
42415,2019-11-28 08:29:22,Relocation,0
9032,2024-11-21 05:09:42,Better Offer,0
2840,2023-11-13 06:33:20,Better Offer,0
9398,2025-08-12 02:17:45,Performance,0
37290,2022-07-25 00:53:20,Better Offer,0
765,2023-01-03 16:13:37,Performance,0
20833,2023-01-01 05:52:01,Personal,0
31626,2022-04-10 08:18:37,Better Offer,0
16414,2019-10-21 19:11:02,Better Offer,0
12682,2020-01-26 00:45:33,Relocation,1
27767,2020-07-02 20:10:02,Better Offer,0
12622,2020-11-10 02:47:17,Health,1
18214,2023-05-14 02:45:14,Better Offer,0
22072,2022-12-17 04:45:17,Better Offer,1
29157,2019-12-29 22:08:55,Personal,0
30027,2020-07-11 11:53:58,Better Offer,0
25972,2023-02-17 06:24:01,Personal,1
10185,2019-11-09 21:42:16,Better Offer,0
25213,2020-05-26 14:44:45,Better Offer,0
9773,2019-10-27 14:43:01,Better Offer,1
42199,2023-08-12 12:41:19,Higher Studies,0
22662,2021-08-04 19:34:27,Personal,0
42758,2022-09-07 09:00:19,Health,1
23613,2024-07-11 17:53:21,Better Offer,0
26472,2021-07-18 06:00:10,Better Offer,0
30745,2023-05-07 07:21:24,Performance,0
30085,2021-02-28 00:09:07,Personal,1
9930,2021-01-02 04:46:05,Better Offer,0
3272,2019-08-04 07:04:30,Higher Studies,0
37781,2019-08-30 07:42:22,Performance,0
31155,2021-11-02 11:56:33,Better Offer,0
25739,2022-11-09 00:59:46,Better Offer,0
1319,2020-10-16 07:38:25,Higher Studies,0
1453,2020-03-05 10:35:59,Better Offer,0
9075,2025-10-19 21:16:37,Better Offer,0
16618,2020-08-29 06:35:32,Relocation,1
34357,2024-04-05 10:25:20,Better Offer,0
40127,2024-05-08 17:37:15,Higher Studies,0
4234,2024-08-20 17:46:59,Better Offer,1
39648,2022-06-25 12:21:46,Better Offer,0
10693,2019-11-16 00:25:56,Health,0
41332,2024-12-21 18:46:37,Personal,0
18558,2023-02-28 23:19:14,Personal,0
37738,2021-07-20 01:13:39,Performance,0
13878,2022-01-15 07:29:24,Performance,0
16428,2022-09-24 15:56:43,Better Offer,0
42929,2023-10-28 15:03:04,Personal,0
13669,2022-08-14 18:27:48,Better Offer,0
5500,2025-03-29 23:33:43,Better Offer,0
42777,2025-07-15 13:48:31,Performance,0
19227,2025-04-18 23:36:23,Better Offer,0
12883,2023-07-24 04:25:22,Better Offer,0
17179,2021-03-21 07:43:41,Higher Studies,1
26024,2020-04-26 03:33:54,Relocation,1
31881,2023-03-20 06:37:23,Higher Studies,0
16772,2024-07-15 13:28:45,Relocation,0
25839,2023-01-19 18:12:54,Relocation,0
437,2021-11-12 06:07:57,Performance,0
28046,2023-09-23 09:16:25,Better Offer,0
11602,2021-07-19 11:18:15,Relocation,0
9694,2021-10-15 17:13:42,Relocation,1
1444,2022-02-21 07:52:20,Better Offer,0
10991,2021-05-30 11:00:07,Better Offer,0
22050,2020-09-14 12:03:51,Health,0
33190,2024-01-11 16:03:54,Higher Studies,0
32480,2021-07-16 22:34:01,Relocation,0
38694,2023-08-24 15:20:39,Relocation,1
13641,2019-12-20 21:53:52,Performance,0
32730,2025-01-14 06:18:05,Personal,0
12210,2021-03-09 13:00:14,Health,0
32228,2025-02-21 00:01:44,Relocation,0
11311,2023-11-27 06:46:24,Relocation,0
20688,2022-01-06 12:48:13,Personal,0
18611,2019-07-08 16:50:51,Health,0
41397,2022-02-18 16:45:47,Relocation,0
16876,2025-05-12 11:28:47,Better Offer,0
37796,2023-03-27 10:11:25,Better Offer,0
5147,2024-02-19 20:35:47,Health,0
5893,2023-06-03 12:38:48,Performance,0
22752,2025-01-24 05:51:45,Better Offer,0
33017,2023-10-03 21:03:23,Better Offer,0
31981,2023-04-20 14:06:54,Better Offer,1
32082,2020-03-07 21:51:08,Better Offer,1
9028,2020-12-26 20:12:57,Higher Studies,0
42668,2021-01-28 18:47:20,Higher Studies,0
32932,2023-06-17 09:04:34,Better Offer,0
11480,2023-09-16 10:11:04,Better Offer,0
35557,2025-01-30 17:35:50,Higher Studies,1
11090,2020-11-08 06:40:12,Performance,0
33136,2020-03-22 13:04:44,Personal,1
36595,2022-07-26 10:11:35,Better Offer,0
7189,2021-06-29 23:22:12,Personal,0
11377,2021-09-16 00:47:36,Performance,0
1058,2019-08-28 15:02:18,Relocation,0
5156,2020-04-09 16:28:14,Higher Studies,0
23361,2023-01-24 12:18:25,Personal,0
16887,2021-06-19 05:52:08,Better Offer,1
18788,2019-09-14 15:04:28,Better Offer,0
24932,2024-01-10 21:03:23,Higher Studies,0
5488,2023-04-24 02:20:43,Better Offer,0
3754,2022-01-14 08:10:47,Relocation,1
13203,2021-09-11 22:53:13,Better Offer,0
40725,2023-04-26 16:21:15,Performance,0
38249,2023-12-17 22:14:23,Health,0
7163,2022-02-15 23:08:56,Better Offer,1
29080,2019-09-02 06:02:56,Personal,0
2535,2023-08-15 12:52:27,Better Offer,0
8976,2024-12-31 14:38:02,Higher Studies,1
14706,2025-01-05 01:58:44,Personal,0
2354,2023-06-17 06:38:07,Better Offer,0
16449,2019-11-24 19:10:45,Relocation,0
41810,2022-05-14 12:47:52,Better Offer,1
3830,2023-10-29 15:47:52,Performance,0
33622,2025-07-01 19:26:52,Personal,1
4228,2023-07-12 21:59:39,Better Offer,0
3313,2022-01-29 12:40:40,Relocation,0
30405,2020-07-16 14:40:46,Performance,0
32479,2019-07-23 14:00:02,Higher Studies,1
28805,2022-12-27 11:15:00,Higher Studies,0
7955,2022-03-19 17:36:11,Higher Studies,0
14579,2023-10-15 16:23:07,Performance,0
26462,2022-07-09 20:21:41,Performance,0
21862,2022-01-14 14:36:20,Personal,0
12714,2020-01-08 22:54:11,Higher Studies,0
2709,2025-07-28 21:56:37,Personal,1
2321,2024-12-06 15:12:55,Better Offer,0
14403,2022-04-05 15:33:42,Performance,0
39404,2025-05-13 06:01:42,Performance,1
23807,2020-10-21 23:16:06,Performance,0
29214,2023-04-18 15:29:15,Performance,1
27192,2020-12-11 17:02:35,Relocation,0
6383,2020-09-25 06:43:51,Health,0
35491,2023-01-29 23:04:33,Better Offer,0
7920,2019-10-14 11:59:15,Relocation,0
22119,2020-01-03 20:20:40,Performance,0
31649,2025-01-31 06:22:43,Better Offer,1
3078,2022-12-22 11:14:08,Better Offer,0
41235,2022-05-10 09:48:36,Performance,1
14715,2025-05-13 22:00:20,Better Offer,0
12145,2025-08-05 21:47:00,Relocation,0
1309,2025-02-04 11:35:22,Better Offer,1
37948,2025-03-13 12:44:33,Better Offer,0
8333,2023-06-01 17:05:48,Better Offer,0
9125,2020-11-22 11:23:01,Personal,0
42653,2022-06-26 11:46:16,Performance,1
33496,2022-07-22 18:53:24,Higher Studies,0
22071,2021-04-24 01:28:33,Better Offer,0
12372,2023-09-12 10:07:57,Higher Studies,0
22128,2023-01-04 06:41:18,Personal,0
9088,2022-07-13 22:30:11,Performance,0
20627,2020-07-21 22:00:46,Personal,1
32584,2021-01-28 02:39:35,Performance,0
36625,2025-10-23 17:43:19,Personal,0
27138,2021-06-02 16:06:07,Better Offer,1
27746,2023-11-12 17:41:01,Personal,1
18711,2024-01-11 19:17:44,Performance,0
34771,2021-03-30 23:01:04,Better Offer,0
42760,2024-12-08 03:06:27,Relocation,0
15035,2020-06-16 13:26:30,Higher Studies,0
37572,2019-10-03 00:58:15,Health,0
12117,2023-10-29 06:57:05,Personal,1
42897,2025-07-03 09:21:06,Performance,0
37779,2022-11-21 05:25:41,Relocation,1
12955,2024-10-31 12:17:21,Better Offer,0
31032,2024-09-13 01:54:36,Personal,0
19499,2022-02-11 14:53:27,Higher Studies,1
24722,2019-10-23 16:32:00,Higher Studies,1
32350,2022-08-21 15:58:48,Performance,0
11249,2022-03-11 08:56:39,Better Offer,0
4432,2019-09-04 10:28:46,Better Offer,1
25938,2022-01-22 15:09:16,Better Offer,0
24915,2024-03-06 01:15:40,Better Offer,0
34200,2020-03-04 14:32:20,Health,1
32658,2022-07-20 16:30:21,Better Offer,0
14524,2023-03-23 14:02:07,Relocation,0
15232,2019-11-15 12:13:05,Better Offer,0
19466,2022-05-12 09:10:48,Better Offer,0
19243,2023-02-13 15:58:47,Better Offer,0
18832,2025-06-14 13:39:18,Better Offer,0
41974,2019-12-10 08:21:57,Higher Studies,0
31794,2021-01-10 23:05:44,Performance,0
19761,2022-02-05 09:20:36,Better Offer,0
7325,2021-06-21 20:47:06,Better Offer,0
16387,2019-09-01 13:33:52,Better Offer,0
26296,2024-11-13 15:33:10,Better Offer,1
17478,2025-08-25 01:07:53,Better Offer,1
33917,2025-05-14 01:17:10,Personal,0
13913,2023-02-19 16:50:24,Higher Studies,0
34798,2019-10-01 18:13:20,Personal,0
35810,2020-06-20 16:31:50,Higher Studies,0
9984,2025-06-26 07:31:46,Performance,0
16668,2021-11-15 17:55:41,Better Offer,0
25534,2023-04-03 10:51:42,Higher Studies,0
21751,2022-01-22 13:41:17,Better Offer,1
5169,2023-01-01 14:44:25,Better Offer,0
35716,2021-07-03 19:42:38,Performance,1
39014,2020-12-15 18:47:37,Performance,0
24792,2020-02-24 16:31:15,Better Offer,0
15927,2020-09-06 06:12:41,Health,0
25272,2022-11-04 07:26:04,Performance,0
17482,2022-08-04 07:32:28,Better Offer,0
17201,2023-06-20 11:24:07,Personal,0
27904,2023-10-07 00:32:55,Performance,0
7102,2025-03-04 20:44:50,Better Offer,1
22663,2019-12-24 00:20:12,Relocation,0
26228,2020-05-31 03:18:29,Personal,0
6276,2022-02-26 11:48:28,Better Offer,0
38016,2025-02-21 20:58:25,Better Offer,0
31432,2024-07-20 23:54:24,Better Offer,1
1922,2025-10-14 21:15:15,Better Offer,0
8649,2023-11-21 20:13:07,Better Offer,1
33250,2020-05-17 10:07:33,Personal,0
40174,2020-02-11 15:43:20,Personal,0
13242,2022-03-24 23:11:54,Higher Studies,0
13602,2021-12-01 18:08:54,Relocation,1
41221,2019-10-03 07:04:07,Better Offer,0
29563,2023-05-19 17:04:00,Better Offer,1
13810,2025-04-24 23:14:25,Better Offer,1
14415,2021-04-17 06:00:28,Personal,1
15262,2025-03-15 17:54:48,Personal,0
27427,2025-05-25 07:03:17,Better Offer,1
41401,2023-02-14 04:22:34,Personal,0
9029,2019-11-05 03:22:46,Relocation,0
42995,2023-04-15 17:59:49,Better Offer,0
19156,2021-12-22 03:22:54,Personal,1
21474,2025-07-19 06:10:53,Higher Studies,1
14112,2024-07-09 13:39:37,Relocation,0
8918,2023-05-02 10:53:36,Personal,0
7980,2024-11-01 18:30:03,Personal,0
38354,2022-08-13 17:03:58,Better Offer,0
1910,2024-04-02 04:29:20,Personal,0
27836,2021-02-16 09:47:41,Higher Studies,0
30499,2024-08-08 07:17:10,Health,0
42765,2023-07-05 20:18:06,Better Offer,1
39196,2022-10-07 03:37:17,Better Offer,0
7779,2024-07-27 01:57:26,Personal,0
2975,2022-09-26 06:56:50,Higher Studies,0
16106,2019-08-15 19:14:00,Better Offer,1
31019,2020-08-22 20:07:54,Better Offer,0
14186,2023-10-22 11:43:59,Performance,0
6122,2021-12-28 09:46:33,Higher Studies,0
41482,2025-01-04 04:59:36,Better Offer,0
40520,2022-09-03 16:07:52,Better Offer,0
43196,2023-10-22 03:09:23,Better Offer,0
29083,2021-08-11 23:20:09,Higher Studies,0
20904,2024-09-18 12:59:08,Better Offer,1
28768,2024-04-20 23:08:01,Better Offer,0
26694,2022-02-19 20:25:02,Better Offer,0
8220,2025-03-05 19:22:13,Better Offer,0
15498,2022-06-06 23:42:42,Better Offer,1
36334,2020-06-23 09:54:09,Personal,0
15120,2022-04-27 15:42:25,Relocation,0
32132,2024-07-07 00:59:03,Relocation,1
28894,2022-05-24 10:15:34,Better Offer,0
5183,2020-05-13 11:50:50,Personal,1
35961,2022-12-10 01:22:15,Health,0
24148,2022-09-03 07:41:41,Performance,0
10084,2021-10-10 02:13:08,Better Offer,0
23629,2022-08-16 13:26:37,Better Offer,0
25186,2020-02-07 13:23:26,Performance,0
10253,2023-12-06 12:04:13,Higher Studies,1
40815,2020-12-23 11:21:00,Better Offer,1
28177,2021-08-13 04:49:18,Higher Studies,0
25782,2023-09-04 22:15:07,Better Offer,0
11994,2025-02-20 10:19:50,Performance,0
10876,2025-07-16 18:53:30,Higher Studies,0
24179,2021-12-30 01:50:31,Better Offer,0
29623,2022-07-17 00:06:33,Better Offer,0
790,2022-12-27 09:21:35,Relocation,0
26888,2019-11-09 22:45:07,Performance,1
3134,2024-02-12 10:58:16,Better Offer,0
4472,2025-02-21 23:17:06,Higher Studies,1
4044,2023-01-16 07:10:47,Personal,1
8033,2021-03-14 10:48:40,Better Offer,0
9469,2024-01-18 10:12:42,Better Offer,0
19309,2022-01-19 02:09:02,Better Offer,0
39557,2022-02-03 21:50:14,Relocation,0
36004,2023-06-20 18:21:52,Better Offer,1
42519,2023-09-26 09:27:38,Better Offer,0
3779,2020-06-22 07:28:29,Higher Studies,0
18971,2023-06-17 20:05:58,Relocation,0
21827,2025-08-07 20:29:40,Better Offer,1
22755,2021-08-26 00:02:21,Better Offer,1
33695,2023-12-07 22:24:17,Personal,1
7661,2024-11-14 14:42:12,Better Offer,0
32862,2020-11-19 10:37:20,Relocation,0
13541,2024-01-18 01:39:53,Better Offer,0
25830,2023-10-30 22:18:53,Better Offer,0
6946,2023-08-10 04:20:03,Personal,1
3864,2025-08-14 22:31:11,Higher Studies,0
33987,2022-07-25 11:57:40,Performance,0
5110,2025-04-15 23:13:55,Personal,1
23286,2023-11-13 07:34:45,Performance,0
5355,2020-08-29 08:00:10,Higher Studies,1
35660,2022-07-30 16:45:54,Personal,0
14973,2022-08-22 01:02:39,Better Offer,1
35896,2024-04-08 05:42:51,Personal,0
5031,2023-08-20 10:06:26,Better Offer,0
31229,2024-12-19 13:02:06,Better Offer,1
9027,2020-10-16 10:57:53,Relocation,0
13319,2023-01-27 03:09:10,Better Offer,0
35840,2023-02-10 09:10:19,Performance,0
38598,2023-01-19 18:07:37,Better Offer,0
3119,2025-08-18 21:41:14,Health,0
30791,2025-03-15 12:46:15,Performance,0
29798,2022-10-31 23:59:59,Better Offer,1
9403,2023-08-11 14:30:20,Personal,0
30263,2024-07-04 05:01:51,Better Offer,0
22781,2023-02-19 09:04:47,Better Offer,1
27732,2019-09-30 23:01:34,Higher Studies,1
34917,2023-01-10 02:05:27,Higher Studies,1
29045,2024-02-26 02:07:02,Relocation,0
4260,2023-01-28 09:12:47,Performance,0
6259,2025-09-06 03:01:07,Performance,0
42746,2021-10-03 00:01:23,Better Offer,0
5719,2022-11-20 15:29:56,Relocation,0
14116,2022-07-10 11:28:09,Better Offer,0
35446,2021-02-27 10:39:14,Higher Studies,0
22001,2020-04-05 08:03:12,Personal,0
25010,2023-12-12 20:46:18,Better Offer,0
39226,2019-10-21 19:05:34,Better Offer,0
29948,2021-06-21 06:33:20,Performance,0
32766,2023-03-14 00:54:58,Personal,0
11606,2021-09-15 22:15:11,Better Offer,1
36484,2023-07-22 04:05:38,Better Offer,0
13268,2021-08-01 18:46:06,Better Offer,0
14220,2024-05-26 02:40:47,Relocation,0
38290,2023-04-14 06:31:13,Health,0
26930,2021-02-09 19:53:38,Better Offer,0
14906,2022-04-06 03:40:48,Personal,0
26970,2024-07-19 04:55:11,Better Offer,0
15584,2024-01-04 09:53:15,Better Offer,0
27750,2021-09-29 12:28:17,Relocation,1
9914,2021-09-12 01:03:17,Higher Studies,0
12447,2023-04-02 03:14:02,Relocation,0
35979,2020-02-11 19:05:51,Better Offer,0
41034,2024-10-04 19:43:41,Better Offer,0
20707,2020-03-14 23:41:29,Better Offer,1
27361,2024-06-24 18:43:30,Better Offer,0
39517,2023-02-16 13:41:07,Better Offer,1
25504,2025-03-14 23:58:27,Better Offer,0
24047,2019-12-14 18:32:18,Performance,1
11576,2022-09-01 04:36:35,Better Offer,0
4570,2021-06-14 18:44:58,Performance,0
39198,2024-07-20 02:56:06,Better Offer,0
14446,2023-06-30 15:26:53,Better Offer,0
33564,2022-04-28 10:30:22,Health,1
24657,2024-10-09 17:28:02,Better Offer,0
10362,2022-08-25 18:47:15,Better Offer,0
37400,2022-06-15 21:23:03,Higher Studies,0
33673,2024-01-28 04:00:25,Relocation,0
18003,2020-04-11 10:09:39,Higher Studies,0
2841,2024-08-10 22:16:50,Better Offer,0
11431,2024-10-26 11:23:45,Personal,0
12159,2021-04-10 16:39:44,Performance,0
28049,2024-02-02 02:03:39,Higher Studies,1
30649,2019-10-01 20:00:44,Personal,0
214,2023-01-12 01:05:09,Performance,1
27071,2024-09-22 12:46:21,Better Offer,1
8157,2023-03-03 08:40:57,Relocation,1
14533,2024-06-12 19:22:59,Performance,0
38862,2021-07-18 11:39:32,Better Offer,1
31647,2022-10-06 11:52:23,Better Offer,0
38352,2023-02-01 19:59:20,Relocation,0
32535,2024-02-07 17:43:37,Better Offer,1
11038,2023-02-16 08:12:13,Better Offer,1
5863,2025-04-24 08:08:03,Better Offer,1
1073,2025-10-18 21:56:14,Performance,0
35395,2021-04-09 09:57:05,Better Offer,0
22355,2020-05-22 16:48:55,Better Offer,0
38955,2021-05-09 22:35:34,Better Offer,0
125,2025-10-27 04:52:57,Better Offer,1
17921,2022-07-16 21:35:06,Personal,0
10885,2023-07-08 13:45:34,Higher Studies,0
34491,2020-02-02 10:47:46,Better Offer,0
13925,2021-11-12 09:14:39,Better Offer,0
12411,2024-05-16 11:46:31,Better Offer,0
17204,2025-05-13 13:15:11,Better Offer,0
35797,2020-03-04 11:44:02,Better Offer,0
6612,2019-07-01 09:50:05,Better Offer,0
19769,2023-04-08 00:59:36,Better Offer,0
39723,2021-11-24 22:44:18,Relocation,0
18831,2023-11-30 17:06:39,Relocation,1
824,2024-10-20 13:57:14,Health,0
4961,2025-10-19 01:38:51,Better Offer,1
16368,2020-05-25 14:46:17,Better Offer,1
25299,2024-12-14 09:35:32,Performance,0
29099,2025-01-04 17:58:23,Better Offer,0
15188,2019-09-19 06:17:53,Better Offer,1
11303,2023-03-22 21:13:37,Better Offer,0
26978,2020-08-26 11:54:34,Performance,1
42137,2021-12-20 12:29:25,Better Offer,0
29929,2019-11-11 22:38:06,Better Offer,0
20697,2025-05-28 10:15:49,Better Offer,0
32342,2023-10-06 10:52:30,Health,0
36267,2022-05-19 20:12:09,Higher Studies,0
11775,2025-04-15 22:22:16,Performance,1
40838,2022-05-15 19:58:46,Performance,0
29181,2021-03-03 12:58:04,Performance,0
42303,2020-11-17 03:20:42,Better Offer,0
22451,2020-08-25 22:09:41,Performance,0
17342,2023-10-08 00:57:34,Relocation,0
33293,2023-08-20 22:43:25,Health,0
35292,2024-09-16 00:55:42,Better Offer,0
458,2024-07-18 15:17:25,Relocation,0
28291,2025-03-28 15:03:13,Better Offer,0
30686,2024-04-06 18:20:58,Performance,0
22181,2021-11-18 02:44:13,Better Offer,1
29852,2024-03-04 15:27:51,Performance,0
33338,2025-03-27 23:40:19,Better Offer,1
376,2022-12-08 13:08:41,Higher Studies,0
20888,2021-07-09 19:07:28,Performance,0
29119,2025-03-01 06:56:01,Health,1
21151,2020-02-29 14:24:13,Personal,0
2224,2023-03-25 00:32:34,Higher Studies,0
3826,2020-06-07 20:32:57,Personal,0
12044,2022-09-30 09:57:58,Better Offer,1
40321,2020-04-03 05:11:37,Better Offer,0
24003,2024-03-18 12:56:27,Performance,0
30871,2023-08-31 08:43:37,Performance,0
27329,2025-06-22 23:39:40,Higher Studies,0
6140,2022-10-08 02:16:40,Health,0
37401,2023-04-18 09:49:06,Better Offer,1
37479,2025-06-17 20:04:20,Better Offer,0
8683,2022-04-23 05:28:08,Personal,0
9685,2022-12-01 10:29:31,Higher Studies,1
17080,2024-11-30 07:38:22,Performance,0
433,2021-03-07 03:17:18,Personal,0
23151,2021-04-10 22:00:44,Higher Studies,0
26176,2025-02-24 10:11:49,Performance,1
8887,2021-11-21 00:37:37,Relocation,0
6062,2022-06-27 06:45:14,Better Offer,1
15973,2025-07-16 22:38:56,Personal,0
171,2023-05-31 14:11:10,Higher Studies,0
16433,2025-02-14 12:16:40,Better Offer,1
34351,2025-02-07 01:17:13,Personal,0
21040,2021-11-05 03:34:24,Health,0
6905,2022-10-23 16:49:22,Performance,1
16247,2024-08-01 01:38:05,Performance,1
23212,2023-10-25 10:34:59,Better Offer,0
3724,2022-04-02 21:53:12,Better Offer,0
20290,2020-01-02 21:55:22,Better Offer,0
42567,2024-10-06 17:25:14,Performance,1
8327,2024-11-13 16:04:02,Relocation,1
4083,2025-07-09 00:14:16,Better Offer,0
9564,2021-01-10 01:25:48,Relocation,0
11168,2023-09-04 06:32:58,Personal,0
6102,2023-06-12 01:50:09,Performance,0
26110,2019-08-10 07:02:42,Better Offer,0
24566,2025-04-18 09:39:40,Relocation,0
17145,2021-07-29 00:15:00,Better Offer,0
24523,2019-11-16 23:52:01,Personal,0
27680,2021-10-18 08:58:52,Better Offer,0
36298,2022-02-18 05:00:30,Relocation,1
28375,2024-04-18 12:06:19,Better Offer,0
1598,2023-11-21 17:42:32,Better Offer,0
4325,2020-06-01 04:01:58,Performance,1
24995,2020-10-01 08:31:14,Better Offer,0
17098,2020-12-18 03:25:56,Personal,0
25754,2021-08-22 20:43:37,Relocation,0
30411,2025-06-29 06:07:18,Performance,0
21696,2021-07-08 07:51:43,Better Offer,1
27280,2025-06-02 03:40:17,Higher Studies,1
31275,2019-09-20 04:47:10,Performance,0
30740,2025-02-08 16:19:55,Better Offer,0
13683,2024-07-29 00:31:02,Personal,0
23708,2021-10-01 19:20:17,Better Offer,1
41063,2022-04-12 12:20:46,Better Offer,0
22667,2025-02-01 22:02:31,Better Offer,1
3535,2024-02-26 01:17:55,Better Offer,0
43078,2021-03-22 20:05:39,Better Offer,0
4365,2020-03-28 21:50:00,Personal,0
23900,2025-01-24 15:37:34,Better Offer,0
7553,2019-11-15 09:49:53,Higher Studies,0
8981,2021-11-16 01:03:50,Performance,1
30879,2025-02-06 07:11:45,Relocation,0
2876,2024-01-31 21:11:23,Health,0
17766,2021-01-17 22:35:28,Better Offer,1
35849,2021-12-09 02:54:22,Personal,0
30199,2021-04-08 07:29:12,Health,0
9370,2020-05-17 23:33:52,Higher Studies,0
21160,2025-06-27 10:50:55,Better Offer,1
28506,2020-02-16 15:09:14,Better Offer,0
42136,2024-10-07 02:35:13,Better Offer,0
24848,2023-10-14 07:55:16,Personal,0
37900,2024-05-31 22:28:02,Performance,0
17775,2022-05-02 01:44:14,Better Offer,0
33456,2024-12-22 13:48:05,Better Offer,1
26923,2023-01-17 06:12:25,Performance,0
3877,2023-12-12 13:45:13,Relocation,1
4134,2023-12-28 21:59:32,Performance,0
35293,2025-03-11 15:19:18,Better Offer,0
5171,2024-05-15 12:00:58,Performance,0
24266,2019-10-02 21:44:46,Higher Studies,1
37669,2022-10-15 08:19:21,Performance,0
32519,2021-05-28 16:59:37,Better Offer,0
41013,2025-09-11 02:22:04,Higher Studies,0
23907,2020-08-18 08:23:56,Relocation,1
42826,2025-06-07 16:58:27,Better Offer,1
2950,2019-11-12 16:05:42,Relocation,0
37174,2020-06-17 03:32:35,Performance,0
16776,2020-01-17 14:00:34,Better Offer,1
27619,2024-01-29 12:58:24,Better Offer,0
30957,2021-08-29 05:51:26,Performance,1
3731,2025-04-03 19:11:35,Better Offer,0
38299,2021-06-22 07:48:28,Better Offer,0
7765,2022-05-05 11:09:26,Relocation,0
17883,2023-08-02 20:53:29,Better Offer,0
1950,2023-08-28 06:04:20,Higher Studies,1
15937,2023-10-14 19:41:27,Better Offer,0
39774,2024-07-11 21:32:42,Relocation,0
16839,2022-08-03 16:57:09,Personal,0
17281,2021-11-28 13:22:52,Better Offer,0
5053,2020-03-20 08:06:13,Better Offer,0
19054,2020-07-31 03:34:01,Personal,0
1850,2021-05-19 05:35:03,Relocation,0
33389,2025-08-05 07:15:36,Relocation,1
22920,2024-11-02 12:19:10,Performance,0
37039,2023-12-15 07:06:08,Better Offer,1
38301,2019-07-03 23:16:10,Relocation,0
6815,2022-02-07 18:02:04,Higher Studies,0
38388,2022-04-08 06:31:43,Better Offer,1
34698,2023-03-13 02:48:52,Better Offer,0
36613,2021-02-11 03:34:27,Personal,0
16209,2021-11-01 19:42:30,Better Offer,0
1775,2020-11-11 19:02:54,Personal,0
3106,2024-09-18 13:58:42,Better Offer,1
16987,2021-06-05 18:34:29,Better Offer,0
38100,2021-12-19 13:18:25,Higher Studies,1
2291,2023-10-19 16:22:48,Better Offer,0
18126,2020-01-19 15:24:42,Better Offer,0
6758,2022-08-20 10:23:46,Higher Studies,0
1061,2021-01-27 22:06:36,Higher Studies,0
25298,2019-09-12 07:42:57,Relocation,0
18050,2025-10-30 05:11:44,Better Offer,0
22464,2021-02-06 14:11:21,Personal,0
19441,2019-10-14 01:27:53,Higher Studies,1
42078,2021-01-18 13:37:07,Personal,0
38035,2021-06-05 18:36:29,Better Offer,0
42232,2020-06-22 14:06:39,Relocation,1
39120,2024-12-02 18:22:46,Better Offer,0
22017,2024-06-09 18:59:01,Better Offer,0
25778,2023-08-26 19:05:44,Better Offer,0
23122,2022-06-05 13:12:58,Relocation,1
18760,2023-12-05 12:11:04,Better Offer,1
2795,2025-07-30 11:11:34,Better Offer,0
6813,2019-11-27 17:23:52,Relocation,0
16038,2019-11-13 09:46:34,Better Offer,0
21935,2025-05-17 10:50:25,Better Offer,0
27228,2023-03-21 23:25:39,Better Offer,1
17963,2024-02-25 18:42:50,Relocation,1
31230,2020-05-11 04:02:03,Performance,0
26553,2023-01-24 11:29:42,Health,0
19871,2022-09-20 12:51:51,Better Offer,0
33839,2025-02-25 03:19:49,Better Offer,1
3893,2021-09-23 21:13:44,Better Offer,0
17283,2019-10-19 10:18:23,Relocation,0
11196,2025-05-21 13:29:59,Higher Studies,1
30811,2021-09-12 12:54:40,Personal,0
1953,2021-08-22 21:15:17,Better Offer,1
33896,2021-06-10 09:09:36,Performance,1
21070,2022-12-11 14:10:14,Relocation,0
24385,2021-02-20 06:07:59,Better Offer,0
38208,2022-01-10 15:21:09,Personal,0
12475,2020-11-17 12:06:38,Personal,0
2738,2021-04-12 09:00:07,Performance,1
3179,2021-03-20 00:20:05,Relocation,0
14350,2024-05-13 21:16:20,Relocation,0
33287,2024-02-23 14:22:22,Better Offer,0
29595,2020-06-30 05:32:15,Personal,1
1881,2021-06-21 10:18:33,Better Offer,0
10562,2022-06-22 10:08:01,Better Offer,0
17773,2020-08-15 09:03:10,Performance,0
19832,2020-07-22 18:18:30,Health,0
16661,2020-10-02 02:06:11,Better Offer,0
10913,2020-12-01 21:05:51,Relocation,1
19188,2019-08-14 12:56:53,Better Offer,1
29860,2020-06-01 21:42:27,Personal,0
11662,2021-01-02 23:13:47,Relocation,0
5335,2024-11-23 13:53:58,Better Offer,1
36597,2022-02-02 20:56:58,Better Offer,0
8614,2025-05-24 23:20:12,Better Offer,0
29902,2019-07-25 20:52:16,Relocation,0
38411,2025-10-30 09:18:17,Better Offer,0
7389,2021-07-27 21:51:12,Better Offer,0
9716,2025-09-18 08:19:52,Personal,0
18805,2019-09-01 13:01:50,Higher Studies,0
41196,2019-11-24 22:53:33,Performance,0
2815,2023-06-28 19:01:39,Better Offer,0
18180,2025-02-10 01:25:21,Better Offer,0
43148,2025-05-12 21:33:41,Better Offer,1
29682,2020-10-06 13:08:11,Personal,0
3549,2024-04-07 13:01:12,Performance,0
18316,2024-10-08 01:13:46,Performance,0
22568,2023-10-11 00:15:01,Personal,0
29361,2024-05-26 16:22:03,Personal,0
3920,2024-11-14 08:04:23,Relocation,1
3662,2020-06-04 19:18:46,Performance,0
24735,2020-05-19 07:55:28,Better Offer,0
2369,2020-12-23 20:39:53,Relocation,0
7398,2022-03-18 00:39:59,Better Offer,0
30841,2022-11-16 14:05:04,Better Offer,0
31298,2025-05-16 11:36:21,Relocation,0
3355,2021-11-29 05:46:11,Higher Studies,0
19464,2020-01-16 11:52:43,Relocation,0
5528,2024-06-22 22:45:18,Better Offer,1
14628,2024-01-05 21:07:19,Personal,0
40753,2025-05-14 17:45:20,Better Offer,0
808,2021-03-04 02:22:36,Performance,0
11160,2020-07-25 04:00:59,Personal,1
41198,2020-07-29 08:29:05,Higher Studies,0
41982,2021-03-22 08:26:14,Higher Studies,1
6777,2023-06-06 20:02:19,Relocation,1
30851,2025-02-18 02:16:34,Better Offer,1
35247,2024-12-05 06:50:42,Better Offer,0
32882,2022-12-14 21:30:43,Better Offer,0
24714,2020-04-21 08:28:27,Better Offer,0
3964,2021-10-06 22:20:16,Relocation,0
14987,2023-03-22 17:20:20,Higher Studies,0
26200,2022-07-17 18:07:55,Performance,1
18366,2022-09-01 23:18:00,Better Offer,0
16499,2022-07-11 03:14:41,Better Offer,1
17036,2022-02-03 20:23:36,Performance,0
12644,2025-09-22 14:07:47,Personal,0
5274,2025-09-22 05:43:08,Performance,1
40144,2019-10-15 17:07:43,Better Offer,0
30398,2022-07-09 23:30:59,Better Offer,0
36648,2020-06-22 07:54:10,Personal,0
13875,2021-02-04 04:48:06,Better Offer,0
19621,2023-04-20 22:50:19,Health,0
34131,2024-01-07 07:55:09,Better Offer,0
18699,2023-06-06 18:55:16,Better Offer,0
4832,2021-04-15 23:16:44,Higher Studies,0
28974,2023-06-02 05:54:59,Better Offer,0
19626,2022-01-01 11:43:32,Better Offer,0
10981,2022-04-21 17:27:30,Performance,0
8239,2021-01-30 13:29:34,Relocation,0
19912,2022-11-14 00:26:08,Better Offer,0
35696,2024-04-23 20:56:20,Higher Studies,0
2299,2024-06-11 02:34:32,Higher Studies,1
37357,2022-05-12 12:50:52,Health,0
33033,2021-07-07 03:59:39,Higher Studies,1
20844,2021-05-18 00:26:33,Personal,1
38344,2024-08-15 06:50:26,Health,0
42220,2020-07-04 05:13:26,Health,0
5044,2024-03-17 17:49:34,Better Offer,1
18130,2022-09-04 19:03:43,Better Offer,0
37604,2024-03-04 05:23:44,Personal,0
27070,2020-09-03 01:24:25,Performance,0
10052,2023-07-23 07:49:32,Relocation,0
16317,2024-11-23 06:04:24,Better Offer,0
21605,2019-07-10 15:58:31,Personal,1
17579,2025-02-06 22:06:25,Personal,0
26226,2020-05-21 20:06:46,Better Offer,0
26069,2022-03-22 02:11:46,Personal,0
8694,2020-05-05 12:34:56,Better Offer,0
33893,2021-12-02 16:43:01,Higher Studies,0
1785,2022-07-19 23:07:41,Higher Studies,1
10387,2024-04-12 07:09:47,Better Offer,0
21410,2020-06-17 14:40:47,Better Offer,0
31202,2025-04-06 23:48:10,Better Offer,0
24704,2021-02-14 10:03:44,Better Offer,0
756,2022-01-22 22:39:47,Performance,0
11326,2020-03-01 19:11:32,Better Offer,0
22575,2023-06-07 08:08:43,Higher Studies,1
6300,2024-07-27 10:07:00,Better Offer,0
385,2023-01-22 09:19:03,Personal,0
15404,2021-01-05 21:36:09,Higher Studies,0
25735,2021-05-11 22:35:06,Personal,0
5582,2020-01-05 18:15:54,Higher Studies,0
4972,2023-05-06 14:12:47,Better Offer,0
3128,2021-02-01 11:37:07,Better Offer,0
8030,2019-12-07 07:56:31,Better Offer,1
20917,2021-04-01 12:18:59,Higher Studies,1
39090,2023-10-01 14:38:34,Better Offer,0
31050,2024-06-28 00:33:01,Performance,0
11825,2019-12-31 19:00:26,Personal,0
7065,2023-05-14 10:24:41,Better Offer,1
25569,2023-05-10 03:17:32,Relocation,0
7084,2023-10-30 20:51:06,Better Offer,1
2752,2021-11-24 16:21:52,Relocation,0
65,2023-12-25 14:35:41,Higher Studies,0
27384,2024-08-12 06:32:49,Relocation,0
14741,2022-11-02 16:45:49,Better Offer,1
5007,2025-03-16 00:36:14,Performance,0
5839,2019-07-17 22:43:23,Personal,1
5689,2020-09-02 14:59:52,Health,0
33782,2020-09-03 00:24:50,Performance,1
10025,2025-03-03 08:35:21,Better Offer,1
36155,2022-05-06 23:34:42,Better Offer,0
21633,2023-07-28 19:48:43,Better Offer,1
39046,2021-10-16 16:48:55,Better Offer,0
40773,2023-04-13 23:40:36,Personal,0
4676,2025-06-17 06:31:06,Personal,0
29399,2025-04-23 20:11:42,Performance,0
38599,2024-09-18 12:21:02,Better Offer,0
25078,2019-08-06 08:41:21,Health,0
28714,2020-09-25 16:12:41,Better Offer,0
27064,2025-02-26 12:36:18,Relocation,0
41688,2020-12-17 18:56:36,Personal,0
18331,2022-05-22 15:24:34,Performance,0
19319,2021-11-29 15:15:36,Personal,1
42885,2024-11-17 22:08:53,Higher Studies,0
16349,2020-03-17 03:35:14,Relocation,0
13506,2025-01-14 22:13:39,Relocation,0
36630,2025-09-04 09:40:34,Personal,0
19901,2025-10-02 20:24:49,Better Offer,0
18107,2020-03-06 13:12:32,Relocation,0
26841,2021-10-14 07:45:50,Better Offer,1
28193,2022-01-05 09:41:05,Better Offer,1
13688,2019-12-02 22:54:20,Performance,0
7471,2024-05-02 00:54:49,Better Offer,0
33349,2025-10-14 00:14:02,Better Offer,0
548,2022-04-17 04:17:58,Higher Studies,0
13405,2021-09-09 19:19:17,Performance,0
25276,2020-01-27 21:16:37,Higher Studies,0
1823,2023-09-25 16:22:26,Personal,0
4308,2025-02-09 04:15:26,Better Offer,0
201,2023-02-20 14:26:21,Better Offer,0
28862,2022-04-21 00:02:45,Better Offer,0
19277,2024-07-26 21:32:02,Better Offer,0
24713,2023-11-17 02:18:29,Better Offer,1
3433,2020-09-26 18:23:40,Better Offer,0
39493,2022-08-29 22:59:49,Better Offer,0
15170,2022-05-07 03:00:52,Better Offer,0
32676,2021-03-01 12:41:22,Higher Studies,1
27984,2024-11-23 06:05:32,Relocation,0
17597,2020-05-12 02:40:45,Better Offer,1
20585,2023-10-02 01:20:09,Better Offer,0
9167,2019-12-02 11:14:29,Performance,0
25707,2024-09-29 12:59:26,Personal,0
4845,2020-06-09 16:18:47,Performance,0
30419,2022-02-19 18:13:00,Performance,1
34473,2025-04-30 09:55:54,Relocation,1
24724,2023-06-21 02:39:14,Higher Studies,0
15595,2024-04-23 03:19:53,Better Offer,0
16919,2021-02-21 03:28:29,Better Offer,0
30933,2025-02-05 11:12:29,Better Offer,0
20411,2024-01-01 09:49:45,Better Offer,1
31347,2025-09-02 13:39:22,Higher Studies,1
11151,2022-07-23 22:13:55,Higher Studies,0
18055,2019-12-10 00:13:51,Personal,1
8201,2025-02-10 11:16:00,Performance,0
12740,2024-02-14 16:28:56,Performance,0
14690,2022-09-05 21:01:24,Better Offer,0
31991,2023-08-24 09:43:19,Performance,0
29452,2020-05-31 03:04:33,Better Offer,1
6669,2021-12-12 17:48:13,Better Offer,0
30947,2023-12-02 18:59:28,Higher Studies,0
29637,2021-05-17 10:39:22,Performance,0
26673,2020-06-20 03:13:22,Better Offer,0
24059,2019-08-04 06:19:19,Relocation,0
11134,2023-09-28 10:01:41,Better Offer,1
25164,2025-09-12 03:23:59,Higher Studies,0
23617,2025-06-12 12:34:23,Performance,0
30279,2022-03-02 01:36:03,Performance,0
25125,2025-06-24 21:52:24,Better Offer,1
41657,2023-07-26 14:17:51,Better Offer,0
22312,2021-06-06 05:17:06,Health,0
4337,2025-01-10 07:59:20,Better Offer,0
19179,2020-06-02 08:00:32,Relocation,0
16491,2023-03-06 21:25:25,Better Offer,1
26325,2023-10-06 08:34:06,Relocation,1
33501,2020-08-06 23:54:18,Better Offer,1
32551,2025-09-07 10:56:34,Health,0
22771,2024-09-09 18:01:01,Better Offer,0
14889,2025-05-30 04:33:00,Better Offer,1
3250,2019-07-05 05:08:37,Health,1
18540,2023-11-30 00:22:10,Higher Studies,0
3835,2021-08-27 01:56:19,Personal,0
17050,2023-12-15 12:28:59,Better Offer,0
8456,2024-06-03 14:28:47,Higher Studies,0
31547,2024-11-23 21:57:44,Better Offer,1
40305,2020-06-10 21:12:10,Better Offer,0
25561,2024-08-27 06:11:05,Performance,0
35380,2024-04-11 13:32:35,Better Offer,0
40983,2020-04-05 16:52:02,Better Offer,0
25863,2020-09-27 22:56:03,Performance,1
27791,2024-12-30 19:25:49,Better Offer,1
16204,2019-11-03 12:15:55,Relocation,0
23603,2025-02-08 14:23:28,Better Offer,0
18078,2022-10-31 11:28:38,Personal,0
1932,2019-11-12 15:24:12,Better Offer,0
34707,2019-11-09 22:38:52,Personal,1
25616,2022-04-20 22:45:55,Better Offer,1
31997,2020-01-06 19:00:05,Higher Studies,0
6230,2021-09-26 17:38:28,Better Offer,0
30539,2025-02-23 12:28:24,Better Offer,0
3976,2022-01-26 08:21:30,Higher Studies,1
11845,2019-11-24 21:24:51,Better Offer,0
32511,2019-10-06 00:10:07,Better Offer,1
33888,2020-07-15 17:51:06,Better Offer,0
8273,2023-07-04 11:47:54,Performance,1
2831,2019-08-28 00:37:18,Personal,0
37208,2019-08-26 12:28:41,Performance,0
33393,2025-02-23 12:29:36,Personal,0
13778,2023-11-18 03:25:44,Better Offer,1
18607,2022-07-07 03:13:16,Better Offer,0
32157,2021-02-23 23:14:39,Better Offer,0
33715,2025-05-08 20:09:39,Better Offer,0
42654,2020-03-19 01:34:36,Personal,0
3629,2024-12-08 08:00:50,Performance,0
6219,2019-12-14 00:25:25,Performance,0
37869,2025-04-05 06:45:52,Higher Studies,0
23916,2020-07-17 12:28:05,Better Offer,0
26360,2022-08-14 09:50:53,Better Offer,1
21681,2022-08-15 17:25:36,Better Offer,1
35370,2023-08-07 16:45:23,Better Offer,0
23515,2022-06-02 15:26:58,Relocation,1
38439,2020-12-29 11:11:53,Better Offer,0
21958,2023-04-29 04:08:39,Better Offer,0
15361,2020-07-27 11:40:11,Better Offer,0
22954,2022-07-20 02:04:04,Performance,0
22239,2025-01-24 22:12:12,Better Offer,0
31967,2023-10-14 07:01:32,Performance,0
35227,2020-05-20 11:23:02,Better Offer,0
18174,2021-12-10 09:43:22,Personal,1
3749,2023-12-11 12:35:51,Better Offer,0
15280,2019-09-10 20:35:43,Better Offer,1
8249,2022-04-03 10:24:25,Higher Studies,0
22910,2022-11-23 11:50:31,Better Offer,0
41101,2021-08-03 16:44:20,Better Offer,1
34308,2024-02-05 07:51:44,Better Offer,0
38695,2020-08-17 02:18:49,Better Offer,0
19680,2021-07-04 19:15:12,Better Offer,1
5950,2021-12-19 14:30:01,Better Offer,0
13940,2020-03-10 23:00:01,Performance,0
391,2021-09-02 08:12:06,Better Offer,1
35889,2019-09-30 20:06:29,Better Offer,0
6870,2019-12-06 11:44:43,Higher Studies,0
23593,2025-09-08 09:10:36,Higher Studies,1
37985,2024-06-29 01:16:58,Health,0
38319,2025-01-11 04:02:19,Performance,1
34749,2025-06-21 15:34:40,Better Offer,1
8098,2022-10-27 13:28:42,Performance,0
4746,2020-05-14 04:54:52,Higher Studies,0
26150,2024-01-27 10:36:09,Better Offer,0
42418,2023-03-09 17:03:22,Better Offer,0
11203,2023-01-29 12:02:42,Personal,0
37402,2023-12-15 04:27:09,Better Offer,0
36591,2019-10-24 12:09:24,Better Offer,0
32261,2025-05-08 18:20:24,Personal,0
6375,2021-08-08 21:28:07,Health,0
39134,2020-07-28 19:22:49,Better Offer,0
22940,2021-01-31 06:40:44,Better Offer,0
6603,2021-07-01 23:36:30,Better Offer,0
22509,2024-04-09 19:50:05,Higher Studies,1
2461,2025-03-02 00:46:54,Higher Studies,0
42010,2021-03-13 06:54:54,Health,0
11688,2024-03-15 01:48:07,Relocation,1
10177,2021-10-28 08:15:00,Better Offer,1
13534,2023-10-23 11:02:23,Relocation,0
33289,2025-04-01 22:49:14,Better Offer,0
17556,2023-05-09 05:15:53,Better Offer,0
16195,2022-07-27 11:05:56,Better Offer,1
2090,2020-05-25 20:13:42,Performance,1
188,2023-09-15 17:10:40,Personal,0
7198,2023-04-19 19:18:01,Better Offer,1
40098,2021-10-26 11:23:23,Higher Studies,0
37771,2024-07-16 09:41:21,Performance,0
13905,2023-12-15 15:26:29,Better Offer,0
9541,2023-08-11 07:15:24,Better Offer,1
2512,2020-05-03 03:40:08,Relocation,0
28612,2023-06-19 20:45:05,Personal,0
5065,2024-02-14 21:29:01,Better Offer,0
30284,2023-12-06 05:30:44,Relocation,0
20722,2021-04-14 13:10:00,Relocation,0
25016,2020-09-27 21:16:25,Higher Studies,0
24357,2022-06-07 16:53:00,Health,0
38330,2022-05-22 01:13:57,Better Offer,0
